#pragma once
#include <stdint.h>
#ifndef PROGMEM
#define PROGMEM
#endif

const uint8_t FreeSans9pt8bBitmaps[] PROGMEM = {
  0x00, 0xFF, 0xFF, 0xA3, 0xC0, 0xDD, 0x99, 0x09, 0x06, 0x41, 0x11, 0xFF, 
  0x13, 0x04, 0x83, 0x23, 0xFE, 0xFF, 0x89, 0x82, 0x61, 0x90, 0x10, 0x18, 
  0x7E, 0xD3, 0x93, 0x90, 0xD0, 0x7C, 0x1E, 0x13, 0x91, 0x91, 0xD3, 0x7E, 
  0x10, 0x10, 0x38, 0x20, 0x88, 0x41, 0x11, 0x02, 0x22, 0x06, 0xC8, 0x07, 
  0x30, 0x00, 0x46, 0x01, 0x9F, 0x02, 0x62, 0x08, 0x84, 0x11, 0x98, 0x41, 
  0xE0, 0x3E, 0x18, 0x86, 0x20, 0x98, 0x3C, 0x0E, 0x06, 0xCB, 0x1E, 0x87, 
  0xB0, 0xCC, 0x79, 0xF3, 0xEA, 0x12, 0x26, 0x44, 0xCC, 0xCC, 0xC4, 0x46, 
  0x22, 0x10, 0x8C, 0x44, 0x22, 0x22, 0x22, 0x22, 0x24, 0x48, 0x80, 0x21, 
  0x3E, 0xED, 0x00, 0x08, 0x08, 0x08, 0xFF, 0xFF, 0x08, 0x08, 0x08, 0xF0, 
  0xF0, 0xC0, 0x08, 0x44, 0x21, 0x10, 0x84, 0x42, 0x11, 0x08, 0x00, 0x7C, 
  0x46, 0xC2, 0xC3, 0x83, 0x83, 0x83, 0x83, 0xC3, 0xC2, 0x46, 0x7C, 0x13, 
  0xF1, 0x11, 0x11, 0x11, 0x11, 0x7E, 0xC3, 0xC3, 0x83, 0x03, 0x06, 0x1C, 
  0x30, 0x60, 0xC0, 0xFF, 0xFF, 0x7E, 0xC6, 0x83, 0x83, 0x06, 0x1C, 0x06, 
  0x03, 0x83, 0x83, 0xC6, 0x7E, 0x06, 0x03, 0x03, 0x83, 0x41, 0x21, 0x11, 
  0x89, 0x84, 0xFF, 0x81, 0x00, 0x80, 0x40, 0x7E, 0x40, 0x40, 0xC0, 0xFC, 
  0xC6, 0x03, 0x03, 0x03, 0x83, 0xC6, 0x7C, 0x3E, 0x62, 0xC3, 0xC0, 0x9C, 
  0xFE, 0xC3, 0xC3, 0x83, 0xC3, 0x46, 0x7E, 0xFF, 0x03, 0x02, 0x04, 0x0C, 
  0x08, 0x18, 0x10, 0x30, 0x30, 0x20, 0x20, 0x7E, 0xC6, 0xC3, 0xC3, 0x66, 
  0x3C, 0xC6, 0x83, 0x83, 0x83, 0xC3, 0x7E, 0x7C, 0xC6, 0x83, 0x83, 0x83, 
  0xC3, 0x7F, 0x3B, 0x03, 0xC2, 0xC6, 0x7C, 0xF0, 0x03, 0xC0, 0xF0, 0x03, 
  0xD6, 0x03, 0x0E, 0x38, 0xC0, 0xE0, 0x38, 0x0F, 0x01, 0xFF, 0x00, 0x00, 
  0xFF, 0xC0, 0x70, 0x1E, 0x03, 0x07, 0x1C, 0x70, 0x80, 0x3C, 0x66, 0x43, 
  0xC3, 0x03, 0x06, 0x0C, 0x18, 0x18, 0x18, 0x00, 0x18, 0x18, 0x07, 0xE0, 
  0x1C, 0x38, 0x30, 0x0C, 0x60, 0x06, 0x43, 0xD2, 0xC6, 0x73, 0x8C, 0x23, 
  0x88, 0x23, 0x88, 0x62, 0x88, 0x46, 0xCC, 0xEC, 0xC7, 0x78, 0x60, 0x00, 
  0x38, 0x00, 0x1F, 0xE0, 0x01, 0x00, 0x06, 0x00, 0xE0, 0x0F, 0x00, 0xB0, 
  0x19, 0x81, 0x98, 0x11, 0x83, 0x0C, 0x3F, 0xC2, 0x0C, 0x60, 0x66, 0x06, 
  0xC0, 0x60, 0xFF, 0x3F, 0xEC, 0x1B, 0x02, 0xC0, 0xB0, 0x6F, 0xF3, 0x06, 
  0xC0, 0xF0, 0x3C, 0x0F, 0x06, 0xFF, 0x00, 0x1F, 0x07, 0x39, 0x83, 0x60, 
  0x3C, 0x01, 0x80, 0x20, 0x06, 0x00, 0xC0, 0x78, 0x0D, 0x81, 0x38, 0x63, 
  0xF8, 0xFC, 0x3F, 0xC8, 0x1A, 0x02, 0x80, 0xE0, 0x38, 0x0E, 0x03, 0x80, 
  0xE0, 0x28, 0x1A, 0x1C, 0xFE, 0x00, 0xFF, 0x7F, 0xA0, 0x10, 0x08, 0x04, 
  0x03, 0xFD, 0x00, 0x80, 0x40, 0x20, 0x10, 0x0F, 0xF8, 0xFF, 0xFF, 0x80, 
  0x80, 0x80, 0x80, 0xFE, 0x80, 0x80, 0x80, 0x80, 0x80, 0x80, 0x1F, 0x87, 
  0x39, 0x81, 0xE0, 0x3C, 0x01, 0x00, 0x20, 0xFC, 0x1F, 0xC0, 0x38, 0x05, 
  0x81, 0xB8, 0x71, 0xFA, 0xC0, 0x70, 0x1C, 0x07, 0x01, 0xC0, 0x70, 0x1F, 
  0xFF, 0x01, 0xC0, 0x70, 0x1C, 0x07, 0x01, 0xC0, 0x40, 0xFF, 0xF8, 0x03, 
  0x03, 0x03, 0x03, 0x03, 0x03, 0x03, 0x03, 0x03, 0xC3, 0xC2, 0x66, 0x7C, 
  0xC0, 0xD8, 0x33, 0x0C, 0x63, 0x0C, 0xC1, 0xB0, 0x3F, 0x07, 0x30, 0xC2, 
  0x18, 0x63, 0x06, 0x60, 0x6C, 0x0C, 0xC0, 0xC0, 0xC0, 0xC0, 0xC0, 0xC0, 
  0xC0, 0xC0, 0xC0, 0xC0, 0xC0, 0xC0, 0xFF, 0xE0, 0x3E, 0x03, 0xE0, 0x7F, 
  0x05, 0xD0, 0x5D, 0x0D, 0xD8, 0x9C, 0x89, 0xC9, 0x9C, 0xD1, 0xC5, 0x1C, 
  0x71, 0xC6, 0x10, 0xC0, 0x78, 0x1F, 0x07, 0xC1, 0xD8, 0x73, 0x1C, 0xC7, 
  0x19, 0xC2, 0x70, 0xDC, 0x1F, 0x03, 0xC0, 0xC0, 0x1F, 0x83, 0x9C, 0x60, 
  0x6C, 0x02, 0xC0, 0x38, 0x03, 0x80, 0x38, 0x03, 0xC0, 0x3C, 0x03, 0x60, 
  0x67, 0x0C, 0x1F, 0x80, 0xFE, 0x7F, 0xA0, 0x70, 0x38, 0x1C, 0x0F, 0xFD, 
  0xF8, 0x80, 0x40, 0x20, 0x10, 0x08, 0x00, 0x1F, 0x83, 0x9C, 0x60, 0x6C, 
  0x02, 0xC0, 0x38, 0x03, 0x80, 0x38, 0x03, 0xC0, 0x3C, 0x13, 0x61, 0xE7, 
  0x0C, 0x1F, 0xE0, 0x03, 0xFF, 0x3F, 0xE8, 0x1A, 0x02, 0x80, 0xA0, 0x6F, 
  0xF2, 0x0E, 0x81, 0xA0, 0x28, 0x0A, 0x02, 0x80, 0xC0, 0x3E, 0x1C, 0xEC, 
  0x0B, 0x02, 0xC0, 0x1C, 0x03, 0xF0, 0x0E, 0x00, 0xE0, 0x3C, 0x0D, 0x86, 
  0x3F, 0x00, 0xFF, 0xFF, 0xF0, 0x40, 0x10, 0x04, 0x01, 0x00, 0x40, 0x10, 
  0x04, 0x01, 0x00, 0x40, 0x10, 0x04, 0x00, 0xC0, 0x70, 0x1C, 0x07, 0x01, 
  0xC0, 0x70, 0x1C, 0x07, 0x01, 0xC0, 0x70, 0x14, 0x0D, 0x87, 0x3F, 0x80, 
  0x80, 0xF0, 0x3C, 0x0D, 0x02, 0x61, 0x98, 0x62, 0x10, 0xCC, 0x12, 0x06, 
  0x81, 0xE0, 0x30, 0x0C, 0x00, 0xC1, 0x83, 0x61, 0xC3, 0x61, 0xC3, 0x61, 
  0x43, 0x63, 0x42, 0x23, 0x66, 0x32, 0x66, 0x36, 0x26, 0x16, 0x34, 0x14, 
  0x3C, 0x1C, 0x1C, 0x1C, 0x18, 0x0C, 0x18, 0x60, 0x66, 0x18, 0xC3, 0x0C, 
  0xC0, 0xB0, 0x1E, 0x01, 0x80, 0x78, 0x1B, 0x03, 0x30, 0xC3, 0x30, 0x66, 
  0x06, 0xC0, 0x66, 0x06, 0x30, 0xC3, 0x0C, 0x19, 0x80, 0x90, 0x0F, 0x00, 
  0x60, 0x06, 0x00, 0x60, 0x06, 0x00, 0x60, 0x06, 0x00, 0x7F, 0xDF, 0xF0, 
  0x0C, 0x06, 0x03, 0x01, 0x80, 0xC0, 0x30, 0x18, 0x0C, 0x06, 0x01, 0x80, 
  0xFF, 0xC0, 0xFB, 0x6D, 0xB6, 0xDB, 0x6D, 0xB7, 0xE0, 0x84, 0x10, 0x84, 
  0x10, 0x84, 0x20, 0x84, 0x20, 0x80, 0xF3, 0x33, 0x33, 0x33, 0x33, 0x33, 
  0x33, 0x3F, 0xF0, 0x30, 0xE4, 0x92, 0xC6, 0x10, 0xFF, 0xC0, 0x62, 0x10, 
  0x7E, 0xC2, 0xC2, 0x06, 0x7E, 0xC2, 0x82, 0xC6, 0xFB, 0x80, 0x80, 0x80, 
  0x80, 0xBE, 0xC3, 0xC3, 0x81, 0x81, 0x81, 0xC3, 0xE6, 0xBE, 0x7D, 0x8E, 
  0x0C, 0x08, 0x10, 0x20, 0xE3, 0x7C, 0x01, 0x80, 0xC0, 0x60, 0x33, 0xFB, 
  0x1D, 0x06, 0x83, 0xC1, 0xA0, 0xD0, 0x6C, 0x73, 0xF8, 0x7E, 0xC2, 0xC3, 
  0x83, 0xFF, 0x80, 0xC3, 0xC2, 0x7E, 0x39, 0x08, 0x4F, 0x90, 0x84, 0x21, 
  0x08, 0x42, 0x00, 0x3F, 0xB1, 0xD0, 0x68, 0x3C, 0x1A, 0x0D, 0x06, 0xC7, 
  0x3D, 0x80, 0x90, 0x4E, 0xE1, 0xE0, 0xC0, 0xC0, 0xC0, 0xC0, 0xFE, 0xE3, 
  0xC3, 0xC3, 0xC3, 0xC3, 0xC3, 0xC3, 0xC3, 0xF0, 0xFF, 0xFF, 0xC0, 0x6C, 
  0x06, 0xDB, 0x6D, 0xB6, 0xDB, 0xC0, 0x80, 0x80, 0x80, 0x80, 0x86, 0x8C, 
  0x98, 0xB0, 0xD8, 0x8C, 0x8C, 0x86, 0x83, 0xFF, 0xFF, 0xFF, 0xC0, 0xFF, 
  0xFC, 0x71, 0xC2, 0x1C, 0x21, 0xC2, 0x1C, 0x21, 0xC2, 0x1C, 0x21, 0xC2, 
  0x10, 0xFE, 0xE3, 0xC3, 0xC3, 0xC3, 0xC3, 0xC3, 0xC3, 0xC3, 0x7E, 0xC6, 
  0x83, 0x83, 0x83, 0x83, 0xC3, 0xC6, 0x7C, 0xBE, 0xC3, 0xC3, 0x81, 0x81, 
  0xC1, 0xC3, 0xE3, 0xBE, 0x80, 0x80, 0x80, 0x80, 0x3F, 0xB1, 0xD0, 0x68, 
  0x3C, 0x1A, 0x0D, 0x06, 0xC7, 0x3F, 0x80, 0xC0, 0x60, 0x30, 0x18, 0xFF, 
  0x31, 0x8C, 0x63, 0x18, 0xC0, 0x7D, 0x8E, 0x07, 0x07, 0xC0, 0xE0, 0xE3, 
  0xFC, 0x66, 0x6F, 0x66, 0x66, 0x66, 0x63, 0xC3, 0x87, 0x0E, 0x1C, 0x38, 
  0x70, 0xE3, 0x7E, 0xC1, 0x21, 0x98, 0xCC, 0x42, 0x61, 0xA0, 0x50, 0x38, 
  0x18, 0x00, 0xC6, 0x14, 0x73, 0x47, 0x36, 0xD2, 0x6D, 0x22, 0x9E, 0x29, 
  0xC3, 0x8C, 0x18, 0xC0, 0x63, 0x26, 0x34, 0x1C, 0x18, 0x1C, 0x36, 0x62, 
  0x43, 0x41, 0x43, 0x62, 0x22, 0x26, 0x34, 0x1C, 0x1C, 0x18, 0x18, 0x10, 
  0x70, 0x60, 0xFE, 0x08, 0x30, 0xC3, 0x0C, 0x10, 0x40, 0xFE, 0x36, 0x44, 
  0x44, 0x44, 0x84, 0x44, 0x44, 0x46, 0x30, 0xFF, 0xFF, 0x80, 0xC1, 0x08, 
  0x42, 0x10, 0x86, 0x19, 0x88, 0x42, 0x10, 0x8C, 0xC0, 0x60, 0x79, 0x8F, 
  0xFF, 0xC0, 0xE0, 0x70, 0x38, 0x1C, 0x0E, 0x07, 0x03, 0x81, 0xC0, 0xE0, 
  0x70, 0x3F, 0xF8, 0xFF, 0xC0, 0xE0, 0x70, 0x38, 0x1C, 0x0E, 0x07, 0x03, 
  0x81, 0xC0, 0xE0, 0x70, 0x3F, 0xF8, 0xFF, 0xC0, 0xE0, 0x70, 0x38, 0x1C, 
  0x0E, 0x07, 0x03, 0x81, 0xC0, 0xE0, 0x70, 0x3F, 0xF8, 0xFF, 0xC0, 0xE0, 
  0x70, 0x38, 0x1C, 0x0E, 0x07, 0x03, 0x81, 0xC0, 0xE0, 0x70, 0x3F, 0xF8, 
  0xFF, 0xC0, 0xE0, 0x70, 0x38, 0x1C, 0x0E, 0x07, 0x03, 0x81, 0xC0, 0xE0, 
  0x70, 0x3F, 0xF8, 0xFF, 0xC0, 0xE0, 0x70, 0x38, 0x1C, 0x0E, 0x07, 0x03, 
  0x81, 0xC0, 0xE0, 0x70, 0x3F, 0xF8, 0xFF, 0xC0, 0xE0, 0x70, 0x38, 0x1C, 
  0x0E, 0x07, 0x03, 0x81, 0xC0, 0xE0, 0x70, 0x3F, 0xF8, 0xFF, 0xC0, 0xE0, 
  0x70, 0x38, 0x1C, 0x0E, 0x07, 0x03, 0x81, 0xC0, 0xE0, 0x70, 0x3F, 0xF8, 
  0xFF, 0xC0, 0xE0, 0x70, 0x38, 0x1C, 0x0E, 0x07, 0x03, 0x81, 0xC0, 0xE0, 
  0x70, 0x3F, 0xF8, 0xFF, 0xC0, 0xE0, 0x70, 0x38, 0x1C, 0x0E, 0x07, 0x03, 
  0x81, 0xC0, 0xE0, 0x70, 0x3F, 0xF8, 0xFF, 0xC0, 0xE0, 0x70, 0x38, 0x1C, 
  0x0E, 0x07, 0x03, 0x81, 0xC0, 0xE0, 0x70, 0x3F, 0xF8, 0xFF, 0xC0, 0xE0, 
  0x70, 0x38, 0x1C, 0x0E, 0x07, 0x03, 0x81, 0xC0, 0xE0, 0x70, 0x3F, 0xF8, 
  0xFF, 0xC0, 0xE0, 0x70, 0x38, 0x1C, 0x0E, 0x07, 0x03, 0x81, 0xC0, 0xE0, 
  0x70, 0x3F, 0xF8, 0xFF, 0xC0, 0xE0, 0x70, 0x38, 0x1C, 0x0E, 0x07, 0x03, 
  0x81, 0xC0, 0xE0, 0x70, 0x3F, 0xF8, 0xFF, 0xC0, 0xE0, 0x70, 0x38, 0x1C, 
  0x0E, 0x07, 0x03, 0x81, 0xC0, 0xE0, 0x70, 0x3F, 0xF8, 0xFF, 0xC0, 0xE0, 
  0x70, 0x38, 0x1C, 0x0E, 0x07, 0x03, 0x81, 0xC0, 0xE0, 0x70, 0x3F, 0xF8, 
  0xFF, 0xC0, 0xE0, 0x70, 0x38, 0x1C, 0x0E, 0x07, 0x03, 0x81, 0xC0, 0xE0, 
  0x70, 0x3F, 0xF8, 0xFF, 0xC0, 0xE0, 0x70, 0x38, 0x1C, 0x0E, 0x07, 0x03, 
  0x81, 0xC0, 0xE0, 0x70, 0x3F, 0xF8, 0xFF, 0xC0, 0xE0, 0x70, 0x38, 0x1C, 
  0x0E, 0x07, 0x03, 0x81, 0xC0, 0xE0, 0x70, 0x3F, 0xF8, 0xFF, 0xC0, 0xE0, 
  0x70, 0x38, 0x1C, 0x0E, 0x07, 0x03, 0x81, 0xC0, 0xE0, 0x70, 0x3F, 0xF8, 
  0xFF, 0xC0, 0xE0, 0x70, 0x38, 0x1C, 0x0E, 0x07, 0x03, 0x81, 0xC0, 0xE0, 
  0x70, 0x3F, 0xF8, 0xFF, 0xC0, 0xE0, 0x70, 0x38, 0x1C, 0x0E, 0x07, 0x03, 
  0x81, 0xC0, 0xE0, 0x70, 0x3F, 0xF8, 0xFF, 0xC0, 0xE0, 0x70, 0x38, 0x1C, 
  0x0E, 0x07, 0x03, 0x81, 0xC0, 0xE0, 0x70, 0x3F, 0xF8, 0xFF, 0xC0, 0xE0, 
  0x70, 0x38, 0x1C, 0x0E, 0x07, 0x03, 0x81, 0xC0, 0xE0, 0x70, 0x3F, 0xF8, 
  0xFF, 0xC0, 0xE0, 0x70, 0x38, 0x1C, 0x0E, 0x07, 0x03, 0x81, 0xC0, 0xE0, 
  0x70, 0x3F, 0xF8, 0xFF, 0xC0, 0xE0, 0x70, 0x38, 0x1C, 0x0E, 0x07, 0x03, 
  0x81, 0xC0, 0xE0, 0x70, 0x3F, 0xF8, 0xFF, 0xC0, 0xE0, 0x70, 0x38, 0x1C, 
  0x0E, 0x07, 0x03, 0x81, 0xC0, 0xE0, 0x70, 0x3F, 0xF8, 0xFF, 0xC0, 0xE0, 
  0x70, 0x38, 0x1C, 0x0E, 0x07, 0x03, 0x81, 0xC0, 0xE0, 0x70, 0x3F, 0xF8, 
  0xFF, 0xC0, 0xE0, 0x70, 0x38, 0x1C, 0x0E, 0x07, 0x03, 0x81, 0xC0, 0xE0, 
  0x70, 0x3F, 0xF8, 0xFF, 0xC0, 0xE0, 0x70, 0x38, 0x1C, 0x0E, 0x07, 0x03, 
  0x81, 0xC0, 0xE0, 0x70, 0x3F, 0xF8, 0xFF, 0xC0, 0xE0, 0x70, 0x38, 0x1C, 
  0x0E, 0x07, 0x03, 0x81, 0xC0, 0xE0, 0x70, 0x3F, 0xF8, 0xFF, 0xC0, 0xE0, 
  0x70, 0x38, 0x1C, 0x0E, 0x07, 0x03, 0x81, 0xC0, 0xE0, 0x70, 0x3F, 0xF8, 
  0xFF, 0xC0, 0xE0, 0x70, 0x38, 0x1C, 0x0E, 0x07, 0x03, 0x81, 0xC0, 0xE0, 
  0x70, 0x3F, 0xF8, 0x00, 0xF2, 0xAF, 0xFF, 0xC0, 0x10, 0x10, 0x7E, 0x53, 
  0xD3, 0xD0, 0x90, 0xD0, 0xD3, 0x73, 0x7E, 0x10, 0x10, 0x1E, 0x1F, 0x98, 
  0x6C, 0x36, 0x03, 0x03, 0xF0, 0x60, 0x10, 0x08, 0x0C, 0x0F, 0x97, 0xF8, 
  0x02, 0xFF, 0x66, 0x42, 0x42, 0x66, 0xFE, 0x02, 0x40, 0x98, 0x42, 0x30, 
  0xC8, 0x1E, 0x03, 0x07, 0xF8, 0x30, 0x7F, 0x83, 0x00, 0xC0, 0x30, 0xFE, 
  0x3F, 0x80, 0x1C, 0x7E, 0x42, 0x62, 0x70, 0x78, 0x8E, 0x87, 0xC3, 0xE1, 
  0x33, 0x1C, 0x06, 0xC6, 0xC6, 0x7C, 0x38, 0xCE, 0x40, 0x0F, 0x81, 0x83, 
  0x18, 0x0C, 0x9F, 0x28, 0x88, 0xCC, 0x06, 0x40, 0x32, 0x01, 0x98, 0x8E, 
  0x6C, 0xD1, 0xC4, 0x60, 0xC1, 0xFC, 0x00, 0xF4, 0x8D, 0xA9, 0x7C, 0x1F, 
  0x01, 0x1D, 0xA6, 0xCD, 0x10, 0xFF, 0xFF, 0xC0, 0x60, 0x30, 0x18, 0xF0, 
  0x0F, 0x81, 0x83, 0x18, 0x0C, 0x9F, 0x28, 0x8C, 0xC4, 0x66, 0x3E, 0x31, 
  0x11, 0x88, 0xCE, 0x46, 0xD2, 0x34, 0x60, 0xC1, 0xFC, 0x00, 0xF8, 0x74, 
  0x63, 0x1F, 0x00, 0x08, 0x08, 0x08, 0x08, 0xFF, 0x08, 0x08, 0x08, 0x08, 
  0x00, 0xFF, 0x79, 0x10, 0xC6, 0x61, 0x0F, 0xC0, 0x7B, 0x20, 0x8E, 0x07, 
  0x37, 0x80, 0x7A, 0x00, 0xC2, 0x61, 0x30, 0x98, 0x4C, 0x26, 0x13, 0x09, 
  0x8C, 0xFF, 0xE0, 0x30, 0x18, 0x0C, 0x00, 0x3F, 0x7A, 0xFA, 0xFA, 0xFA, 
  0xFA, 0xFA, 0x7A, 0x1A, 0x1A, 0x1A, 0x1A, 0x1A, 0x1A, 0x1A, 0x1A, 0xC0, 
  0x47, 0x1E, 0x3C, 0x92, 0x48, 0x74, 0xA3, 0x19, 0x38, 0x1F, 0x12, 0x64, 
  0xD1, 0xCA, 0x40, 0x20, 0x23, 0x81, 0x02, 0x08, 0x08, 0x20, 0x21, 0x00, 
  0x84, 0x62, 0x23, 0x81, 0x0A, 0x04, 0x48, 0x23, 0xF0, 0x80, 0x84, 0x02, 
  0x20, 0x43, 0x81, 0x02, 0x08, 0x08, 0x40, 0x21, 0x00, 0x89, 0xE2, 0x24, 
  0x41, 0x01, 0x08, 0x18, 0x21, 0x81, 0x04, 0x08, 0x3F, 0x78, 0x10, 0x98, 
  0x40, 0x21, 0x00, 0xC2, 0x00, 0x48, 0x08, 0x91, 0x9E, 0x47, 0x01, 0x1E, 
  0x02, 0x2C, 0x08, 0xFC, 0x20, 0x30, 0x40, 0x60, 0x10, 0x20, 0x00, 0x81, 
  0x06, 0x18, 0x60, 0x81, 0x07, 0x1F, 0xF3, 0x80, 0x0C, 0x00, 0x40, 0x02, 
  0x00, 0x60, 0x0E, 0x00, 0xF0, 0x0B, 0x01, 0x98, 0x19, 0x81, 0x18, 0x30, 
  0xC3, 0xFC, 0x20, 0xC6, 0x06, 0x60, 0x6C, 0x06, 0x03, 0x00, 0x60, 0x00, 
  0x00, 0x60, 0x0E, 0x00, 0xF0, 0x0B, 0x01, 0x98, 0x19, 0x81, 0x18, 0x30, 
  0xC3, 0xFC, 0x20, 0xC6, 0x06, 0x60, 0x6C, 0x06, 0x06, 0x00, 0x90, 0x00, 
  0x00, 0x60, 0x0E, 0x00, 0xF0, 0x0B, 0x01, 0x98, 0x19, 0x81, 0x18, 0x30, 
  0xC3, 0xFC, 0x20, 0xC6, 0x06, 0x60, 0x6C, 0x06, 0x08, 0x81, 0xF0, 0x00, 
  0x00, 0x60, 0x0E, 0x00, 0xF0, 0x0B, 0x01, 0x98, 0x19, 0x81, 0x18, 0x30, 
  0xC3, 0xFC, 0x20, 0xC6, 0x06, 0x60, 0x6C, 0x06, 0x19, 0x01, 0x90, 0x00, 
  0x00, 0x60, 0x0E, 0x00, 0xF0, 0x0B, 0x01, 0x98, 0x19, 0x81, 0x18, 0x30, 
  0xC3, 0xFC, 0x20, 0xC6, 0x06, 0x60, 0x6C, 0x02, 0x06, 0x00, 0x90, 0x0F, 
  0x00, 0x60, 0x06, 0x00, 0xE0, 0x0F, 0x00, 0xB0, 0x19, 0x81, 0x98, 0x11, 
  0x83, 0x0C, 0x3F, 0xC2, 0x0C, 0x60, 0x66, 0x06, 0xC0, 0x60, 0x07, 0xFF, 
  0x03, 0xFF, 0x83, 0x30, 0x01, 0x98, 0x00, 0x8C, 0x00, 0xC6, 0x00, 0x63, 
  0xFC, 0x61, 0x80, 0x3F, 0xC0, 0x10, 0x60, 0x18, 0x30, 0x0C, 0x18, 0x0C, 
  0x0F, 0xF8, 0x1F, 0x07, 0x39, 0x83, 0x60, 0x3C, 0x01, 0x80, 0x20, 0x06, 
  0x00, 0xC0, 0x78, 0x0D, 0x81, 0x38, 0x63, 0xF8, 0x08, 0x01, 0x80, 0x10, 
  0x1C, 0x00, 0x30, 0x0C, 0x00, 0x1F, 0xEF, 0xF4, 0x02, 0x01, 0x00, 0x80, 
  0x7F, 0xA0, 0x10, 0x08, 0x04, 0x02, 0x01, 0xFF, 0x0C, 0x0C, 0x00, 0x1F, 
  0xEF, 0xF4, 0x02, 0x01, 0x00, 0x80, 0x7F, 0xA0, 0x10, 0x08, 0x04, 0x02, 
  0x01, 0xFF, 0x18, 0x12, 0x00, 0x1F, 0xEF, 0xF4, 0x02, 0x01, 0x00, 0x80, 
  0x7F, 0xA0, 0x10, 0x08, 0x04, 0x02, 0x01, 0xFF, 0x26, 0x13, 0x00, 0x1F, 
  0xEF, 0xF4, 0x02, 0x01, 0x00, 0x80, 0x7F, 0xA0, 0x10, 0x08, 0x04, 0x02, 
  0x01, 0xFF, 0x62, 0x02, 0x22, 0x22, 0x22, 0x22, 0x22, 0x22, 0x64, 0x04, 
  0x44, 0x44, 0x44, 0x44, 0x44, 0x44, 0x72, 0xA2, 0x42, 0x10, 0x84, 0x21, 
  0x08, 0x42, 0x10, 0x84, 0xDE, 0xC0, 0x42, 0x10, 0x84, 0x21, 0x08, 0x42, 
  0x10, 0x84, 0x3F, 0x03, 0xFC, 0x20, 0x62, 0x02, 0x20, 0x32, 0x03, 0xFC, 
  0x32, 0x03, 0x20, 0x32, 0x02, 0x20, 0x62, 0x1C, 0x3F, 0x80, 0x1F, 0x00, 
  0x8C, 0x07, 0x81, 0xF0, 0x7C, 0x1D, 0x87, 0x31, 0xCC, 0x71, 0x9C, 0x27, 
  0x0D, 0xC1, 0xF0, 0x3C, 0x0C, 0x0C, 0x00, 0x40, 0x02, 0x01, 0xF8, 0x39, 
  0xC6, 0x06, 0xC0, 0x2C, 0x03, 0x80, 0x38, 0x03, 0x80, 0x3C, 0x03, 0xC0, 
  0x36, 0x06, 0x70, 0xC1, 0xF8, 0x03, 0x00, 0x60, 0x00, 0x01, 0xF8, 0x39, 
  0xC6, 0x06, 0xC0, 0x2C, 0x03, 0x80, 0x38, 0x03, 0x80, 0x3C, 0x03, 0xC0, 
  0x36, 0x06, 0x70, 0xC1, 0xF8, 0x0E, 0x00, 0x90, 0x00, 0x01, 0xF8, 0x39, 
  0xC6, 0x06, 0xC0, 0x2C, 0x03, 0x80, 0x38, 0x03, 0x80, 0x3C, 0x03, 0xC0, 
  0x36, 0x06, 0x70, 0xC1, 0xF8, 0x08, 0x81, 0xF0, 0x00, 0x01, 0xF8, 0x39, 
  0xC6, 0x06, 0xC0, 0x2C, 0x03, 0x80, 0x38, 0x03, 0x80, 0x3C, 0x03, 0xC0, 
  0x36, 0x06, 0x70, 0xC1, 0xF8, 0x19, 0x01, 0x90, 0x00, 0x01, 0xF8, 0x39, 
  0xC6, 0x06, 0xC0, 0x2C, 0x03, 0x80, 0x38, 0x03, 0x80, 0x3C, 0x03, 0xC0, 
  0x36, 0x06, 0x70, 0xC1, 0xF8, 0x01, 0x89, 0xA1, 0x83, 0x89, 0xA1, 0x80, 
  0x1F, 0x93, 0x9E, 0x60, 0x6C, 0x0A, 0xC1, 0x38, 0x23, 0x84, 0x38, 0xC3, 
  0x98, 0x3F, 0x03, 0x60, 0x67, 0x0C, 0xBF, 0x80, 0x18, 0x01, 0x00, 0x03, 
  0x01, 0xC0, 0x70, 0x1C, 0x07, 0x01, 0xC0, 0x70, 0x1C, 0x07, 0x01, 0xC0, 
  0x50, 0x36, 0x1C, 0xFE, 0x06, 0x01, 0x00, 0x03, 0x01, 0xC0, 0x70, 0x1C, 
  0x07, 0x01, 0xC0, 0x70, 0x1C, 0x07, 0x01, 0xC0, 0x50, 0x36, 0x1C, 0xFE, 
  0x0E, 0x06, 0x80, 0x03, 0x01, 0xC0, 0x70, 0x1C, 0x07, 0x01, 0xC0, 0x70, 
  0x1C, 0x07, 0x01, 0xC0, 0x50, 0x36, 0x1C, 0xFE, 0x1B, 0x06, 0xC0, 0x03, 
  0x01, 0xC0, 0x70, 0x1C, 0x07, 0x01, 0xC0, 0x70, 0x1C, 0x07, 0x01, 0xC0, 
  0x50, 0x36, 0x1C, 0xFE, 0x03, 0x00, 0x60, 0x00, 0x0C, 0x06, 0x60, 0x63, 
  0x0C, 0x30, 0xC1, 0x98, 0x09, 0x00, 0xF0, 0x06, 0x00, 0x60, 0x06, 0x00, 
  0x60, 0x06, 0x00, 0x60, 0x80, 0x40, 0x3F, 0x1F, 0xE8, 0x1C, 0x0E, 0x07, 
  0x03, 0xFF, 0x7E, 0x20, 0x10, 0x08, 0x00, 0x3C, 0x3F, 0xB0, 0x58, 0x2C, 
  0x16, 0x7B, 0x3D, 0x83, 0xC1, 0xE0, 0xF0, 0x78, 0x6C, 0xE0, 0x30, 0x10, 
  0x08, 0x00, 0x7E, 0xC2, 0xC2, 0x06, 0x7E, 0xC2, 0x82, 0xC6, 0xFB, 0x0C, 
  0x18, 0x10, 0x00, 0x7E, 0xC2, 0xC2, 0x06, 0x7E, 0xC2, 0x82, 0xC6, 0xFB, 
  0x18, 0x3C, 0x24, 0x00, 0x7E, 0xC2, 0xC2, 0x06, 0x7E, 0xC2, 0x82, 0xC6, 
  0xFB, 0x7C, 0x00, 0x00, 0x7E, 0xC2, 0xC2, 0x06, 0x7E, 0xC2, 0x82, 0xC6, 
  0xFB, 0x64, 0x64, 0x00, 0x00, 0x7E, 0xC2, 0xC2, 0x06, 0x7E, 0xC2, 0x82, 
  0xC6, 0xFB, 0x10, 0x3C, 0x24, 0x38, 0x00, 0x7E, 0xC2, 0xC2, 0x06, 0x7E, 
  0xC2, 0x82, 0xC6, 0xFB, 0x7F, 0xFB, 0x0C, 0x2C, 0x30, 0xC1, 0x83, 0x7F, 
  0xFF, 0x08, 0x08, 0x30, 0xF1, 0x42, 0xF9, 0xF8, 0x7D, 0x8E, 0x0C, 0x08, 
  0x10, 0x20, 0xE3, 0x7C, 0x20, 0xE0, 0x47, 0x00, 0x30, 0x10, 0x08, 0x00, 
  0x7E, 0xC2, 0xC3, 0x83, 0xFF, 0x80, 0xC3, 0xC2, 0x7E, 0x0C, 0x08, 0x10, 
  0x00, 0x7E, 0xC2, 0xC3, 0x83, 0xFF, 0x80, 0xC3, 0xC2, 0x7E, 0x18, 0x3C, 
  0x24, 0x00, 0x7E, 0xC2, 0xC3, 0x83, 0xFF, 0x80, 0xC3, 0xC2, 0x7E, 0x64, 
  0x64, 0x00, 0x00, 0x7E, 0xC2, 0xC3, 0x83, 0xFF, 0x80, 0xC3, 0xC2, 0x7E, 
  0xC6, 0x30, 0x66, 0x66, 0x66, 0x66, 0x60, 0x6A, 0x0D, 0xB6, 0xDB, 0x6C, 
  0x62, 0xA2, 0x06, 0x31, 0x8C, 0x63, 0x18, 0xC6, 0x00, 0xDE, 0xC0, 0x06, 
  0x31, 0x8C, 0x63, 0x18, 0xC6, 0x00, 0x48, 0x30, 0x58, 0x0C, 0x7E, 0xC6, 
  0x83, 0x83, 0x83, 0x83, 0xC3, 0xC6, 0x7E, 0x7C, 0x00, 0x00, 0xFE, 0xE3, 
  0xC3, 0xC3, 0xC3, 0xC3, 0xC3, 0xC3, 0xC3, 0x30, 0x10, 0x08, 0x00, 0x7E, 
  0xC6, 0x83, 0x83, 0x83, 0x83, 0xC3, 0xC6, 0x7C, 0x0C, 0x18, 0x10, 0x00, 
  0x7E, 0xC6, 0x83, 0x83, 0x83, 0x83, 0xC3, 0xC6, 0x7C, 0x18, 0x2C, 0x64, 
  0x00, 0x7E, 0xC6, 0x83, 0x83, 0x83, 0x83, 0xC3, 0xC6, 0x7C, 0x7C, 0x00, 
  0x00, 0x7E, 0xC6, 0x83, 0x83, 0x83, 0x83, 0xC3, 0xC6, 0x7C, 0x64, 0x64, 
  0x00, 0x00, 0x7E, 0xC6, 0x83, 0x83, 0x83, 0x83, 0xC3, 0xC6, 0x7C, 0x18, 
  0x18, 0x00, 0xFF, 0x00, 0x00, 0x18, 0x18, 0x3F, 0xB1, 0x90, 0xE8, 0xB4, 
  0x9A, 0x8D, 0xC6, 0xC6, 0x7E, 0x00, 0x00, 0x30, 0x20, 0x20, 0x0C, 0x38, 
  0x70, 0xE1, 0xC3, 0x87, 0x0E, 0x37, 0xE0, 0x0C, 0x30, 0x40, 0x0C, 0x38, 
  0x70, 0xE1, 0xC3, 0x87, 0x0E, 0x37, 0xE0, 0x18, 0x79, 0x90, 0x0C, 0x38, 
  0x70, 0xE1, 0xC3, 0x87, 0x0E, 0x37, 0xE0, 0x6C, 0xD8, 0x00, 0x0C, 0x38, 
  0x70, 0xE1, 0xC3, 0x87, 0x0E, 0x37, 0xE0, 0x04, 0x08, 0x10, 0x00, 0x41, 
  0x43, 0x62, 0x22, 0x26, 0x34, 0x1C, 0x1C, 0x18, 0x18, 0x10, 0x70, 0x60, 
  0x80, 0x80, 0x80, 0x80, 0xBE, 0xC3, 0xC3, 0x81, 0x81, 0x81, 0xC3, 0xE7, 
  0xBE, 0x80, 0x80, 0x80, 0x80, 0x36, 0x36, 0x00, 0x00, 0x41, 0x43, 0x62, 
  0x22, 0x26, 0x34, 0x1C, 0x1C, 0x18, 0x18, 0x10, 0x70, 0x60, 
};

const GFXglyph FreeSans9pt8bGlyphs[] PROGMEM = {
  { 0, 1, 1, 5, 0, -1 },
  { 1, 2, 13, 5, 2, -13 },
  { 5, 4, 4, 6, 1, -12 },
  { 7, 10, 12, 10, 0, -12 },
  { 22, 8, 16, 10, 1, -14 },
  { 38, 15, 12, 16, 0, -12 },
  { 61, 10, 12, 12, 1, -12 },
  { 76, 2, 4, 3, 1, -12 },
  { 77, 4, 17, 6, 1, -13 },
  { 86, 4, 17, 6, 1, -13 },
  { 95, 5, 5, 7, 1, -13 },
  { 99, 8, 8, 10, 1, -8 },
  { 107, 1, 5, 5, 2, -2 },
  { 108, 4, 1, 6, 1, -5 },
  { 109, 1, 2, 5, 2, -2 },
  { 110, 5, 13, 5, 0, -13 },
  { 119, 8, 12, 10, 1, -12 },
  { 131, 4, 12, 10, 2, -12 },
  { 137, 8, 12, 10, 1, -12 },
  { 149, 8, 12, 10, 1, -12 },
  { 161, 9, 12, 10, 0, -12 },
  { 175, 8, 12, 10, 1, -12 },
  { 187, 8, 12, 10, 1, -12 },
  { 199, 8, 12, 10, 1, -12 },
  { 211, 8, 12, 10, 1, -12 },
  { 223, 8, 12, 10, 1, -12 },
  { 235, 2, 9, 5, 2, -9 },
  { 238, 2, 12, 5, 2, -9 },
  { 241, 8, 8, 10, 1, -8 },
  { 249, 8, 4, 10, 1, -6 },
  { 253, 8, 8, 10, 1, -8 },
  { 261, 8, 13, 10, 1, -13 },
  { 274, 16, 16, 18, 1, -13 },
  { 306, 12, 13, 12, 0, -13 },
  { 326, 10, 13, 12, 1, -13 },
  { 343, 11, 13, 13, 1, -13 },
  { 361, 10, 13, 13, 2, -13 },
  { 378, 9, 13, 12, 2, -13 },
  { 393, 8, 13, 11, 2, -13 },
  { 406, 11, 13, 14, 1, -13 },
  { 424, 10, 13, 13, 1, -13 },
  { 441, 1, 13, 5, 2, -13 },
  { 443, 8, 13, 9, 0, -13 },
  { 456, 11, 13, 12, 1, -13 },
  { 474, 8, 13, 10, 1, -13 },
  { 487, 12, 13, 15, 1, -13 },
  { 507, 10, 13, 13, 1, -13 },
  { 524, 12, 13, 14, 1, -13 },
  { 544, 9, 13, 12, 2, -13 },
  { 559, 12, 14, 14, 1, -13 },
  { 580, 10, 13, 13, 2, -13 },
  { 597, 10, 13, 12, 1, -13 },
  { 614, 10, 13, 11, 0, -13 },
  { 631, 10, 13, 13, 1, -13 },
  { 648, 10, 13, 12, 1, -13 },
  { 665, 16, 13, 17, 0, -13 },
  { 691, 11, 13, 12, 0, -13 },
  { 709, 12, 13, 12, 0, -13 },
  { 729, 10, 13, 11, 0, -13 },
  { 746, 3, 17, 5, 1, -13 },
  { 753, 5, 13, 5, 0, -13 },
  { 762, 4, 17, 5, 0, -13 },
  { 771, 6, 6, 8, 1, -12 },
  { 776, 10, 1, 10, 0, 2 },
  { 778, 4, 3, 6, 0, -13 },
  { 780, 8, 9, 10, 1, -9 },
  { 789, 8, 13, 10, 1, -13 },
  { 802, 7, 9, 9, 1, -9 },
  { 810, 9, 13, 10, 0, -13 },
  { 825, 8, 9, 10, 1, -9 },
  { 834, 5, 13, 5, 0, -13 },
  { 843, 9, 13, 10, 0, -9 },
  { 858, 8, 13, 10, 1, -13 },
  { 871, 2, 13, 4, 1, -13 },
  { 875, 3, 17, 4, 0, -13 },
  { 882, 8, 13, 9, 1, -13 },
  { 895, 2, 13, 4, 1, -13 },
  { 899, 12, 9, 15, 1, -9 },
  { 913, 8, 9, 10, 1, -9 },
  { 922, 8, 9, 10, 1, -9 },
  { 931, 8, 13, 10, 1, -9 },
  { 944, 9, 13, 10, 0, -9 },
  { 959, 5, 9, 6, 1, -9 },
  { 965, 7, 9, 9, 1, -9 },
  { 973, 4, 12, 5, 0, -12 },
  { 979, 7, 9, 10, 1, -9 },
  { 987, 9, 9, 9, 0, -9 },
  { 998, 12, 9, 13, 0, -9 },
  { 1012, 8, 9, 9, 0, -9 },
  { 1021, 8, 13, 9, 0, -9 },
  { 1034, 7, 9, 9, 1, -9 },
  { 1042, 4, 17, 6, 1, -13 },
  { 1051, 1, 17, 5, 2, -13 },
  { 1054, 5, 17, 6, 0, -13 },
  { 1065, 8, 3, 10, 1, -8 },
  { 1068, 9, 13, 12, 2, -13 },
  { 1083, 9, 13, 12, 2, -13 },
  { 1098, 9, 13, 12, 2, -13 },
  { 1113, 9, 13, 12, 2, -13 },
  { 1128, 9, 13, 12, 2, -13 },
  { 1143, 9, 13, 12, 2, -13 },
  { 1158, 9, 13, 12, 2, -13 },
  { 1173, 9, 13, 12, 2, -13 },
  { 1188, 9, 13, 12, 2, -13 },
  { 1203, 9, 13, 12, 2, -13 },
  { 1218, 9, 13, 12, 2, -13 },
  { 1233, 9, 13, 12, 2, -13 },
  { 1248, 9, 13, 12, 2, -13 },
  { 1263, 9, 13, 12, 2, -13 },
  { 1278, 9, 13, 12, 2, -13 },
  { 1293, 9, 13, 12, 2, -13 },
  { 1308, 9, 13, 12, 2, -13 },
  { 1323, 9, 13, 12, 2, -13 },
  { 1338, 9, 13, 12, 2, -13 },
  { 1353, 9, 13, 12, 2, -13 },
  { 1368, 9, 13, 12, 2, -13 },
  { 1383, 9, 13, 12, 2, -13 },
  { 1398, 9, 13, 12, 2, -13 },
  { 1413, 9, 13, 12, 2, -13 },
  { 1428, 9, 13, 12, 2, -13 },
  { 1443, 9, 13, 12, 2, -13 },
  { 1458, 9, 13, 12, 2, -13 },
  { 1473, 9, 13, 12, 2, -13 },
  { 1488, 9, 13, 12, 2, -13 },
  { 1503, 9, 13, 12, 2, -13 },
  { 1518, 9, 13, 12, 2, -13 },
  { 1533, 9, 13, 12, 2, -13 },
  { 1548, 9, 13, 12, 2, -13 },
  { 1563, 1, 1, 5, 0, -1 },
  { 1564, 2, 13, 5, 2, -9 },
  { 1568, 8, 13, 10, 1, -11 },
  { 1581, 9, 13, 10, 0, -13 },
  { 1596, 8, 8, 10, 1, -10 },
  { 1604, 10, 12, 10, 0, -12 },
  { 1619, 1, 17, 5, 2, -13 },
  { 1622, 8, 17, 10, 1, -13 },
  { 1639, 5, 2, 6, 0, -13 },
  { 1641, 13, 13, 13, 0, -13 },
  { 1663, 5, 8, 7, 1, -13 },
  { 1668, 6, 6, 8, 1, -8 },
  { 1673, 9, 5, 10, 1, -7 },
  { 1679, 4, 1, 6, 1, -5 },
  { 1680, 13, 13, 13, 0, -13 },
  { 1702, 5, 1, 6, 0, -12 },
  { 1703, 5, 5, 11, 3, -12 },
  { 1707, 8, 11, 10, 1, -11 },
  { 1718, 6, 7, 6, 0, -12 },
  { 1724, 6, 7, 6, 0, -12 },
  { 1730, 3, 3, 6, 2, -13 },
  { 1732, 9, 13, 10, 1, -9 },
  { 1747, 8, 16, 9, 1, -13 },
  { 1763, 1, 2, 5, 2, -6 },
  { 1764, 4, 4, 6, 1, 0 },
  { 1766, 3, 7, 6, 1, -12 },
  { 1769, 5, 8, 6, 1, -13 },
  { 1774, 6, 6, 8, 1, -8 },
  { 1779, 14, 12, 15, 1, -12 },
  { 1800, 14, 12, 15, 1, -12 },
  { 1821, 15, 12, 16, 0, -12 },
  { 1844, 7, 13, 10, 2, -9 },
  { 1856, 12, 16, 12, 0, -16 },
  { 1880, 12, 16, 12, 0, -16 },
  { 1904, 12, 16, 12, 0, -16 },
  { 1928, 12, 16, 12, 0, -16 },
  { 1952, 12, 16, 12, 0, -16 },
  { 1976, 12, 17, 12, 0, -17 },
  { 2002, 17, 13, 18, 0, -13 },
  { 2030, 11, 17, 13, 1, -13 },
  { 2054, 9, 16, 12, 2, -16 },
  { 2072, 9, 16, 12, 2, -16 },
  { 2090, 9, 16, 12, 2, -16 },
  { 2108, 9, 16, 12, 2, -16 },
  { 2126, 4, 16, 5, 0, -16 },
  { 2134, 4, 16, 5, 1, -16 },
  { 2142, 5, 16, 5, 0, -16 },
  { 2152, 5, 16, 5, 0, -16 },
  { 2162, 12, 13, 13, 0, -13 },
  { 2182, 10, 15, 13, 1, -15 },
  { 2201, 12, 16, 14, 1, -16 },
  { 2225, 12, 16, 14, 1, -16 },
  { 2249, 12, 16, 14, 1, -16 },
  { 2273, 12, 16, 14, 1, -16 },
  { 2297, 12, 16, 14, 1, -16 },
  { 2321, 7, 7, 10, 2, -8 },
  { 2328, 12, 13, 14, 1, -13 },
  { 2348, 10, 16, 13, 1, -16 },
  { 2368, 10, 16, 13, 1, -16 },
  { 2388, 10, 16, 13, 1, -16 },
  { 2408, 10, 16, 13, 1, -16 },
  { 2428, 12, 16, 12, 0, -16 },
  { 2452, 9, 13, 12, 2, -13 },
  { 2467, 9, 13, 11, 1, -13 },
  { 2482, 8, 13, 10, 1, -13 },
  { 2495, 8, 13, 10, 1, -13 },
  { 2508, 8, 13, 10, 1, -13 },
  { 2521, 8, 12, 10, 1, -12 },
  { 2533, 8, 13, 10, 1, -13 },
  { 2546, 8, 14, 10, 1, -14 },
  { 2560, 14, 9, 16, 1, -9 },
  { 2576, 7, 13, 9, 1, -9 },
  { 2588, 8, 13, 10, 1, -13 },
  { 2601, 8, 13, 10, 1, -13 },
  { 2614, 8, 13, 10, 1, -13 },
  { 2627, 8, 13, 10, 1, -13 },
  { 2640, 4, 13, 4, 0, -13 },
  { 2647, 3, 13, 4, 1, -13 },
  { 2652, 5, 13, 4, 0, -13 },
  { 2661, 5, 13, 4, 0, -13 },
  { 2670, 8, 13, 10, 1, -13 },
  { 2683, 8, 12, 10, 1, -12 },
  { 2695, 8, 13, 10, 1, -13 },
  { 2708, 8, 13, 10, 1, -13 },
  { 2721, 8, 13, 10, 1, -13 },
  { 2734, 8, 12, 10, 1, -12 },
  { 2746, 8, 13, 10, 1, -13 },
  { 2759, 8, 8, 10, 1, -8 },
  { 2767, 9, 10, 11, 0, -9 },
  { 2779, 7, 13, 10, 1, -13 },
  { 2791, 7, 13, 10, 1, -13 },
  { 2803, 7, 13, 10, 1, -13 },
  { 2815, 7, 13, 10, 1, -13 },
  { 2827, 8, 17, 9, 0, -13 },
  { 2844, 8, 17, 10, 1, -13 },
  { 2861, 8, 17, 9, 0, -13 },
};

const GFXfont FreeSans9pt8b PROGMEM = {
  (uint8_t *)FreeSans9pt8bBitmaps,
  (GFXglyph *)FreeSans9pt8bGlyphs,
  0x20, 0xFF, 25
};

const uint8_t FreeSansBold9pt8bBitmaps[] PROGMEM = {
  0x00, 0xFF, 0xFF, 0xB6, 0x43, 0xFE, 0xCF, 0x3C, 0xF3, 0x44, 0x19, 0x86, 
  0x41, 0xB1, 0xFF, 0x7F, 0xCC, 0xC3, 0x23, 0xFE, 0xFF, 0x99, 0x86, 0x61, 
  0x90, 0x6C, 0x00, 0x08, 0x1F, 0x9E, 0xED, 0x36, 0x83, 0xC0, 0xF8, 0x3F, 
  0x0B, 0xF4, 0xFA, 0x6F, 0xF3, 0xF0, 0x40, 0x20, 0x7C, 0x30, 0xDC, 0x43, 
  0x19, 0x06, 0x32, 0x07, 0xC8, 0x07, 0x30, 0x00, 0x4F, 0x01, 0xBF, 0x02, 
  0x66, 0x0C, 0xCC, 0x11, 0xF8, 0x61, 0xE0, 0x1C, 0x07, 0xC1, 0xDC, 0x39, 
  0x83, 0x60, 0x78, 0x0F, 0x33, 0xF6, 0xE7, 0xD8, 0x7B, 0x8E, 0x7F, 0xE7, 
  0xEE, 0xFF, 0x40, 0x33, 0x66, 0xCC, 0xCC, 0xCC, 0xCC, 0xE6, 0x63, 0x10, 
  0x43, 0x0C, 0x63, 0x0C, 0x63, 0x18, 0xC6, 0x73, 0x19, 0x8C, 0xC0, 0x10, 
  0x4F, 0xCC, 0x28, 0x20, 0x18, 0x18, 0x18, 0xFF, 0xFF, 0x18, 0x18, 0x18, 
  0xFF, 0x97, 0x80, 0xFF, 0xC0, 0xFF, 0x80, 0x08, 0xC4, 0x21, 0x10, 0x84, 
  0x62, 0x10, 0x88, 0x00, 0x1C, 0x1F, 0x9C, 0xCC, 0x76, 0x1B, 0x0D, 0x86, 
  0xC3, 0x61, 0xB1, 0xD8, 0xEF, 0xE3, 0xE0, 0x0C, 0xFF, 0xC7, 0x1C, 0x71, 
  0xC7, 0x1C, 0x71, 0xC7, 0x38, 0x7E, 0xE7, 0xC7, 0xC3, 0x07, 0x06, 0x1C, 
  0x38, 0x70, 0xE0, 0xFF, 0xFF, 0x1C, 0x1F, 0x9C, 0xEC, 0x70, 0x38, 0x38, 
  0x38, 0x0F, 0x03, 0xB0, 0xD8, 0xEF, 0xF3, 0xF0, 0x0F, 0x07, 0x87, 0xC2, 
  0xE3, 0x73, 0x39, 0x9D, 0xFF, 0xFF, 0x83, 0x81, 0xC0, 0xE0, 0x3F, 0x9F, 
  0xD8, 0x0C, 0x07, 0xF3, 0xFC, 0x0E, 0x03, 0x01, 0xB1, 0xDF, 0xC7, 0xC0, 
  0x1C, 0x7E, 0xE7, 0xC0, 0xC0, 0xFE, 0xFF, 0xC7, 0xC3, 0xC3, 0xC7, 0xFE, 
  0x7E, 0xFF, 0xFF, 0xC0, 0xC0, 0xE0, 0x60, 0x70, 0x30, 0x38, 0x18, 0x0C, 
  0x06, 0x07, 0x00, 0x1C, 0x1F, 0x9C, 0xEC, 0x36, 0x1B, 0xF8, 0xFC, 0xE7, 
  0xE1, 0xF0, 0xD8, 0xEF, 0xF3, 0xF0, 0x1C, 0x1F, 0x9C, 0xCC, 0x7E, 0x1B, 
  0x1D, 0x8E, 0xFF, 0x3D, 0x81, 0xD8, 0xEF, 0xE3, 0xE0, 0xFC, 0x00, 0x3F, 
  0xE0, 0xFC, 0x00, 0x3F, 0xED, 0x60, 0x03, 0x1F, 0x7C, 0xE0, 0xE0, 0x7C, 
  0x0F, 0x03, 0xFF, 0xFF, 0x00, 0x00, 0xFF, 0xFF, 0xC0, 0xF8, 0x3E, 0x07, 
  0x07, 0x3E, 0xF0, 0xC0, 0x3E, 0x3F, 0xB8, 0xFC, 0x7E, 0x38, 0x18, 0x3C, 
  0x18, 0x1C, 0x00, 0x07, 0x03, 0x81, 0xC0, 0x03, 0xF0, 0x07, 0x0E, 0x06, 
  0x01, 0x86, 0x00, 0x66, 0x1F, 0x93, 0x19, 0xCD, 0x18, 0xC6, 0x88, 0x63, 
  0xC4, 0x31, 0x22, 0x11, 0x99, 0xBD, 0x8C, 0x73, 0x83, 0x00, 0x00, 0xE0, 
  0x00, 0x3F, 0xE0, 0x07, 0x00, 0x70, 0x0F, 0x80, 0xD8, 0x1D, 0x81, 0xDC, 
  0x18, 0xC3, 0x8C, 0x3F, 0xE3, 0xFE, 0x70, 0x77, 0x07, 0x60, 0x30, 0xFF, 
  0x1F, 0xFB, 0x87, 0x70, 0x6E, 0x0D, 0xFF, 0x3F, 0xE7, 0x0E, 0xE0, 0xFC, 
  0x1F, 0x83, 0xFF, 0xEF, 0xF8, 0x1F, 0x07, 0xF9, 0xC7, 0x70, 0x7E, 0x0F, 
  0x80, 0x30, 0x06, 0x00, 0xE0, 0x1C, 0x1D, 0xC3, 0xBF, 0xE3, 0xF8, 0xFF, 
  0x1F, 0xF3, 0x8F, 0x70, 0x6E, 0x0F, 0xC1, 0xF8, 0x3F, 0x07, 0xE0, 0xFC, 
  0x1F, 0x87, 0x7F, 0xCF, 0xF0, 0xFF, 0xFF, 0xFE, 0x03, 0x80, 0xE0, 0x3F, 
  0xEF, 0xFB, 0x80, 0xE0, 0x38, 0x0E, 0x03, 0xFF, 0xFF, 0xC0, 0xFF, 0xFF, 
  0xF8, 0x1C, 0x0E, 0x07, 0xFF, 0xFF, 0xC0, 0xE0, 0x70, 0x38, 0x1C, 0x0E, 
  0x00, 0x1F, 0x83, 0xFC, 0x70, 0xEE, 0x06, 0xE0, 0x0C, 0x00, 0xC3, 0xFC, 
  0x3F, 0xE0, 0x7E, 0x07, 0x70, 0xF7, 0xFB, 0x1F, 0xB0, 0xE0, 0xFC, 0x1F, 
  0x83, 0xF0, 0x7E, 0x0F, 0xFF, 0xFF, 0xFF, 0x07, 0xE0, 0xFC, 0x1F, 0x83, 
  0xF0, 0x7E, 0x0E, 0xFF, 0xFF, 0xFF, 0xFF, 0xFE, 0x03, 0x81, 0xC0, 0xE0, 
  0x70, 0x38, 0x1C, 0x0E, 0x07, 0xE3, 0xF1, 0xD8, 0xCF, 0xE3, 0xE0, 0xE0, 
  0xEE, 0x1C, 0xE3, 0x8E, 0x70, 0xEE, 0x0F, 0xC0, 0xFE, 0x0F, 0xE0, 0xE7, 
  0x0E, 0x38, 0xE1, 0xCE, 0x1C, 0xE0, 0xE0, 0xE0, 0x70, 0x38, 0x1C, 0x0E, 
  0x07, 0x03, 0x81, 0xC0, 0xE0, 0x70, 0x38, 0x1F, 0xFF, 0xF8, 0xF0, 0x7F, 
  0x87, 0xFE, 0x3F, 0xF1, 0xFF, 0x8F, 0xFC, 0x5F, 0xB6, 0xFD, 0xB7, 0xED, 
  0xBF, 0x6D, 0xF9, 0xCF, 0xCE, 0x7E, 0x73, 0x80, 0xE0, 0xFE, 0x1F, 0xC3, 
  0xFC, 0x7F, 0x8F, 0xD9, 0xFB, 0xBF, 0x37, 0xE7, 0xFC, 0x7F, 0x87, 0xF0, 
  0xFE, 0x0E, 0x1F, 0x83, 0xFC, 0x71, 0xEE, 0x06, 0xE0, 0x7C, 0x07, 0xC0, 
  0x7C, 0x07, 0xE0, 0x7E, 0x07, 0x70, 0xE7, 0xFC, 0x1F, 0x80, 0xFF, 0x3F, 
  0xEE, 0x3F, 0x87, 0xE1, 0xF8, 0x7F, 0xFF, 0xFE, 0xE0, 0x38, 0x0E, 0x03, 
  0x80, 0xE0, 0x00, 0x1F, 0x83, 0xFC, 0x79, 0xEE, 0x06, 0xE0, 0x7C, 0x07, 
  0xC0, 0x7C, 0x07, 0xE1, 0x7E, 0x3F, 0x71, 0xE7, 0xFE, 0x1F, 0xF0, 0x02, 
  0xFF, 0x9F, 0xFB, 0x87, 0xF0, 0x7E, 0x0F, 0xC3, 0xBF, 0xE7, 0xFE, 0xE0, 
  0xDC, 0x1B, 0x83, 0x70, 0x6E, 0x0E, 0x3F, 0x1F, 0xEE, 0x3B, 0x07, 0xE0, 
  0x3F, 0x07, 0xF8, 0x3F, 0x01, 0xF0, 0x3E, 0x1F, 0xFF, 0x7F, 0x00, 0xFF, 
  0xFF, 0xFC, 0x38, 0x07, 0x00, 0xE0, 0x1C, 0x03, 0x80, 0x70, 0x0E, 0x01, 
  0xC0, 0x38, 0x07, 0x00, 0xE0, 0xE0, 0xFC, 0x1F, 0x83, 0xF0, 0x7E, 0x0F, 
  0xC1, 0xF8, 0x3F, 0x07, 0xE0, 0xFC, 0x19, 0x87, 0x3F, 0xE3, 0xF8, 0x60, 
  0x6C, 0x1D, 0xC3, 0x98, 0x63, 0x1C, 0x73, 0x86, 0x60, 0xCC, 0x1F, 0x81, 
  0xE0, 0x3C, 0x07, 0x00, 0x60, 0xE1, 0xC3, 0x61, 0xC7, 0x71, 0xC7, 0x73, 
  0xC6, 0x73, 0x66, 0x33, 0x66, 0x33, 0x6E, 0x3E, 0x6C, 0x1E, 0x2C, 0x1E, 
  0x3C, 0x1E, 0x3C, 0x1E, 0x38, 0x0C, 0x38, 0x70, 0xE7, 0x0C, 0x39, 0xC1, 
  0xB8, 0x1F, 0x80, 0xF0, 0x0E, 0x00, 0xF0, 0x1F, 0x81, 0xB8, 0x39, 0xC7, 
  0x0E, 0x70, 0xE0, 0x70, 0xEE, 0x1C, 0xC7, 0x1C, 0xE1, 0x98, 0x3F, 0x03, 
  0xC0, 0x78, 0x06, 0x00, 0xC0, 0x18, 0x03, 0x00, 0x60, 0xFF, 0xFF, 0xC0, 
  0xE0, 0xE0, 0xF0, 0x70, 0x70, 0x70, 0x70, 0x38, 0x38, 0x1F, 0xFF, 0xF8, 
  0xFF, 0xCC, 0xCC, 0xCC, 0xCC, 0xCC, 0xCC, 0xCF, 0xF0, 0x84, 0x30, 0x84, 
  0x30, 0x84, 0x30, 0x84, 0x30, 0x80, 0xFF, 0xCE, 0x73, 0x9C, 0xE7, 0x39, 
  0xCE, 0x73, 0x9C, 0xFF, 0xF8, 0x18, 0x3C, 0x3C, 0x26, 0x66, 0x66, 0xC3, 
  0xFF, 0xFF, 0xF0, 0x62, 0x1C, 0x3F, 0x9C, 0xEC, 0x70, 0xFB, 0xFD, 0x8F, 
  0xC7, 0x7F, 0xBF, 0xC0, 0xE0, 0x70, 0x38, 0x1D, 0x8F, 0xF7, 0xBB, 0x8F, 
  0xC3, 0xE1, 0xF0, 0xF8, 0xFF, 0xEF, 0xE0, 0x18, 0x7E, 0xE7, 0xC3, 0xC0, 
  0xC0, 0xC0, 0xE3, 0xFF, 0x7E, 0x01, 0xC0, 0x70, 0x1C, 0x77, 0x3F, 0xDC, 
  0xF6, 0x1D, 0x87, 0x61, 0xD8, 0x77, 0x1D, 0xFF, 0x3F, 0xC0, 0x1C, 0x1F, 
  0x9C, 0xEC, 0x7F, 0xFF, 0xFF, 0x80, 0xC3, 0x7F, 0x9F, 0x80, 0x18, 0xE3, 
  0x0C, 0xFC, 0xC3, 0x0C, 0x30, 0xC3, 0x0C, 0x30, 0x3B, 0xBF, 0xF9, 0xF8, 
  0x7C, 0x3E, 0x1F, 0x0F, 0xC7, 0xFF, 0xBF, 0xC0, 0xF8, 0x6F, 0xF1, 0xE0, 
  0xE0, 0x70, 0x38, 0x1D, 0xCF, 0xF7, 0xBB, 0x8F, 0xC7, 0xE3, 0xF1, 0xF8, 
  0xFC, 0x7E, 0x38, 0xFC, 0x7F, 0xFF, 0xFF, 0xFE, 0x77, 0x07, 0x77, 0x77, 
  0x77, 0x77, 0x77, 0x7F, 0xE0, 0xE0, 0x70, 0x38, 0x1C, 0x6E, 0x77, 0x73, 
  0xF1, 0xF0, 0xFC, 0x77, 0x3B, 0x9C, 0xEE, 0x70, 0xFF, 0xFF, 0xFF, 0xFF, 
  0xFE, 0xEC, 0x73, 0xFF, 0xEF, 0x7B, 0xB8, 0xC7, 0xE3, 0x1F, 0x8C, 0x7E, 
  0x31, 0xF8, 0xC7, 0xE3, 0x1F, 0x8C, 0x70, 0xEE, 0x7F, 0xBD, 0xDC, 0x7E, 
  0x3F, 0x1F, 0x8F, 0xC7, 0xE3, 0xF1, 0xC0, 0x1C, 0x3F, 0xB9, 0xD8, 0x7C, 
  0x3E, 0x0F, 0x0F, 0xC7, 0xFF, 0x3F, 0x00, 0xCC, 0x6F, 0xBD, 0xDC, 0x7E, 
  0x1E, 0x0F, 0x87, 0xC7, 0xFF, 0x6F, 0xB0, 0x18, 0x0C, 0x06, 0x00, 0x1D, 
  0xCF, 0xF7, 0x3D, 0x87, 0x61, 0xF8, 0x76, 0x1D, 0x87, 0x7F, 0xCF, 0xF0, 
  0x1C, 0x07, 0x01, 0xC0, 0x70, 0xEF, 0xFF, 0xF8, 0xE3, 0x8E, 0x38, 0xE3, 
  0x80, 0x1C, 0x1F, 0x9C, 0xEC, 0x37, 0xC1, 0xFC, 0x1E, 0xC3, 0x7F, 0x9F, 
  0x80, 0x73, 0x9D, 0xF7, 0x39, 0xCE, 0x73, 0x9C, 0x70, 0xC3, 0xE1, 0xF0, 
  0xF8, 0x7C, 0x3E, 0x1F, 0x0F, 0xC7, 0xFF, 0xBF, 0xC0, 0xE1, 0xB0, 0xD8, 
  0xEE, 0x63, 0x31, 0xB8, 0xF8, 0x3C, 0x1E, 0x0E, 0x00, 0xE3, 0x1F, 0x38, 
  0xD9, 0xCE, 0xCF, 0x77, 0x7B, 0x3A, 0xD8, 0xF6, 0xC7, 0x9E, 0x3C, 0xE0, 
  0xC7, 0x00, 0xE3, 0xB9, 0xCD, 0xC7, 0xC1, 0xE0, 0xE0, 0x78, 0x7E, 0x73, 
  0x39, 0xC0, 0xE1, 0xB0, 0xD8, 0xEE, 0x63, 0x31, 0x98, 0xF8, 0x3C, 0x1E, 
  0x0E, 0x03, 0x03, 0x83, 0x81, 0x80, 0x7F, 0x7F, 0x07, 0x0E, 0x1C, 0x3C, 
  0x38, 0x70, 0xFF, 0xFF, 0x3B, 0xD8, 0xC6, 0x31, 0x9C, 0xC3, 0x18, 0xC6, 
  0x31, 0x8F, 0x18, 0xFF, 0xFF, 0x80, 0xE7, 0x8C, 0x63, 0x18, 0xC6, 0x19, 
  0x8C, 0x63, 0x18, 0xDC, 0xC0, 0x20, 0xF9, 0x8F, 0x00, 0xFF, 0xFF, 0xF0, 
  0xF8, 0x7C, 0x3E, 0x1F, 0x0F, 0x87, 0xC3, 0xE1, 0xF0, 0xFF, 0xFF, 0xF8, 
  0xFF, 0xFF, 0xF0, 0xF8, 0x7C, 0x3E, 0x1F, 0x0F, 0x87, 0xC3, 0xE1, 0xF0, 
  0xFF, 0xFF, 0xF8, 0xFF, 0xFF, 0xF0, 0xF8, 0x7C, 0x3E, 0x1F, 0x0F, 0x87, 
  0xC3, 0xE1, 0xF0, 0xFF, 0xFF, 0xF8, 0xFF, 0xFF, 0xF0, 0xF8, 0x7C, 0x3E, 
  0x1F, 0x0F, 0x87, 0xC3, 0xE1, 0xF0, 0xFF, 0xFF, 0xF8, 0xFF, 0xFF, 0xF0, 
  0xF8, 0x7C, 0x3E, 0x1F, 0x0F, 0x87, 0xC3, 0xE1, 0xF0, 0xFF, 0xFF, 0xF8, 
  0xFF, 0xFF, 0xF0, 0xF8, 0x7C, 0x3E, 0x1F, 0x0F, 0x87, 0xC3, 0xE1, 0xF0, 
  0xFF, 0xFF, 0xF8, 0xFF, 0xFF, 0xF0, 0xF8, 0x7C, 0x3E, 0x1F, 0x0F, 0x87, 
  0xC3, 0xE1, 0xF0, 0xFF, 0xFF, 0xF8, 0xFF, 0xFF, 0xF0, 0xF8, 0x7C, 0x3E, 
  0x1F, 0x0F, 0x87, 0xC3, 0xE1, 0xF0, 0xFF, 0xFF, 0xF8, 0xFF, 0xFF, 0xF0, 
  0xF8, 0x7C, 0x3E, 0x1F, 0x0F, 0x87, 0xC3, 0xE1, 0xF0, 0xFF, 0xFF, 0xF8, 
  0xFF, 0xFF, 0xF0, 0xF8, 0x7C, 0x3E, 0x1F, 0x0F, 0x87, 0xC3, 0xE1, 0xF0, 
  0xFF, 0xFF, 0xF8, 0xFF, 0xFF, 0xF0, 0xF8, 0x7C, 0x3E, 0x1F, 0x0F, 0x87, 
  0xC3, 0xE1, 0xF0, 0xFF, 0xFF, 0xF8, 0xFF, 0xFF, 0xF0, 0xF8, 0x7C, 0x3E, 
  0x1F, 0x0F, 0x87, 0xC3, 0xE1, 0xF0, 0xFF, 0xFF, 0xF8, 0xFF, 0xFF, 0xF0, 
  0xF8, 0x7C, 0x3E, 0x1F, 0x0F, 0x87, 0xC3, 0xE1, 0xF0, 0xFF, 0xFF, 0xF8, 
  0xFF, 0xFF, 0xF0, 0xF8, 0x7C, 0x3E, 0x1F, 0x0F, 0x87, 0xC3, 0xE1, 0xF0, 
  0xFF, 0xFF, 0xF8, 0xFF, 0xFF, 0xF0, 0xF8, 0x7C, 0x3E, 0x1F, 0x0F, 0x87, 
  0xC3, 0xE1, 0xF0, 0xFF, 0xFF, 0xF8, 0xFF, 0xFF, 0xF0, 0xF8, 0x7C, 0x3E, 
  0x1F, 0x0F, 0x87, 0xC3, 0xE1, 0xF0, 0xFF, 0xFF, 0xF8, 0xFF, 0xFF, 0xF0, 
  0xF8, 0x7C, 0x3E, 0x1F, 0x0F, 0x87, 0xC3, 0xE1, 0xF0, 0xFF, 0xFF, 0xF8, 
  0xFF, 0xFF, 0xF0, 0xF8, 0x7C, 0x3E, 0x1F, 0x0F, 0x87, 0xC3, 0xE1, 0xF0, 
  0xFF, 0xFF, 0xF8, 0xFF, 0xFF, 0xF0, 0xF8, 0x7C, 0x3E, 0x1F, 0x0F, 0x87, 
  0xC3, 0xE1, 0xF0, 0xFF, 0xFF, 0xF8, 0xFF, 0xFF, 0xF0, 0xF8, 0x7C, 0x3E, 
  0x1F, 0x0F, 0x87, 0xC3, 0xE1, 0xF0, 0xFF, 0xFF, 0xF8, 0xFF, 0xFF, 0xF0, 
  0xF8, 0x7C, 0x3E, 0x1F, 0x0F, 0x87, 0xC3, 0xE1, 0xF0, 0xFF, 0xFF, 0xF8, 
  0xFF, 0xFF, 0xF0, 0xF8, 0x7C, 0x3E, 0x1F, 0x0F, 0x87, 0xC3, 0xE1, 0xF0, 
  0xFF, 0xFF, 0xF8, 0xFF, 0xFF, 0xF0, 0xF8, 0x7C, 0x3E, 0x1F, 0x0F, 0x87, 
  0xC3, 0xE1, 0xF0, 0xFF, 0xFF, 0xF8, 0xFF, 0xFF, 0xF0, 0xF8, 0x7C, 0x3E, 
  0x1F, 0x0F, 0x87, 0xC3, 0xE1, 0xF0, 0xFF, 0xFF, 0xF8, 0xFF, 0xFF, 0xF0, 
  0xF8, 0x7C, 0x3E, 0x1F, 0x0F, 0x87, 0xC3, 0xE1, 0xF0, 0xFF, 0xFF, 0xF8, 
  0xFF, 0xFF, 0xF0, 0xF8, 0x7C, 0x3E, 0x1F, 0x0F, 0x87, 0xC3, 0xE1, 0xF0, 
  0xFF, 0xFF, 0xF8, 0xFF, 0xFF, 0xF0, 0xF8, 0x7C, 0x3E, 0x1F, 0x0F, 0x87, 
  0xC3, 0xE1, 0xF0, 0xFF, 0xFF, 0xF8, 0xFF, 0xFF, 0xF0, 0xF8, 0x7C, 0x3E, 
  0x1F, 0x0F, 0x87, 0xC3, 0xE1, 0xF0, 0xFF, 0xFF, 0xF8, 0xFF, 0xFF, 0xF0, 
  0xF8, 0x7C, 0x3E, 0x1F, 0x0F, 0x87, 0xC3, 0xE1, 0xF0, 0xFF, 0xFF, 0xF8, 
  0xFF, 0xFF, 0xF0, 0xF8, 0x7C, 0x3E, 0x1F, 0x0F, 0x87, 0xC3, 0xE1, 0xF0, 
  0xFF, 0xFF, 0xF8, 0xFF, 0xFF, 0xF0, 0xF8, 0x7C, 0x3E, 0x1F, 0x0F, 0x87, 
  0xC3, 0xE1, 0xF0, 0xFF, 0xFF, 0xF8, 0xFF, 0xFF, 0xF0, 0xF8, 0x7C, 0x3E, 
  0x1F, 0x0F, 0x87, 0xC3, 0xE1, 0xF0, 0xFF, 0xFF, 0xF8, 0xFF, 0xFF, 0xF0, 
  0xF8, 0x7C, 0x3E, 0x1F, 0x0F, 0x87, 0xC3, 0xE1, 0xF0, 0xFF, 0xFF, 0xF8, 
  0x00, 0xFF, 0x84, 0x97, 0xFF, 0xFE, 0x10, 0x18, 0x7E, 0xF7, 0xD3, 0xD0, 
  0xD0, 0xD0, 0xF3, 0xFF, 0x7E, 0x10, 0x10, 0x18, 0x7E, 0xE7, 0xC3, 0xC0, 
  0xE0, 0xFC, 0x60, 0x70, 0x70, 0x60, 0xFF, 0xFF, 0x00, 0x3E, 0xDF, 0xC6, 
  0x66, 0x13, 0x08, 0xCC, 0xFF, 0x41, 0x80, 0x61, 0x9C, 0xE3, 0x30, 0xFC, 
  0x1E, 0x07, 0x87, 0xF8, 0x30, 0x7F, 0x83, 0x00, 0xC0, 0x30, 0xFE, 0x3F, 
  0x80, 0x38, 0x7E, 0xE6, 0xE0, 0xF0, 0x7C, 0xDE, 0xC7, 0xC3, 0xF3, 0x7E, 
  0x1E, 0x07, 0xC7, 0xEE, 0x7E, 0x10, 0xCF, 0x30, 0x0F, 0x81, 0xC7, 0x18, 
  0x0C, 0x9F, 0x2D, 0x8D, 0xCC, 0x06, 0x40, 0x33, 0x01, 0x98, 0xCE, 0x7C, 
  0xD9, 0xCC, 0x60, 0xC1, 0xFC, 0x00, 0x74, 0x8D, 0xA9, 0x7C, 0x1F, 0x47, 
  0x39, 0xA6, 0xCD, 0x10, 0x00, 0xFF, 0xFF, 0xFF, 0xE0, 0x70, 0x38, 0xFF, 
  0xC0, 0x0F, 0x81, 0xC7, 0x18, 0x0C, 0xBF, 0x2D, 0x8D, 0xCC, 0x66, 0x7E, 
  0x33, 0x31, 0x98, 0x8E, 0xC4, 0xDE, 0x3C, 0x60, 0xC1, 0xFC, 0x00, 0xFF, 
  0xF0, 0x74, 0xE3, 0x1F, 0x00, 0x18, 0x18, 0x18, 0xFF, 0xFF, 0x18, 0x18, 
  0x18, 0x18, 0xFF, 0xFF, 0x31, 0xEC, 0xC3, 0x19, 0xC6, 0x3F, 0x31, 0xEC, 
  0xC6, 0x38, 0x3C, 0xDE, 0x64, 0xC3, 0x61, 0xB0, 0xD8, 0x6C, 0x36, 0x1B, 
  0x0D, 0xCE, 0xFF, 0x7F, 0xF0, 0x18, 0x0C, 0x06, 0x00, 0x3F, 0xBE, 0xDF, 
  0x7F, 0xBF, 0xDF, 0xED, 0xF6, 0x7B, 0x0D, 0x86, 0xC3, 0x61, 0xB0, 0xD8, 
  0x6C, 0x36, 0x1B, 0xF0, 0x21, 0xC2, 0xF0, 0x7C, 0x92, 0x48, 0x39, 0xBC, 
  0xF1, 0x4D, 0xE0, 0x1F, 0x93, 0x64, 0xD1, 0xDE, 0x60, 0x00, 0x00, 0x61, 
  0x81, 0x0E, 0x0C, 0x08, 0x20, 0x21, 0x80, 0x84, 0x02, 0x21, 0x89, 0x8E, 
  0x04, 0x78, 0x31, 0x60, 0x8F, 0xC6, 0x06, 0x30, 0x18, 0x00, 0x61, 0x81, 
  0x0E, 0x0C, 0x08, 0x20, 0x21, 0x80, 0x8C, 0xC2, 0x27, 0xC9, 0x93, 0x04, 
  0x0C, 0x30, 0x60, 0x83, 0x04, 0x18, 0x30, 0xFC, 0x30, 0x10, 0xF0, 0x63, 
  0x30, 0x80, 0xC3, 0x03, 0x84, 0x01, 0x98, 0x33, 0x63, 0x3C, 0x8E, 0x03, 
  0x3C, 0x04, 0x58, 0x19, 0xF8, 0x20, 0x60, 0xC0, 0xC0, 0x1C, 0x0E, 0x07, 
  0x00, 0x01, 0x80, 0xC0, 0xE0, 0xE0, 0xE0, 0x61, 0xF8, 0xDE, 0xE7, 0xE0, 
  0xC0, 0x0E, 0x00, 0x20, 0x00, 0x00, 0x70, 0x07, 0x00, 0xF8, 0x0D, 0x81, 
  0xD8, 0x1D, 0xC1, 0x8C, 0x38, 0xC3, 0xFE, 0x3F, 0xE7, 0x07, 0x70, 0x76, 
  0x03, 0x03, 0x80, 0x20, 0x00, 0x00, 0x70, 0x07, 0x00, 0xF8, 0x0D, 0x81, 
  0xD8, 0x1D, 0xC1, 0x8C, 0x38, 0xC3, 0xFE, 0x3F, 0xE7, 0x07, 0x70, 0x76, 
  0x03, 0x07, 0x00, 0x98, 0x00, 0x00, 0x70, 0x07, 0x00, 0xF8, 0x0D, 0x81, 
  0xD8, 0x1D, 0xC1, 0x8C, 0x38, 0xC3, 0xFE, 0x3F, 0xE7, 0x07, 0x70, 0x76, 
  0x03, 0x0F, 0xC1, 0x98, 0x00, 0x00, 0x70, 0x07, 0x00, 0xF8, 0x0D, 0x81, 
  0xD8, 0x1D, 0xC1, 0x8C, 0x38, 0xC3, 0xFE, 0x3F, 0xE7, 0x07, 0x70, 0x76, 
  0x03, 0x0D, 0x80, 0xD8, 0x00, 0x00, 0x70, 0x07, 0x00, 0xF8, 0x0D, 0x81, 
  0xD8, 0x1D, 0xC1, 0x8C, 0x38, 0xC3, 0xFE, 0x3F, 0xE7, 0x07, 0x70, 0x76, 
  0x03, 0x02, 0x00, 0x50, 0x05, 0x00, 0x20, 0x07, 0x00, 0x70, 0x0F, 0x80, 
  0xD8, 0x1D, 0x81, 0xDC, 0x18, 0xC3, 0x8C, 0x3F, 0xE3, 0xFE, 0x70, 0x77, 
  0x07, 0x60, 0x30, 0x07, 0xFF, 0x87, 0xFF, 0xC3, 0x30, 0x03, 0x98, 0x01, 
  0xCC, 0x00, 0xC7, 0xF8, 0xE3, 0xFC, 0x71, 0x80, 0x3F, 0xC0, 0x3F, 0xE0, 
  0x1C, 0x30, 0x0C, 0x1F, 0xFE, 0x0F, 0xF8, 0x1F, 0x07, 0xF9, 0xC7, 0x70, 
  0x7E, 0x0F, 0x80, 0x30, 0x06, 0x00, 0xE0, 0x1C, 0x1D, 0xC3, 0xBF, 0xE3, 
  0xF8, 0x08, 0x03, 0x80, 0x10, 0x1E, 0x00, 0x18, 0x03, 0x00, 0x03, 0xFF, 
  0xFF, 0xF8, 0x0E, 0x03, 0x80, 0xFF, 0xBF, 0xEE, 0x03, 0x80, 0xE0, 0x38, 
  0x0F, 0xFF, 0xFF, 0x06, 0x03, 0x00, 0x03, 0xFF, 0xFF, 0xF8, 0x0E, 0x03, 
  0x80, 0xFF, 0xBF, 0xEE, 0x03, 0x80, 0xE0, 0x38, 0x0F, 0xFF, 0xFF, 0x1E, 
  0x04, 0x80, 0x03, 0xFF, 0xFF, 0xF8, 0x0E, 0x03, 0x80, 0xFF, 0xBF, 0xEE, 
  0x03, 0x80, 0xE0, 0x38, 0x0F, 0xFF, 0xFF, 0x33, 0x0C, 0xC0, 0x03, 0xFF, 
  0xFF, 0xF8, 0x0E, 0x03, 0x80, 0xFF, 0xBF, 0xEE, 0x03, 0x80, 0xE0, 0x38, 
  0x0F, 0xFF, 0xFF, 0xC6, 0x07, 0x77, 0x77, 0x77, 0x77, 0x77, 0x77, 0x74, 
  0x0E, 0xEE, 0xEE, 0xEE, 0xEE, 0xEE, 0xEE, 0x76, 0xC0, 0xE7, 0x39, 0xCE, 
  0x73, 0x9C, 0xE7, 0x39, 0xCE, 0xDE, 0xC0, 0xE7, 0x39, 0xCE, 0x73, 0x9C, 
  0xE7, 0x39, 0xCE, 0x7F, 0x87, 0xFC, 0x71, 0xE7, 0x06, 0x70, 0x77, 0x07, 
  0xFE, 0x77, 0x07, 0x70, 0x77, 0x07, 0x70, 0xE7, 0xFC, 0x7F, 0x80, 0x1F, 
  0x86, 0x60, 0x00, 0x70, 0x7F, 0x0F, 0xE1, 0xFE, 0x3F, 0xC7, 0xEC, 0xFD, 
  0xDF, 0x9B, 0xF3, 0xFE, 0x3F, 0xC3, 0xF8, 0x7F, 0x07, 0x0C, 0x00, 0x60, 
  0x00, 0x01, 0xF8, 0x3F, 0xC7, 0x1E, 0xE0, 0x6E, 0x07, 0xC0, 0x7C, 0x07, 
  0xC0, 0x7E, 0x07, 0xE0, 0x77, 0x0E, 0x7F, 0xC1, 0xF8, 0x03, 0x00, 0x60, 
  0x00, 0x01, 0xF8, 0x3F, 0xC7, 0x1E, 0xE0, 0x6E, 0x07, 0xC0, 0x7C, 0x07, 
  0xC0, 0x7E, 0x07, 0xE0, 0x77, 0x0E, 0x7F, 0xC1, 0xF8, 0x0F, 0x00, 0x90, 
  0x00, 0x01, 0xF8, 0x3F, 0xC7, 0x1E, 0xE0, 0x6E, 0x07, 0xC0, 0x7C, 0x07, 
  0xC0, 0x7E, 0x07, 0xE0, 0x77, 0x0E, 0x7F, 0xC1, 0xF8, 0x1F, 0x81, 0x38, 
  0x00, 0x01, 0xF8, 0x3F, 0xC7, 0x1E, 0xE0, 0x6E, 0x07, 0xC0, 0x7C, 0x07, 
  0xC0, 0x7E, 0x07, 0xE0, 0x77, 0x0E, 0x7F, 0xC1, 0xF8, 0x19, 0x81, 0x98, 
  0x00, 0x01, 0xF8, 0x3F, 0xC7, 0x1E, 0xE0, 0x6E, 0x07, 0xC0, 0x7C, 0x07, 
  0xC0, 0x7E, 0x07, 0xE0, 0x77, 0x0E, 0x7F, 0xC1, 0xF8, 0x02, 0x67, 0x7E, 
  0x3C, 0x3C, 0x7E, 0x67, 0x02, 0x1F, 0x93, 0xFE, 0x71, 0xEE, 0x0E, 0xE1, 
  0xFC, 0x37, 0xC6, 0x7C, 0xC7, 0xC8, 0x7F, 0x07, 0x70, 0xE7, 0xFC, 0xFF, 
  0x88, 0x00, 0x0C, 0x00, 0x80, 0x00, 0x70, 0x7E, 0x0F, 0xC1, 0xF8, 0x3F, 
  0x07, 0xE0, 0xFC, 0x1F, 0x83, 0xF0, 0x7E, 0x0C, 0xC3, 0x9F, 0xF1, 0xFC, 
  0x06, 0x00, 0x80, 0x00, 0x70, 0x7E, 0x0F, 0xC1, 0xF8, 0x3F, 0x07, 0xE0, 
  0xFC, 0x1F, 0x83, 0xF0, 0x7E, 0x0C, 0xC3, 0x9F, 0xF1, 0xFC, 0x0E, 0x03, 
  0x60, 0x00, 0x70, 0x7E, 0x0F, 0xC1, 0xF8, 0x3F, 0x07, 0xE0, 0xFC, 0x1F, 
  0x83, 0xF0, 0x7E, 0x0C, 0xC3, 0x9F, 0xF1, 0xFC, 0x1B, 0x03, 0x60, 0x00, 
  0x70, 0x7E, 0x0F, 0xC1, 0xF8, 0x3F, 0x07, 0xE0, 0xFC, 0x1F, 0x83, 0xF0, 
  0x7E, 0x0C, 0xC3, 0x9F, 0xF1, 0xFC, 0x03, 0x00, 0xC0, 0x00, 0x38, 0x77, 
  0x0E, 0x63, 0x8E, 0x70, 0xCC, 0x1F, 0x81, 0xE0, 0x3C, 0x03, 0x00, 0x60, 
  0x0C, 0x01, 0x80, 0x30, 0xE0, 0x38, 0x0F, 0xF3, 0xFE, 0xE3, 0xF8, 0x7E, 
  0x1F, 0x87, 0xFF, 0xFF, 0xEF, 0xE3, 0x80, 0xE0, 0x00, 0x3C, 0x3F, 0xB9, 
  0xDC, 0x6E, 0x37, 0x73, 0xBD, 0xC7, 0xE1, 0xF0, 0xF8, 0xFD, 0xEE, 0xF0, 
  0x18, 0x04, 0x00, 0x03, 0x87, 0xF3, 0x9D, 0x8E, 0x1F, 0x7F, 0xB1, 0xF8, 
  0xEF, 0xF7, 0xF8, 0x06, 0x06, 0x00, 0x03, 0x87, 0xF3, 0x9D, 0x8E, 0x1F, 
  0x7F, 0xB1, 0xF8, 0xEF, 0xF7, 0xF8, 0x1C, 0x09, 0x08, 0x03, 0x87, 0xF3, 
  0x9D, 0x8E, 0x1F, 0x7F, 0xB1, 0xF8, 0xEF, 0xF7, 0xF8, 0x39, 0x17, 0x00, 
  0x03, 0x87, 0xF3, 0x9D, 0x8E, 0x1F, 0x7F, 0xB1, 0xF8, 0xEF, 0xF7, 0xF8, 
  0x32, 0x19, 0x00, 0x03, 0x87, 0xF3, 0x9D, 0x8E, 0x1F, 0x7F, 0xB1, 0xF8, 
  0xEF, 0xF7, 0xF8, 0x08, 0x0A, 0x05, 0x01, 0x01, 0xC3, 0xF9, 0xCE, 0xC7, 
  0x0F, 0xBF, 0xD8, 0xFC, 0x77, 0xFB, 0xFC, 0x1C, 0x70, 0xFF, 0xF9, 0xCF, 
  0x33, 0x1C, 0x71, 0xFF, 0xEF, 0xFF, 0xD8, 0xE0, 0x71, 0xC7, 0x7F, 0xDC, 
  0xF9, 0xF0, 0x18, 0x7E, 0xE7, 0xC3, 0xC0, 0xC0, 0xC0, 0xE3, 0xFF, 0x7E, 
  0x10, 0x1C, 0x0C, 0x38, 0x18, 0x04, 0x00, 0x03, 0x83, 0xF3, 0x9D, 0x8F, 
  0xFF, 0xFF, 0xF0, 0x18, 0x6F, 0xF3, 0xF0, 0x06, 0x06, 0x00, 0x03, 0x83, 
  0xF3, 0x9D, 0x8F, 0xFF, 0xFF, 0xF0, 0x18, 0x6F, 0xF3, 0xF0, 0x1C, 0x09, 
  0x00, 0x03, 0x83, 0xF3, 0x9D, 0x8F, 0xFF, 0xFF, 0xF0, 0x18, 0x6F, 0xF3, 
  0xF0, 0x33, 0x19, 0x80, 0x03, 0x83, 0xF3, 0x9D, 0x8F, 0xFF, 0xFF, 0xF0, 
  0x18, 0x6F, 0xF3, 0xF0, 0xC6, 0x07, 0x77, 0x77, 0x77, 0x77, 0x70, 0x76, 
  0x0E, 0xEE, 0xEE, 0xEE, 0xEE, 0xE0, 0x76, 0xC0, 0xE7, 0x39, 0xCE, 0x73, 
  0x9C, 0xE7, 0x00, 0xDE, 0xC0, 0xE7, 0x39, 0xCE, 0x73, 0x9C, 0xE7, 0x00, 
  0x36, 0x0C, 0x0B, 0x80, 0xC7, 0xF7, 0xBF, 0x8F, 0x87, 0xC1, 0xE1, 0xF8, 
  0xFF, 0xE7, 0xE0, 0x3A, 0x27, 0x00, 0x1D, 0xCF, 0xF7, 0xBB, 0x8F, 0xC7, 
  0xE3, 0xF1, 0xF8, 0xFC, 0x7E, 0x38, 0x38, 0x0C, 0x00, 0x03, 0x87, 0xF7, 
  0x3B, 0x0F, 0x87, 0xC1, 0xE1, 0xF8, 0xFF, 0xE7, 0xE0, 0x0C, 0x04, 0x00, 
  0x03, 0x87, 0xF7, 0x3B, 0x0F, 0x87, 0xC1, 0xE1, 0xF8, 0xFF, 0xE7, 0xE0, 
  0x1C, 0x13, 0x00, 0x03, 0x87, 0xF7, 0x3B, 0x0F, 0x87, 0xC1, 0xE1, 0xF8, 
  0xFF, 0xE7, 0xE0, 0x3A, 0x37, 0x00, 0x03, 0x87, 0xF7, 0x3B, 0x0F, 0x87, 
  0xC1, 0xE1, 0xF8, 0xFF, 0xE7, 0xE0, 0x36, 0x1B, 0x00, 0x03, 0x87, 0xF7, 
  0x3B, 0x0F, 0x87, 0xC1, 0xE1, 0xF8, 0xFF, 0xE7, 0xE0, 0x18, 0x18, 0x00, 
  0xFF, 0xFF, 0x00, 0x18, 0x18, 0x0E, 0x47, 0xF9, 0xCE, 0x38, 0xE6, 0x2C, 
  0xC9, 0x9A, 0x73, 0x8E, 0x7F, 0x8F, 0xE0, 0x00, 0x00, 0x30, 0x0C, 0x00, 
  0x18, 0x7C, 0x3E, 0x1F, 0x0F, 0x87, 0xC3, 0xE1, 0xF8, 0xFF, 0xF7, 0xF8, 
  0x0C, 0x04, 0x00, 0x18, 0x7C, 0x3E, 0x1F, 0x0F, 0x87, 0xC3, 0xE1, 0xF8, 
  0xFF, 0xF7, 0xF8, 0x1C, 0x13, 0x00, 0x18, 0x7C, 0x3E, 0x1F, 0x0F, 0x87, 
  0xC3, 0xE1, 0xF8, 0xFF, 0xF7, 0xF8, 0x26, 0x13, 0x00, 0x18, 0x7C, 0x3E, 
  0x1F, 0x0F, 0x87, 0xC3, 0xE1, 0xF8, 0xFF, 0xF7, 0xF8, 0x06, 0x06, 0x00, 
  0x1C, 0x36, 0x1B, 0x1D, 0xCC, 0x66, 0x33, 0x1F, 0x07, 0x83, 0xC1, 0xC0, 
  0x60, 0x70, 0x70, 0x30, 0x00, 0xC0, 0x60, 0x30, 0x19, 0x8D, 0xF7, 0xBB, 
  0x8F, 0xC3, 0xC1, 0xF0, 0xF8, 0xFF, 0xED, 0xE6, 0x03, 0x01, 0x80, 0xC0, 
  0x00, 0x33, 0x19, 0x80, 0x1C, 0x36, 0x1B, 0x1D, 0xCC, 0x66, 0x33, 0x1F, 
  0x07, 0x83, 0xC1, 0xC0, 0x60, 0x70, 0x70, 0x30, 0x00, 
};

const GFXglyph FreeSansBold9pt8bGlyphs[] PROGMEM = {
  { 0, 1, 1, 5, 0, -1 },
  { 1, 3, 13, 6, 2, -13 },
  { 6, 6, 5, 8, 1, -13 },
  { 10, 10, 13, 10, 0, -12 },
  { 27, 9, 15, 10, 0, -13 },
  { 44, 15, 12, 16, 0, -12 },
  { 67, 11, 13, 13, 1, -13 },
  { 85, 2, 5, 4, 1, -13 },
  { 87, 4, 17, 6, 1, -13 },
  { 96, 5, 17, 6, 0, -13 },
  { 107, 6, 6, 7, 0, -13 },
  { 112, 8, 8, 10, 1, -8 },
  { 120, 3, 6, 5, 1, -3 },
  { 123, 5, 2, 6, 0, -6 },
  { 125, 3, 3, 5, 1, -3 },
  { 127, 5, 13, 5, 0, -13 },
  { 136, 9, 13, 10, 0, -13 },
  { 151, 6, 12, 10, 1, -12 },
  { 160, 8, 13, 10, 1, -13 },
  { 173, 9, 13, 10, 0, -13 },
  { 188, 9, 12, 10, 0, -12 },
  { 202, 9, 12, 10, 0, -12 },
  { 216, 8, 13, 10, 1, -13 },
  { 229, 9, 12, 10, 0, -12 },
  { 243, 9, 13, 10, 0, -13 },
  { 258, 9, 13, 10, 0, -13 },
  { 273, 3, 9, 6, 2, -9 },
  { 277, 3, 12, 6, 2, -9 },
  { 282, 8, 8, 10, 1, -8 },
  { 290, 8, 6, 10, 1, -7 },
  { 296, 8, 8, 10, 1, -8 },
  { 304, 9, 13, 11, 1, -13 },
  { 319, 17, 15, 17, 0, -13 },
  { 351, 12, 13, 13, 0, -13 },
  { 371, 11, 13, 13, 1, -13 },
  { 389, 11, 13, 13, 1, -13 },
  { 407, 11, 13, 13, 1, -13 },
  { 425, 10, 13, 12, 1, -13 },
  { 442, 9, 13, 11, 1, -13 },
  { 457, 12, 13, 14, 1, -13 },
  { 477, 11, 13, 13, 1, -13 },
  { 495, 3, 13, 5, 1, -13 },
  { 500, 9, 13, 10, 0, -13 },
  { 515, 12, 13, 13, 1, -13 },
  { 535, 9, 13, 11, 1, -13 },
  { 550, 13, 13, 15, 1, -13 },
  { 572, 11, 13, 13, 1, -13 },
  { 590, 12, 13, 14, 1, -13 },
  { 610, 10, 13, 12, 1, -13 },
  { 627, 12, 14, 14, 1, -13 },
  { 648, 11, 13, 13, 1, -13 },
  { 666, 10, 13, 12, 1, -13 },
  { 683, 11, 13, 11, 0, -13 },
  { 701, 11, 13, 13, 1, -13 },
  { 719, 11, 13, 12, 0, -13 },
  { 737, 16, 13, 17, 0, -13 },
  { 763, 12, 13, 12, 0, -13 },
  { 783, 11, 13, 12, 0, -13 },
  { 801, 9, 13, 11, 1, -13 },
  { 816, 4, 17, 6, 1, -13 },
  { 825, 5, 13, 5, 0, -13 },
  { 834, 5, 17, 6, 0, -13 },
  { 845, 8, 7, 10, 1, -12 },
  { 852, 10, 2, 10, 0, 2 },
  { 855, 4, 2, 6, 0, -13 },
  { 856, 9, 10, 10, 0, -10 },
  { 868, 9, 13, 11, 1, -13 },
  { 883, 8, 10, 10, 1, -10 },
  { 893, 10, 13, 11, 0, -13 },
  { 910, 9, 10, 10, 0, -10 },
  { 922, 6, 13, 6, 0, -13 },
  { 932, 9, 14, 11, 1, -10 },
  { 948, 9, 13, 11, 1, -13 },
  { 963, 3, 13, 5, 1, -13 },
  { 968, 4, 17, 5, 0, -13 },
  { 977, 9, 13, 10, 1, -13 },
  { 992, 3, 13, 5, 1, -13 },
  { 997, 14, 10, 16, 1, -10 },
  { 1015, 9, 10, 11, 1, -10 },
  { 1027, 9, 10, 11, 1, -10 },
  { 1039, 9, 14, 11, 1, -10 },
  { 1055, 10, 14, 11, 0, -10 },
  { 1073, 6, 10, 7, 1, -10 },
  { 1081, 9, 10, 10, 0, -10 },
  { 1093, 5, 12, 6, 0, -12 },
  { 1101, 9, 10, 11, 1, -10 },
  { 1113, 9, 10, 10, 0, -10 },
  { 1125, 13, 10, 14, 0, -10 },
  { 1142, 9, 10, 10, 0, -10 },
  { 1154, 9, 14, 10, 0, -10 },
  { 1170, 8, 10, 9, 0, -10 },
  { 1180, 5, 17, 7, 1, -13 },
  { 1191, 1, 17, 5, 2, -13 },
  { 1194, 5, 17, 7, 1, -13 },
  { 1205, 8, 4, 10, 1, -6 },
  { 1209, 9, 13, 12, 2, -13 },
  { 1224, 9, 13, 12, 2, -13 },
  { 1239, 9, 13, 12, 2, -13 },
  { 1254, 9, 13, 12, 2, -13 },
  { 1269, 9, 13, 12, 2, -13 },
  { 1284, 9, 13, 12, 2, -13 },
  { 1299, 9, 13, 12, 2, -13 },
  { 1314, 9, 13, 12, 2, -13 },
  { 1329, 9, 13, 12, 2, -13 },
  { 1344, 9, 13, 12, 2, -13 },
  { 1359, 9, 13, 12, 2, -13 },
  { 1374, 9, 13, 12, 2, -13 },
  { 1389, 9, 13, 12, 2, -13 },
  { 1404, 9, 13, 12, 2, -13 },
  { 1419, 9, 13, 12, 2, -13 },
  { 1434, 9, 13, 12, 2, -13 },
  { 1449, 9, 13, 12, 2, -13 },
  { 1464, 9, 13, 12, 2, -13 },
  { 1479, 9, 13, 12, 2, -13 },
  { 1494, 9, 13, 12, 2, -13 },
  { 1509, 9, 13, 12, 2, -13 },
  { 1524, 9, 13, 12, 2, -13 },
  { 1539, 9, 13, 12, 2, -13 },
  { 1554, 9, 13, 12, 2, -13 },
  { 1569, 9, 13, 12, 2, -13 },
  { 1584, 9, 13, 12, 2, -13 },
  { 1599, 9, 13, 12, 2, -13 },
  { 1614, 9, 13, 12, 2, -13 },
  { 1629, 9, 13, 12, 2, -13 },
  { 1644, 9, 13, 12, 2, -13 },
  { 1659, 9, 13, 12, 2, -13 },
  { 1674, 9, 13, 12, 2, -13 },
  { 1689, 9, 13, 12, 2, -13 },
  { 1704, 1, 1, 5, 0, -1 },
  { 1705, 3, 13, 6, 1, -10 },
  { 1710, 8, 13, 10, 1, -11 },
  { 1723, 8, 13, 10, 1, -13 },
  { 1736, 9, 9, 10, 0, -11 },
  { 1747, 10, 12, 10, 0, -12 },
  { 1762, 1, 17, 5, 2, -13 },
  { 1765, 8, 17, 10, 1, -13 },
  { 1782, 6, 2, 6, 0, -13 },
  { 1784, 13, 13, 13, 0, -13 },
  { 1806, 5, 8, 7, 1, -13 },
  { 1811, 6, 7, 10, 2, -8 },
  { 1817, 9, 5, 10, 1, -7 },
  { 1823, 5, 2, 6, 0, -6 },
  { 1825, 13, 13, 13, 0, -13 },
  { 1847, 6, 2, 6, 0, -13 },
  { 1849, 5, 5, 11, 3, -12 },
  { 1853, 8, 11, 10, 1, -11 },
  { 1864, 6, 8, 6, 0, -13 },
  { 1870, 6, 8, 6, 0, -13 },
  { 1876, 4, 2, 6, 2, -13 },
  { 1877, 9, 14, 11, 1, -10 },
  { 1893, 9, 16, 10, 0, -13 },
  { 1911, 2, 2, 5, 1, -5 },
  { 1912, 5, 4, 6, 0, 0 },
  { 1915, 3, 7, 5, 1, -12 },
  { 1918, 6, 8, 6, 0, -13 },
  { 1924, 6, 7, 10, 2, -8 },
  { 1930, 14, 13, 15, 1, -13 },
  { 1953, 14, 13, 15, 1, -13 },
  { 1976, 15, 13, 15, 0, -13 },
  { 2001, 9, 14, 11, 1, -10 },
  { 2017, 12, 16, 13, 0, -16 },
  { 2041, 12, 16, 13, 0, -16 },
  { 2065, 12, 16, 13, 0, -16 },
  { 2089, 12, 16, 13, 0, -16 },
  { 2113, 12, 16, 13, 0, -16 },
  { 2137, 12, 17, 13, 0, -17 },
  { 2163, 17, 13, 18, 0, -13 },
  { 2191, 11, 17, 13, 1, -13 },
  { 2215, 10, 16, 12, 1, -16 },
  { 2235, 10, 16, 12, 1, -16 },
  { 2255, 10, 16, 12, 1, -16 },
  { 2275, 10, 16, 12, 1, -16 },
  { 2295, 4, 16, 5, 0, -16 },
  { 2303, 4, 16, 5, 1, -16 },
  { 2311, 5, 16, 5, 0, -16 },
  { 2321, 5, 16, 5, 0, -16 },
  { 2331, 12, 13, 13, 0, -13 },
  { 2351, 11, 16, 13, 1, -16 },
  { 2373, 12, 16, 14, 1, -16 },
  { 2397, 12, 16, 14, 1, -16 },
  { 2421, 12, 16, 14, 1, -16 },
  { 2445, 12, 16, 14, 1, -16 },
  { 2469, 12, 16, 14, 1, -16 },
  { 2493, 8, 8, 10, 1, -8 },
  { 2501, 12, 14, 14, 1, -13 },
  { 2522, 11, 16, 13, 1, -16 },
  { 2544, 11, 16, 13, 1, -16 },
  { 2566, 11, 16, 13, 1, -16 },
  { 2588, 11, 16, 13, 1, -16 },
  { 2610, 11, 16, 12, 0, -16 },
  { 2632, 10, 13, 12, 1, -13 },
  { 2649, 9, 13, 11, 1, -13 },
  { 2664, 9, 13, 10, 0, -13 },
  { 2679, 9, 13, 10, 0, -13 },
  { 2694, 9, 13, 10, 0, -13 },
  { 2709, 9, 13, 10, 0, -13 },
  { 2724, 9, 13, 10, 0, -13 },
  { 2739, 9, 14, 10, 0, -14 },
  { 2755, 15, 10, 16, 0, -10 },
  { 2774, 8, 14, 10, 1, -10 },
  { 2788, 9, 13, 10, 0, -13 },
  { 2803, 9, 13, 10, 0, -13 },
  { 2818, 9, 13, 10, 0, -13 },
  { 2833, 9, 13, 10, 0, -13 },
  { 2848, 4, 13, 5, 0, -13 },
  { 2855, 4, 13, 5, 1, -13 },
  { 2862, 5, 13, 5, 0, -13 },
  { 2871, 5, 13, 5, 0, -13 },
  { 2880, 9, 13, 11, 1, -13 },
  { 2895, 9, 13, 11, 1, -13 },
  { 2910, 9, 13, 11, 1, -13 },
  { 2925, 9, 13, 11, 1, -13 },
  { 2940, 9, 13, 11, 1, -13 },
  { 2955, 9, 13, 11, 1, -13 },
  { 2970, 9, 13, 11, 1, -13 },
  { 2985, 8, 8, 10, 1, -8 },
  { 2993, 11, 11, 11, 0, -10 },
  { 3009, 9, 13, 11, 1, -13 },
  { 3024, 9, 13, 11, 1, -13 },
  { 3039, 9, 13, 11, 1, -13 },
  { 3054, 9, 13, 11, 1, -13 },
  { 3069, 9, 17, 10, 0, -13 },
  { 3089, 9, 17, 11, 1, -13 },
  { 3109, 9, 17, 10, 0, -13 },
};

const GFXfont FreeSansBold9pt8b PROGMEM = {
  (uint8_t *)FreeSansBold9pt8bBitmaps,
  (GFXglyph *)FreeSansBold9pt8bGlyphs,
  0x20, 0xFF, 25
};

const uint8_t FreeSans12pt8bBitmaps[] PROGMEM = {
  0x00, 0xFF, 0xFF, 0xFF, 0x83, 0xC0, 0xCF, 0x3C, 0xF3, 0x4D, 0x30, 0x06, 
  0x60, 0x23, 0x03, 0x18, 0x18, 0xC7, 0xFF, 0xBF, 0xFC, 0x23, 0x03, 0x18, 
  0x18, 0xC0, 0xC6, 0x3F, 0xFD, 0xFF, 0xE1, 0x18, 0x18, 0xC0, 0xC6, 0x06, 
  0x30, 0x04, 0x03, 0xC1, 0xFE, 0x32, 0x6C, 0x4D, 0x88, 0xF1, 0x07, 0x20, 
  0x7C, 0x07, 0xF0, 0x1F, 0x02, 0x70, 0x47, 0x88, 0xF1, 0x1E, 0x23, 0x64, 
  0xC7, 0xF0, 0x30, 0x02, 0x00, 0x40, 0x00, 0x06, 0x07, 0x80, 0x83, 0xF8, 
  0x30, 0x61, 0x04, 0x08, 0x31, 0x81, 0x06, 0x60, 0x31, 0x8C, 0x03, 0xF3, 
  0x00, 0x38, 0x40, 0x00, 0x18, 0x40, 0x02, 0x3F, 0x00, 0xC6, 0x30, 0x11, 
  0x86, 0x06, 0x30, 0x40, 0x86, 0x18, 0x30, 0x67, 0x04, 0x07, 0xC0, 0x06, 
  0x00, 0x7E, 0x03, 0x9C, 0x0C, 0x30, 0x30, 0xC0, 0xE7, 0x01, 0xB8, 0x03, 
  0xC0, 0x1E, 0x00, 0xDC, 0x46, 0x3B, 0x30, 0x6C, 0xC0, 0xF3, 0x01, 0x8E, 
  0x0F, 0x1C, 0xFE, 0x3F, 0x1C, 0x00, 0x00, 0xFF, 0xD0, 0x11, 0x88, 0xC6, 
  0x23, 0x18, 0xC6, 0x31, 0x8C, 0x63, 0x18, 0x43, 0x18, 0x61, 0x0C, 0xC2, 
  0x18, 0x43, 0x18, 0x43, 0x18, 0xC6, 0x31, 0x8C, 0x62, 0x31, 0x88, 0xC4, 
  0x60, 0x10, 0x23, 0xF9, 0xC2, 0x8D, 0x80, 0x00, 0x06, 0x00, 0x60, 0x06, 
  0x00, 0x60, 0x06, 0x0F, 0xFF, 0x06, 0x00, 0x60, 0x06, 0x00, 0x60, 0x06, 
  0x00, 0xFD, 0x2C, 0xFC, 0xF0, 0x04, 0x08, 0x10, 0x60, 0x81, 0x06, 0x08, 
  0x10, 0x60, 0x81, 0x06, 0x08, 0x10, 0x60, 0x80, 0x06, 0x07, 0xF1, 0xC6, 
  0x30, 0x66, 0x0D, 0x81, 0xF0, 0x1E, 0x03, 0xC0, 0x78, 0x0F, 0x01, 0xE0, 
  0x3C, 0x0E, 0xC1, 0x98, 0x33, 0x8C, 0x3F, 0x80, 0x80, 0x04, 0x30, 0xDF, 
  0xFC, 0x30, 0xC3, 0x0C, 0x30, 0xC3, 0x0C, 0x30, 0xC3, 0x0C, 0x0E, 0x07, 
  0xF1, 0xC7, 0x30, 0x7C, 0x07, 0x80, 0xC0, 0x18, 0x06, 0x01, 0xC0, 0xF0, 
  0x78, 0x1C, 0x07, 0x01, 0xC0, 0x30, 0x07, 0xFF, 0xFF, 0xE0, 0x0C, 0x07, 
  0xF1, 0xC7, 0x70, 0x6C, 0x0D, 0x81, 0x80, 0x30, 0x1C, 0x0F, 0x00, 0x38, 
  0x03, 0x80, 0x3C, 0x07, 0x80, 0xF8, 0x33, 0x8E, 0x3F, 0x80, 0x80, 0x01, 
  0x80, 0x70, 0x0E, 0x03, 0xC0, 0xD8, 0x3B, 0x06, 0x61, 0x8C, 0x61, 0x8C, 
  0x33, 0x06, 0x7F, 0xFF, 0xFE, 0x03, 0x00, 0x60, 0x0C, 0x01, 0x80, 0x3F, 
  0xCF, 0xF9, 0x80, 0x30, 0x06, 0x00, 0xC0, 0x1F, 0xC3, 0xFC, 0xE1, 0xC0, 
  0x1C, 0x01, 0x80, 0x30, 0x07, 0x80, 0xF8, 0x33, 0x9E, 0x3F, 0x80, 0x80, 
  0x06, 0x03, 0xF0, 0xE7, 0x30, 0x66, 0x07, 0x80, 0x30, 0x06, 0xFC, 0xFF, 
  0xDC, 0x1F, 0x81, 0xE0, 0x3C, 0x07, 0xC0, 0xD8, 0x33, 0xCE, 0x3F, 0x80, 
  0xC0, 0xFF, 0xFF, 0xFC, 0x01, 0x80, 0x60, 0x0C, 0x03, 0x00, 0xC0, 0x18, 
  0x06, 0x00, 0xC0, 0x30, 0x06, 0x01, 0xC0, 0x30, 0x06, 0x00, 0xC0, 0x38, 
  0x00, 0x0C, 0x07, 0xF1, 0xC7, 0x30, 0x6E, 0x0D, 0xC1, 0x98, 0x31, 0xFC, 
  0x3F, 0x8E, 0x3B, 0x83, 0xE0, 0x3C, 0x07, 0x80, 0xF8, 0x3B, 0x8E, 0x3F, 
  0x81, 0xC0, 0x0E, 0x07, 0xF1, 0xC7, 0x70, 0x6C, 0x0D, 0x80, 0xF0, 0x1E, 
  0x07, 0xE0, 0xEF, 0xFC, 0xFD, 0x80, 0x30, 0x0F, 0x81, 0x98, 0x33, 0x9C, 
  0x3F, 0x00, 0x00, 0xF0, 0x00, 0x0F, 0xF0, 0x00, 0x0F, 0x5C, 0x00, 0x30, 
  0x0F, 0x07, 0xC1, 0xE0, 0x78, 0x0C, 0x00, 0xF8, 0x01, 0xE0, 0x07, 0x80, 
  0x1F, 0x00, 0x30, 0xFF, 0xF0, 0x00, 0x00, 0x00, 0x00, 0xFF, 0xF0, 0xC0, 
  0x0F, 0x00, 0x3C, 0x00, 0xF8, 0x01, 0xE0, 0x07, 0x01, 0xE0, 0x78, 0x3E, 
  0x0F, 0x00, 0xC0, 0x00, 0x3F, 0x1D, 0xEC, 0x1F, 0x03, 0xC0, 0xC0, 0x70, 
  0x18, 0x0C, 0x06, 0x03, 0x00, 0xC0, 0x30, 0x00, 0x00, 0x00, 0x00, 0x30, 
  0x0C, 0x00, 0x01, 0xFF, 0x00, 0x3E, 0x7C, 0x03, 0x80, 0x78, 0x30, 0x00, 
  0xE3, 0x00, 0x03, 0x30, 0x3C, 0x9D, 0x87, 0x3C, 0x78, 0x70, 0xE3, 0xC3, 
  0x07, 0x1E, 0x38, 0x30, 0xF1, 0x81, 0x87, 0x8C, 0x0C, 0x3C, 0x70, 0xC3, 
  0x61, 0x8E, 0x31, 0x8F, 0xDF, 0x0E, 0x10, 0x60, 0x38, 0x00, 0x00, 0xE0, 
  0x00, 0x03, 0xF7, 0x80, 0x07, 0xFC, 0x00, 0x03, 0xC0, 0x07, 0x80, 0x0F, 
  0x00, 0x37, 0x00, 0x66, 0x01, 0xCC, 0x03, 0x1C, 0x06, 0x18, 0x1C, 0x30, 
  0x30, 0x70, 0x7F, 0xE1, 0xFF, 0xC3, 0x01, 0xC6, 0x01, 0x9C, 0x03, 0x30, 
  0x07, 0x60, 0x06, 0xFF, 0xC7, 0xFF, 0x30, 0x1D, 0x80, 0x6C, 0x03, 0x60, 
  0x1B, 0x01, 0x9F, 0xF8, 0xFF, 0xE6, 0x03, 0xB0, 0x0D, 0x80, 0x7C, 0x03, 
  0xE0, 0x1B, 0x01, 0xDF, 0xFC, 0xFF, 0xC0, 0x0F, 0xF0, 0x3F, 0xF0, 0xE0, 
  0x73, 0x80, 0x66, 0x00, 0xCC, 0x00, 0x30, 0x00, 0x60, 0x00, 0xC0, 0x01, 
  0x80, 0x03, 0x00, 0x07, 0x00, 0x76, 0x00, 0xEE, 0x01, 0x8E, 0x07, 0x1F, 
  0x3C, 0x0F, 0xF0, 0x02, 0x00, 0xFF, 0xC3, 0xFF, 0x8C, 0x07, 0x30, 0x0E, 
  0xC0, 0x1B, 0x00, 0x6C, 0x01, 0xF0, 0x07, 0xC0, 0x1F, 0x00, 0x7C, 0x01, 
  0xF0, 0x06, 0xC0, 0x1B, 0x00, 0xEC, 0x07, 0x3F, 0xF8, 0xFF, 0x80, 0xFF, 
  0xFF, 0xFF, 0xC0, 0x0C, 0x00, 0xC0, 0x0C, 0x00, 0xC0, 0x0F, 0xFF, 0xFF, 
  0xFC, 0x00, 0xC0, 0x0C, 0x00, 0xC0, 0x0C, 0x00, 0xC0, 0x0F, 0xFF, 0xFF, 
  0xF0, 0xFF, 0xFF, 0xFF, 0xC0, 0x0C, 0x00, 0xC0, 0x0C, 0x00, 0xC0, 0x0F, 
  0xFC, 0xFF, 0xCC, 0x00, 0xC0, 0x0C, 0x00, 0xC0, 0x0C, 0x00, 0xC0, 0x0C, 
  0x00, 0xC0, 0x00, 0x0F, 0xF0, 0x1F, 0xFC, 0x38, 0x0C, 0x70, 0x06, 0x60, 
  0x06, 0xE0, 0x00, 0xC0, 0x00, 0xC0, 0x00, 0xC0, 0x7F, 0xC0, 0x7F, 0xC0, 
  0x03, 0xE0, 0x03, 0x60, 0x07, 0x70, 0x07, 0x38, 0x0F, 0x1E, 0x7B, 0x0F, 
  0xF3, 0x01, 0x00, 0xC0, 0x1E, 0x00, 0xF0, 0x07, 0x80, 0x3C, 0x01, 0xE0, 
  0x0F, 0x00, 0x7F, 0xFF, 0xFF, 0xFE, 0x00, 0xF0, 0x07, 0x80, 0x3C, 0x01, 
  0xE0, 0x0F, 0x00, 0x78, 0x03, 0xC0, 0x18, 0xFF, 0xFF, 0xFF, 0xFF, 0xFF, 
  0xFF, 0xE0, 0x00, 0xC0, 0x30, 0x0C, 0x03, 0x00, 0xC0, 0x30, 0x0C, 0x03, 
  0x00, 0xC0, 0x30, 0x0C, 0x03, 0xE0, 0xF8, 0x36, 0x1D, 0xCE, 0x3F, 0x00, 
  0x00, 0xC0, 0x3E, 0x03, 0xB0, 0x39, 0x83, 0x8C, 0x38, 0x63, 0x83, 0x38, 
  0x1B, 0xC0, 0xFF, 0x07, 0x98, 0x38, 0xE1, 0x83, 0x8C, 0x0C, 0x60, 0x73, 
  0x01, 0xD8, 0x06, 0xC0, 0x18, 0xC0, 0x18, 0x03, 0x00, 0x60, 0x0C, 0x01, 
  0x80, 0x30, 0x06, 0x00, 0xC0, 0x18, 0x03, 0x00, 0x60, 0x0C, 0x01, 0x80, 
  0x30, 0x07, 0xFF, 0xFF, 0xE0, 0xE0, 0x07, 0xE0, 0x0F, 0xF0, 0x0F, 0xF0, 
  0x0F, 0xF0, 0x1B, 0xD8, 0x1B, 0xD8, 0x1B, 0xD8, 0x33, 0xCC, 0x33, 0xCC, 
  0x33, 0xCC, 0x63, 0xC6, 0x63, 0xC6, 0x63, 0xC6, 0xC3, 0xC3, 0xC3, 0xC3, 
  0x83, 0xC3, 0x83, 0xE0, 0x1F, 0x00, 0xFC, 0x07, 0xE0, 0x3D, 0x81, 0xEE, 
  0x0F, 0x30, 0x78, 0xC3, 0xC7, 0x1E, 0x18, 0xF0, 0x67, 0x83, 0xBC, 0x0D, 
  0xE0, 0x7F, 0x01, 0xF8, 0x07, 0xC0, 0x38, 0x0F, 0xF0, 0x1F, 0xFC, 0x38, 
  0x1C, 0x70, 0x06, 0x60, 0x07, 0xE0, 0x03, 0xC0, 0x03, 0xC0, 0x03, 0xC0, 
  0x03, 0xC0, 0x03, 0xC0, 0x03, 0xE0, 0x03, 0x60, 0x07, 0x70, 0x06, 0x38, 
  0x0E, 0x1E, 0x7C, 0x0F, 0xF0, 0x00, 0x80, 0xFF, 0xCF, 0xFE, 0xC0, 0x7C, 
  0x03, 0xC0, 0x3C, 0x03, 0xC0, 0x3C, 0x0F, 0xFF, 0xEF, 0xF8, 0xC0, 0x0C, 
  0x00, 0xC0, 0x0C, 0x00, 0xC0, 0x0C, 0x00, 0xC0, 0x00, 0x0F, 0xF0, 0x1F, 
  0xFC, 0x38, 0x1E, 0x70, 0x06, 0x60, 0x07, 0xE0, 0x03, 0xC0, 0x03, 0xC0, 
  0x03, 0xC0, 0x03, 0xC0, 0x03, 0xC0, 0x03, 0xE0, 0x03, 0x60, 0x27, 0x70, 
  0x76, 0x38, 0x3E, 0x1E, 0x7C, 0x0F, 0xF7, 0x00, 0x83, 0xFF, 0xE3, 0xFF, 
  0xCC, 0x03, 0xB0, 0x06, 0xC0, 0x1B, 0x00, 0x6C, 0x01, 0xB0, 0x1C, 0xFF, 
  0xE3, 0xFF, 0xCC, 0x03, 0xB0, 0x06, 0xC0, 0x1B, 0x00, 0x6C, 0x01, 0xB0, 
  0x06, 0xC0, 0x1C, 0x1F, 0xE0, 0xF7, 0xC7, 0x03, 0x18, 0x06, 0x60, 0x19, 
  0x80, 0x07, 0x80, 0x0F, 0xC0, 0x1F, 0xE0, 0x07, 0xE0, 0x03, 0x80, 0x07, 
  0xC0, 0x1F, 0x80, 0x66, 0x01, 0x9F, 0x3C, 0x1F, 0xE0, 0x0C, 0x00, 0xFF, 
  0xFF, 0xFF, 0xF0, 0x30, 0x00, 0xC0, 0x03, 0x00, 0x0C, 0x00, 0x30, 0x00, 
  0xC0, 0x03, 0x00, 0x0C, 0x00, 0x30, 0x00, 0xC0, 0x03, 0x00, 0x0C, 0x00, 
  0x30, 0x00, 0xC0, 0x03, 0x00, 0xC0, 0x1E, 0x00, 0xF0, 0x07, 0x80, 0x3C, 
  0x01, 0xE0, 0x0F, 0x00, 0x78, 0x03, 0xC0, 0x1E, 0x00, 0xF0, 0x07, 0x80, 
  0x3C, 0x01, 0xE0, 0x0D, 0x80, 0xEF, 0x3E, 0x3F, 0xE0, 0x30, 0x00, 0xC0, 
  0x0F, 0x80, 0x76, 0x01, 0x98, 0x06, 0x70, 0x38, 0xC0, 0xC3, 0x03, 0x0E, 
  0x1C, 0x18, 0x60, 0x61, 0x80, 0xCC, 0x03, 0x30, 0x0C, 0xC0, 0x1E, 0x00, 
  0x78, 0x01, 0xE0, 0x03, 0x00, 0xC0, 0x70, 0x3E, 0x03, 0x81, 0xB8, 0x3C, 
  0x0D, 0xC1, 0xE0, 0x66, 0x0D, 0x87, 0x30, 0xCC, 0x31, 0xC6, 0x61, 0x8E, 
  0x33, 0x0C, 0x31, 0x8C, 0xE1, 0x98, 0x66, 0x0C, 0xC3, 0x30, 0x76, 0x0D, 
  0x81, 0xB0, 0x6C, 0x0F, 0x03, 0xC0, 0x78, 0x1E, 0x01, 0xC0, 0x70, 0x0C, 
  0x03, 0x80, 0xE0, 0x1D, 0xC0, 0xE3, 0x03, 0x0E, 0x18, 0x1C, 0xE0, 0x33, 
  0x00, 0xF8, 0x01, 0xE0, 0x07, 0x00, 0x1E, 0x00, 0xDC, 0x07, 0x30, 0x18, 
  0x60, 0xC1, 0xC7, 0x03, 0x98, 0x06, 0xE0, 0x1C, 0x60, 0x06, 0x70, 0x0E, 
  0x38, 0x1C, 0x18, 0x18, 0x1C, 0x38, 0x0C, 0x30, 0x0E, 0x60, 0x07, 0xE0, 
  0x03, 0xC0, 0x03, 0xC0, 0x01, 0x80, 0x01, 0x80, 0x01, 0x80, 0x01, 0x80, 
  0x01, 0x80, 0x01, 0x80, 0x01, 0x80, 0xFF, 0xFF, 0xFF, 0xC0, 0x1C, 0x00, 
  0xC0, 0x0E, 0x00, 0xE0, 0x0E, 0x00, 0x60, 0x07, 0x00, 0x70, 0x07, 0x00, 
  0x70, 0x03, 0x00, 0x38, 0x03, 0x80, 0x1F, 0xFF, 0xFF, 0xF8, 0xFF, 0xF1, 
  0x8C, 0x63, 0x18, 0xC6, 0x31, 0x8C, 0x63, 0x18, 0xC6, 0x31, 0x8F, 0xFC, 
  0x81, 0x81, 0x02, 0x06, 0x04, 0x08, 0x18, 0x10, 0x20, 0x40, 0xC0, 0x81, 
  0x03, 0x02, 0x04, 0xFF, 0x33, 0x33, 0x33, 0x33, 0x33, 0x33, 0x33, 0x33, 
  0x33, 0xFF, 0x08, 0x0E, 0x05, 0x06, 0xC3, 0x61, 0x11, 0x8C, 0x82, 0xC1, 
  0x80, 0xFF, 0xFE, 0xE6, 0x30, 0x0E, 0x03, 0xF8, 0x71, 0xC6, 0x0C, 0x00, 
  0xC0, 0x1C, 0x3F, 0xC7, 0xCC, 0xE0, 0xCC, 0x0C, 0xC0, 0xCE, 0x3C, 0x7E, 
  0xF0, 0x02, 0xC0, 0x18, 0x03, 0x00, 0x60, 0x0C, 0x61, 0xBF, 0x3C, 0x77, 
  0x07, 0xE0, 0x78, 0x0F, 0x01, 0xE0, 0x3C, 0x07, 0xC0, 0xF8, 0x3F, 0xCE, 
  0xDF, 0x80, 0x00, 0x0E, 0x0F, 0xE7, 0x1B, 0x83, 0xC0, 0xF0, 0x0C, 0x03, 
  0x00, 0xC0, 0x30, 0x3E, 0x0D, 0xCE, 0x3F, 0x00, 0x00, 0x00, 0x60, 0x0C, 
  0x01, 0x80, 0x30, 0xC6, 0x7E, 0xDC, 0x7F, 0x07, 0xC0, 0xF8, 0x0F, 0x01, 
  0xE0, 0x3C, 0x07, 0x81, 0xF8, 0x3B, 0x9F, 0x3F, 0x60, 0x00, 0x06, 0x07, 
  0xF1, 0xC7, 0x30, 0x7C, 0x07, 0x80, 0xFF, 0xFF, 0xFF, 0xC0, 0x18, 0x0D, 
  0x83, 0x3C, 0xE3, 0xF8, 0x0C, 0x00, 0x1C, 0xF3, 0x0C, 0x33, 0xF3, 0x0C, 
  0x30, 0xC3, 0x0C, 0x30, 0xC3, 0x0C, 0x30, 0x0C, 0x0F, 0xD7, 0x1F, 0x83, 
  0xC0, 0xF0, 0x3C, 0x0F, 0x03, 0xC0, 0xF0, 0x3E, 0x0D, 0xCF, 0x3E, 0xC0, 
  0x3C, 0x0F, 0x83, 0x7F, 0x8F, 0xC0, 0xC0, 0x60, 0x30, 0x18, 0x0C, 0x67, 
  0xFF, 0x8F, 0x83, 0xC1, 0xE0, 0xF0, 0x78, 0x3C, 0x1E, 0x0F, 0x07, 0x83, 
  0xC1, 0x80, 0xF0, 0x3F, 0xFF, 0xFF, 0xC0, 0x33, 0x00, 0x03, 0x33, 0x33, 
  0x33, 0x33, 0x33, 0x33, 0x33, 0xEE, 0xC0, 0x18, 0x03, 0x00, 0x60, 0x0C, 
  0x01, 0x83, 0xB0, 0xC6, 0x30, 0xCC, 0x1B, 0x83, 0xF8, 0x73, 0x0C, 0x31, 
  0x87, 0x30, 0x66, 0x0E, 0xC0, 0xC0, 0xFF, 0xFF, 0xFF, 0xFF, 0xC0, 0x04, 
  0x08, 0xBF, 0x7E, 0xE3, 0xC7, 0xC1, 0x83, 0xC1, 0x83, 0xC1, 0x83, 0xC1, 
  0x83, 0xC1, 0x83, 0xC1, 0x83, 0xC1, 0x83, 0xC1, 0x83, 0xC1, 0x83, 0xC1, 
  0x83, 0x0E, 0x5F, 0xE8, 0xF8, 0x3C, 0x1E, 0x0F, 0x07, 0x83, 0xC1, 0xE0, 
  0xF0, 0x78, 0x3C, 0x18, 0x04, 0x07, 0xF1, 0xC7, 0x70, 0x6C, 0x07, 0x80, 
  0xF0, 0x1E, 0x03, 0xC0, 0x78, 0x1F, 0x83, 0x39, 0xE3, 0xF8, 0x18, 0x00, 
  0x06, 0x1B, 0xF3, 0xC7, 0x70, 0x7E, 0x07, 0x80, 0xF0, 0x1E, 0x03, 0xC0, 
  0x7C, 0x0F, 0x83, 0xFC, 0xED, 0xF9, 0x80, 0x30, 0x06, 0x00, 0xC0, 0x18, 
  0x00, 0x0C, 0x07, 0xED, 0xC7, 0xF0, 0x7C, 0x0F, 0x80, 0xF0, 0x1E, 0x03, 
  0xC0, 0x78, 0x1F, 0x83, 0xB9, 0xF3, 0xF6, 0x00, 0xC0, 0x18, 0x03, 0x00, 
  0x60, 0x0C, 0x0E, 0xFB, 0xB0, 0xC3, 0x0C, 0x30, 0xC3, 0x0C, 0x30, 0xC0, 
  0x0C, 0x1F, 0xCE, 0x3B, 0x06, 0xC0, 0x3C, 0x07, 0xE0, 0x7E, 0x01, 0xF0, 
  0x3C, 0x0F, 0x8E, 0x7F, 0x02, 0x00, 0x30, 0xC3, 0x0C, 0xFC, 0xC3, 0x0C, 
  0x30, 0xC3, 0x0C, 0x30, 0xC3, 0x0F, 0x08, 0x81, 0xC0, 0xE0, 0x70, 0x38, 
  0x1C, 0x0E, 0x07, 0x03, 0x81, 0xE0, 0xF9, 0xBF, 0xD1, 0x00, 0x60, 0x6C, 
  0x0D, 0x83, 0x18, 0x63, 0x0C, 0x63, 0x06, 0x60, 0xD8, 0x1B, 0x01, 0xE0, 
  0x38, 0x07, 0x00, 0xE1, 0xC3, 0x30, 0xE1, 0x98, 0xF0, 0xCC, 0x6C, 0xE3, 
  0x36, 0x61, 0x9B, 0x30, 0xD9, 0x98, 0x6C, 0x78, 0x1E, 0x3C, 0x0F, 0x1E, 
  0x07, 0x0E, 0x01, 0x83, 0x00, 0x60, 0xC6, 0x18, 0x66, 0x0D, 0x80, 0xF0, 
  0x0C, 0x03, 0x80, 0x78, 0x19, 0x86, 0x31, 0xC3, 0x30, 0x70, 0x60, 0x6C, 
  0x1D, 0x83, 0x18, 0x63, 0x18, 0x63, 0x06, 0x60, 0xD8, 0x1B, 0x01, 0xE0, 
  0x38, 0x07, 0x00, 0xE0, 0x18, 0x03, 0x03, 0xC0, 0x70, 0x00, 0xFF, 0x80, 
  0x60, 0x38, 0x1C, 0x06, 0x03, 0x01, 0x80, 0xC0, 0x70, 0x38, 0x0F, 0xFF, 
  0xFF, 0x19, 0xCC, 0x63, 0x18, 0xC6, 0x33, 0x39, 0xC6, 0x18, 0xC6, 0x31, 
  0x8C, 0x63, 0x8C, 0xFF, 0xFF, 0xFF, 0xFF, 0xFF, 0xF0, 0xC7, 0x18, 0x42, 
  0x10, 0x84, 0x21, 0x86, 0x33, 0x10, 0x84, 0x21, 0x08, 0xCE, 0x60, 0x70, 
  0x77, 0x18, 0x7C, 0x0E, 0xFF, 0xFF, 0xFF, 0xC0, 0x3C, 0x03, 0xC0, 0x3C, 
  0x03, 0xC0, 0x3C, 0x03, 0xC0, 0x3C, 0x03, 0xC0, 0x3C, 0x03, 0xC0, 0x3C, 
  0x03, 0xC0, 0x3F, 0xFF, 0xFF, 0xF0, 0xFF, 0xFF, 0xFF, 0xC0, 0x3C, 0x03, 
  0xC0, 0x3C, 0x03, 0xC0, 0x3C, 0x03, 0xC0, 0x3C, 0x03, 0xC0, 0x3C, 0x03, 
  0xC0, 0x3C, 0x03, 0xC0, 0x3F, 0xFF, 0xFF, 0xF0, 0xFF, 0xFF, 0xFF, 0xC0, 
  0x3C, 0x03, 0xC0, 0x3C, 0x03, 0xC0, 0x3C, 0x03, 0xC0, 0x3C, 0x03, 0xC0, 
  0x3C, 0x03, 0xC0, 0x3C, 0x03, 0xC0, 0x3F, 0xFF, 0xFF, 0xF0, 0xFF, 0xFF, 
  0xFF, 0xC0, 0x3C, 0x03, 0xC0, 0x3C, 0x03, 0xC0, 0x3C, 0x03, 0xC0, 0x3C, 
  0x03, 0xC0, 0x3C, 0x03, 0xC0, 0x3C, 0x03, 0xC0, 0x3F, 0xFF, 0xFF, 0xF0, 
  0xFF, 0xFF, 0xFF, 0xC0, 0x3C, 0x03, 0xC0, 0x3C, 0x03, 0xC0, 0x3C, 0x03, 
  0xC0, 0x3C, 0x03, 0xC0, 0x3C, 0x03, 0xC0, 0x3C, 0x03, 0xC0, 0x3F, 0xFF, 
  0xFF, 0xF0, 0xFF, 0xFF, 0xFF, 0xC0, 0x3C, 0x03, 0xC0, 0x3C, 0x03, 0xC0, 
  0x3C, 0x03, 0xC0, 0x3C, 0x03, 0xC0, 0x3C, 0x03, 0xC0, 0x3C, 0x03, 0xC0, 
  0x3F, 0xFF, 0xFF, 0xF0, 0xFF, 0xFF, 0xFF, 0xC0, 0x3C, 0x03, 0xC0, 0x3C, 
  0x03, 0xC0, 0x3C, 0x03, 0xC0, 0x3C, 0x03, 0xC0, 0x3C, 0x03, 0xC0, 0x3C, 
  0x03, 0xC0, 0x3F, 0xFF, 0xFF, 0xF0, 0xFF, 0xFF, 0xFF, 0xC0, 0x3C, 0x03, 
  0xC0, 0x3C, 0x03, 0xC0, 0x3C, 0x03, 0xC0, 0x3C, 0x03, 0xC0, 0x3C, 0x03, 
  0xC0, 0x3C, 0x03, 0xC0, 0x3F, 0xFF, 0xFF, 0xF0, 0xFF, 0xFF, 0xFF, 0xC0, 
  0x3C, 0x03, 0xC0, 0x3C, 0x03, 0xC0, 0x3C, 0x03, 0xC0, 0x3C, 0x03, 0xC0, 
  0x3C, 0x03, 0xC0, 0x3C, 0x03, 0xC0, 0x3F, 0xFF, 0xFF, 0xF0, 0xFF, 0xFF, 
  0xFF, 0xC0, 0x3C, 0x03, 0xC0, 0x3C, 0x03, 0xC0, 0x3C, 0x03, 0xC0, 0x3C, 
  0x03, 0xC0, 0x3C, 0x03, 0xC0, 0x3C, 0x03, 0xC0, 0x3F, 0xFF, 0xFF, 0xF0, 
  0xFF, 0xFF, 0xFF, 0xC0, 0x3C, 0x03, 0xC0, 0x3C, 0x03, 0xC0, 0x3C, 0x03, 
  0xC0, 0x3C, 0x03, 0xC0, 0x3C, 0x03, 0xC0, 0x3C, 0x03, 0xC0, 0x3F, 0xFF, 
  0xFF, 0xF0, 0xFF, 0xFF, 0xFF, 0xC0, 0x3C, 0x03, 0xC0, 0x3C, 0x03, 0xC0, 
  0x3C, 0x03, 0xC0, 0x3C, 0x03, 0xC0, 0x3C, 0x03, 0xC0, 0x3C, 0x03, 0xC0, 
  0x3F, 0xFF, 0xFF, 0xF0, 0xFF, 0xFF, 0xFF, 0xC0, 0x3C, 0x03, 0xC0, 0x3C, 
  0x03, 0xC0, 0x3C, 0x03, 0xC0, 0x3C, 0x03, 0xC0, 0x3C, 0x03, 0xC0, 0x3C, 
  0x03, 0xC0, 0x3F, 0xFF, 0xFF, 0xF0, 0xFF, 0xFF, 0xFF, 0xC0, 0x3C, 0x03, 
  0xC0, 0x3C, 0x03, 0xC0, 0x3C, 0x03, 0xC0, 0x3C, 0x03, 0xC0, 0x3C, 0x03, 
  0xC0, 0x3C, 0x03, 0xC0, 0x3F, 0xFF, 0xFF, 0xF0, 0xFF, 0xFF, 0xFF, 0xC0, 
  0x3C, 0x03, 0xC0, 0x3C, 0x03, 0xC0, 0x3C, 0x03, 0xC0, 0x3C, 0x03, 0xC0, 
  0x3C, 0x03, 0xC0, 0x3C, 0x03, 0xC0, 0x3F, 0xFF, 0xFF, 0xF0, 0xFF, 0xFF, 
  0xFF, 0xC0, 0x3C, 0x03, 0xC0, 0x3C, 0x03, 0xC0, 0x3C, 0x03, 0xC0, 0x3C, 
  0x03, 0xC0, 0x3C, 0x03, 0xC0, 0x3C, 0x03, 0xC0, 0x3F, 0xFF, 0xFF, 0xF0, 
  0xFF, 0xFF, 0xFF, 0xC0, 0x3C, 0x03, 0xC0, 0x3C, 0x03, 0xC0, 0x3C, 0x03, 
  0xC0, 0x3C, 0x03, 0xC0, 0x3C, 0x03, 0xC0, 0x3C, 0x03, 0xC0, 0x3F, 0xFF, 
  0xFF, 0xF0, 0xFF, 0xFF, 0xFF, 0xC0, 0x3C, 0x03, 0xC0, 0x3C, 0x03, 0xC0, 
  0x3C, 0x03, 0xC0, 0x3C, 0x03, 0xC0, 0x3C, 0x03, 0xC0, 0x3C, 0x03, 0xC0, 
  0x3F, 0xFF, 0xFF, 0xF0, 0xFF, 0xFF, 0xFF, 0xC0, 0x3C, 0x03, 0xC0, 0x3C, 
  0x03, 0xC0, 0x3C, 0x03, 0xC0, 0x3C, 0x03, 0xC0, 0x3C, 0x03, 0xC0, 0x3C, 
  0x03, 0xC0, 0x3F, 0xFF, 0xFF, 0xF0, 0xFF, 0xFF, 0xFF, 0xC0, 0x3C, 0x03, 
  0xC0, 0x3C, 0x03, 0xC0, 0x3C, 0x03, 0xC0, 0x3C, 0x03, 0xC0, 0x3C, 0x03, 
  0xC0, 0x3C, 0x03, 0xC0, 0x3F, 0xFF, 0xFF, 0xF0, 0xFF, 0xFF, 0xFF, 0xC0, 
  0x3C, 0x03, 0xC0, 0x3C, 0x03, 0xC0, 0x3C, 0x03, 0xC0, 0x3C, 0x03, 0xC0, 
  0x3C, 0x03, 0xC0, 0x3C, 0x03, 0xC0, 0x3F, 0xFF, 0xFF, 0xF0, 0xFF, 0xFF, 
  0xFF, 0xC0, 0x3C, 0x03, 0xC0, 0x3C, 0x03, 0xC0, 0x3C, 0x03, 0xC0, 0x3C, 
  0x03, 0xC0, 0x3C, 0x03, 0xC0, 0x3C, 0x03, 0xC0, 0x3F, 0xFF, 0xFF, 0xF0, 
  0xFF, 0xFF, 0xFF, 0xC0, 0x3C, 0x03, 0xC0, 0x3C, 0x03, 0xC0, 0x3C, 0x03, 
  0xC0, 0x3C, 0x03, 0xC0, 0x3C, 0x03, 0xC0, 0x3C, 0x03, 0xC0, 0x3F, 0xFF, 
  0xFF, 0xF0, 0xFF, 0xFF, 0xFF, 0xC0, 0x3C, 0x03, 0xC0, 0x3C, 0x03, 0xC0, 
  0x3C, 0x03, 0xC0, 0x3C, 0x03, 0xC0, 0x3C, 0x03, 0xC0, 0x3C, 0x03, 0xC0, 
  0x3F, 0xFF, 0xFF, 0xF0, 0xFF, 0xFF, 0xFF, 0xC0, 0x3C, 0x03, 0xC0, 0x3C, 
  0x03, 0xC0, 0x3C, 0x03, 0xC0, 0x3C, 0x03, 0xC0, 0x3C, 0x03, 0xC0, 0x3C, 
  0x03, 0xC0, 0x3F, 0xFF, 0xFF, 0xF0, 0xFF, 0xFF, 0xFF, 0xC0, 0x3C, 0x03, 
  0xC0, 0x3C, 0x03, 0xC0, 0x3C, 0x03, 0xC0, 0x3C, 0x03, 0xC0, 0x3C, 0x03, 
  0xC0, 0x3C, 0x03, 0xC0, 0x3F, 0xFF, 0xFF, 0xF0, 0xFF, 0xFF, 0xFF, 0xC0, 
  0x3C, 0x03, 0xC0, 0x3C, 0x03, 0xC0, 0x3C, 0x03, 0xC0, 0x3C, 0x03, 0xC0, 
  0x3C, 0x03, 0xC0, 0x3C, 0x03, 0xC0, 0x3F, 0xFF, 0xFF, 0xF0, 0xFF, 0xFF, 
  0xFF, 0xC0, 0x3C, 0x03, 0xC0, 0x3C, 0x03, 0xC0, 0x3C, 0x03, 0xC0, 0x3C, 
  0x03, 0xC0, 0x3C, 0x03, 0xC0, 0x3C, 0x03, 0xC0, 0x3F, 0xFF, 0xFF, 0xF0, 
  0xFF, 0xFF, 0xFF, 0xC0, 0x3C, 0x03, 0xC0, 0x3C, 0x03, 0xC0, 0x3C, 0x03, 
  0xC0, 0x3C, 0x03, 0xC0, 0x3C, 0x03, 0xC0, 0x3C, 0x03, 0xC0, 0x3F, 0xFF, 
  0xFF, 0xF0, 0xFF, 0xFF, 0xFF, 0xC0, 0x3C, 0x03, 0xC0, 0x3C, 0x03, 0xC0, 
  0x3C, 0x03, 0xC0, 0x3C, 0x03, 0xC0, 0x3C, 0x03, 0xC0, 0x3C, 0x03, 0xC0, 
  0x3F, 0xFF, 0xFF, 0xF0, 0xFF, 0xFF, 0xFF, 0xC0, 0x3C, 0x03, 0xC0, 0x3C, 
  0x03, 0xC0, 0x3C, 0x03, 0xC0, 0x3C, 0x03, 0xC0, 0x3C, 0x03, 0xC0, 0x3C, 
  0x03, 0xC0, 0x3F, 0xFF, 0xFF, 0xF0, 0xFF, 0xFF, 0xFF, 0xC0, 0x3C, 0x03, 
  0xC0, 0x3C, 0x03, 0xC0, 0x3C, 0x03, 0xC0, 0x3C, 0x03, 0xC0, 0x3C, 0x03, 
  0xC0, 0x3C, 0x03, 0xC0, 0x3F, 0xFF, 0xFF, 0xF0, 0xFF, 0xFF, 0xFF, 0xC0, 
  0x3C, 0x03, 0xC0, 0x3C, 0x03, 0xC0, 0x3C, 0x03, 0xC0, 0x3C, 0x03, 0xC0, 
  0x3C, 0x03, 0xC0, 0x3C, 0x03, 0xC0, 0x3F, 0xFF, 0xFF, 0xF0, 0x00, 0xF0, 
  0xBF, 0xFF, 0xFF, 0xC0, 0x04, 0x00, 0x80, 0x18, 0x1F, 0xC7, 0x5C, 0xC9, 
  0xD9, 0x1E, 0x20, 0xC4, 0x18, 0x83, 0x10, 0x32, 0x36, 0x4E, 0x7B, 0x8F, 
  0xE0, 0x30, 0x04, 0x00, 0x80, 0x1F, 0x83, 0xFC, 0x60, 0xCE, 0x06, 0xC0, 
  0x6E, 0x00, 0x60, 0x06, 0x00, 0xFF, 0x03, 0x00, 0x18, 0x01, 0x80, 0x10, 
  0x03, 0x00, 0x60, 0x0F, 0xFE, 0xEF, 0xE0, 0x08, 0x80, 0x7F, 0xDF, 0xF8, 
  0x7C, 0x1E, 0x0F, 0x0E, 0xFE, 0xFF, 0x80, 0x00, 0xC0, 0x1B, 0x01, 0x9C, 
  0x0C, 0x60, 0xC1, 0x8C, 0x0C, 0x60, 0x36, 0x01, 0xB0, 0x07, 0x01, 0xFF, 
  0x80, 0xC0, 0x06, 0x03, 0xFF, 0x01, 0x80, 0x0C, 0x00, 0x60, 0x03, 0x00, 
  0xFF, 0xFF, 0xC0, 0x3F, 0xFF, 0xF0, 0x1F, 0x07, 0xF0, 0xC7, 0x38, 0x67, 
  0x0C, 0x70, 0x0F, 0x03, 0x78, 0xC3, 0x98, 0x3B, 0x03, 0xF0, 0x37, 0x86, 
  0x78, 0x83, 0xF0, 0x3C, 0x01, 0x8C, 0x39, 0x87, 0x30, 0xC3, 0xF8, 0x3C, 
  0x00, 0xCF, 0x3C, 0xC0, 0x07, 0xF8, 0x07, 0x07, 0x03, 0x00, 0x61, 0x87, 
  0x8C, 0x43, 0xF1, 0xB1, 0x84, 0x6C, 0x41, 0x8A, 0x30, 0x03, 0x8C, 0x00, 
  0xE3, 0x00, 0x3C, 0xC1, 0x8B, 0x18, 0x46, 0x47, 0x71, 0x98, 0x78, 0xC3, 
  0x00, 0x60, 0x70, 0x70, 0x07, 0xF8, 0x00, 0x30, 0x00, 0x7D, 0x88, 0x13, 
  0xEC, 0x51, 0xBF, 0x11, 0x01, 0xFC, 0x11, 0x73, 0xE6, 0x84, 0xC6, 0x73, 
  0x31, 0x00, 0xFF, 0xFF, 0xFF, 0x00, 0x30, 0x03, 0x00, 0x30, 0x03, 0x00, 
  0x30, 0xFC, 0x07, 0xF8, 0x07, 0x07, 0x03, 0x00, 0x61, 0x9F, 0x8C, 0x47, 
  0xF1, 0xB1, 0x06, 0x6C, 0x41, 0x8A, 0x10, 0x63, 0x87, 0xF0, 0xE1, 0x0C, 
  0x3C, 0x41, 0x8B, 0x10, 0x66, 0x44, 0x19, 0x99, 0x06, 0xC3, 0x00, 0x60, 
  0x70, 0x70, 0x07, 0xF8, 0x00, 0x30, 0x00, 0xFC, 0x79, 0x9A, 0x1C, 0x38, 
  0x59, 0x9E, 0x00, 0x06, 0x00, 0x60, 0x06, 0x00, 0x60, 0x06, 0x0F, 0xFF, 
  0xFF, 0xF0, 0x60, 0x06, 0x00, 0x60, 0x06, 0x00, 0x60, 0x00, 0x00, 0x00, 
  0xFF, 0xF0, 0x18, 0x7E, 0x43, 0x43, 0x02, 0x0E, 0x38, 0x60, 0x40, 0x7F, 
  0x18, 0x7E, 0x42, 0x42, 0x0E, 0x1E, 0x02, 0xC3, 0x42, 0x7E, 0x18, 0x3B, 
  0x10, 0x81, 0x90, 0x32, 0x06, 0x40, 0xC8, 0x19, 0x03, 0x20, 0x64, 0x0C, 
  0x81, 0x98, 0x33, 0x9E, 0x7F, 0x79, 0x85, 0x00, 0x20, 0x04, 0x00, 0x80, 
  0x00, 0x1F, 0xE7, 0x99, 0xF3, 0x7E, 0x6F, 0xCD, 0xF9, 0xBF, 0x37, 0xE6, 
  0x7C, 0xC7, 0x98, 0x73, 0x02, 0x60, 0x4C, 0x09, 0x81, 0x30, 0x26, 0x04, 
  0xC0, 0x98, 0x13, 0x02, 0x60, 0x4C, 0xFC, 0x10, 0xE0, 0xE3, 0xF8, 0x27, 
  0x92, 0x49, 0x24, 0x7D, 0x8A, 0x1C, 0x38, 0x78, 0x9F, 0x08, 0x01, 0xF8, 
  0x84, 0xC6, 0x73, 0x31, 0x73, 0xE6, 0x84, 0x00, 0x10, 0x02, 0x02, 0x00, 
  0xC3, 0xC0, 0x10, 0x08, 0x06, 0x01, 0x00, 0x80, 0x20, 0x20, 0x04, 0x0C, 
  0x00, 0x81, 0x04, 0x10, 0x41, 0x82, 0x18, 0x70, 0x02, 0x0A, 0x00, 0xC2, 
  0x40, 0x10, 0xC8, 0x04, 0x3F, 0xC1, 0x87, 0xF8, 0x20, 0x04, 0x08, 0x00, 
  0x80, 0x10, 0x06, 0x02, 0x00, 0x83, 0xC0, 0x30, 0x08, 0x04, 0x01, 0x01, 
  0x00, 0x20, 0x60, 0x04, 0x08, 0x00, 0x82, 0x3C, 0x10, 0xCC, 0xC2, 0x11, 
  0x0C, 0x06, 0x21, 0x80, 0x80, 0x20, 0x20, 0x18, 0x0C, 0x0E, 0x01, 0x03, 
  0x00, 0x60, 0x40, 0x18, 0x0F, 0xE0, 0x30, 0x02, 0x1F, 0x80, 0xC2, 0x10, 
  0x10, 0x42, 0x04, 0x01, 0xC1, 0x80, 0x78, 0x20, 0x01, 0x8C, 0x04, 0x31, 
  0x04, 0x86, 0x41, 0x9F, 0x98, 0x70, 0xE2, 0x1A, 0x00, 0x82, 0x40, 0x30, 
  0x88, 0x04, 0x3F, 0xC1, 0x87, 0xF8, 0x20, 0x04, 0x08, 0x00, 0x80, 0x0E, 
  0x03, 0x80, 0x00, 0x00, 0x0E, 0x03, 0x80, 0xC0, 0x30, 0x38, 0x1C, 0x06, 
  0x03, 0x80, 0xC0, 0xF0, 0x36, 0x0D, 0xFE, 0x1F, 0x00, 0x06, 0x00, 0x06, 
  0x00, 0x06, 0x00, 0x04, 0x00, 0x00, 0x00, 0x78, 0x00, 0xF0, 0x01, 0xE0, 
  0x06, 0xE0, 0x0C, 0xC0, 0x39, 0x80, 0x63, 0x80, 0xC3, 0x03, 0x86, 0x06, 
  0x0E, 0x0F, 0xFC, 0x3F, 0xF8, 0x60, 0x38, 0xC0, 0x33, 0x80, 0x66, 0x00, 
  0xEC, 0x00, 0xC0, 0x00, 0x60, 0x01, 0x80, 0x06, 0x00, 0x08, 0x00, 0x00, 
  0x00, 0x78, 0x00, 0xF0, 0x01, 0xE0, 0x06, 0xE0, 0x0C, 0xC0, 0x39, 0x80, 
  0x63, 0x80, 0xC3, 0x03, 0x86, 0x06, 0x0E, 0x0F, 0xFC, 0x3F, 0xF8, 0x60, 
  0x38, 0xC0, 0x33, 0x80, 0x66, 0x00, 0xEC, 0x00, 0xC0, 0x01, 0x80, 0x07, 
  0x80, 0x19, 0x00, 0x21, 0x00, 0x00, 0x00, 0x78, 0x00, 0xF0, 0x01, 0xE0, 
  0x06, 0xE0, 0x0C, 0xC0, 0x39, 0x80, 0x63, 0x80, 0xC3, 0x03, 0x86, 0x06, 
  0x0E, 0x0F, 0xFC, 0x3F, 0xF8, 0x60, 0x38, 0xC0, 0x33, 0x80, 0x66, 0x00, 
  0xEC, 0x00, 0xC0, 0x06, 0x30, 0x1F, 0xC0, 0x31, 0x00, 0x00, 0x00, 0x3C, 
  0x00, 0x78, 0x00, 0xF0, 0x03, 0x70, 0x06, 0x60, 0x1C, 0xC0, 0x31, 0xC0, 
  0x61, 0x81, 0xC3, 0x03, 0x07, 0x07, 0xFE, 0x1F, 0xFC, 0x30, 0x1C, 0x60, 
  0x19, 0xC0, 0x33, 0x00, 0x76, 0x00, 0x60, 0x06, 0x60, 0x0C, 0xC0, 0x19, 
  0x80, 0x00, 0x00, 0x3C, 0x00, 0x78, 0x00, 0xF0, 0x03, 0x70, 0x06, 0x60, 
  0x1C, 0xC0, 0x31, 0xC0, 0x61, 0x81, 0xC3, 0x03, 0x07, 0x07, 0xFE, 0x1F, 
  0xFC, 0x30, 0x1C, 0x60, 0x19, 0xC0, 0x33, 0x00, 0x76, 0x00, 0x60, 0x01, 
  0x80, 0x07, 0x80, 0x19, 0x00, 0x32, 0x00, 0x3C, 0x00, 0x00, 0x00, 0xF0, 
  0x01, 0xE0, 0x03, 0xC0, 0x0D, 0xC0, 0x19, 0x80, 0x73, 0x00, 0xC7, 0x01, 
  0x86, 0x07, 0x0C, 0x0C, 0x1C, 0x1F, 0xF8, 0x7F, 0xF0, 0xC0, 0x71, 0x80, 
  0x67, 0x00, 0xCC, 0x01, 0xD8, 0x01, 0x80, 0x01, 0xFF, 0xFC, 0x07, 0xFF, 
  0xF0, 0x31, 0x80, 0x00, 0xC6, 0x00, 0x07, 0x18, 0x00, 0x18, 0x60, 0x00, 
  0x61, 0x80, 0x03, 0x07, 0xFE, 0x0C, 0x1F, 0xF8, 0x70, 0x60, 0x01, 0xFF, 
  0x80, 0x07, 0xFE, 0x00, 0x30, 0x18, 0x00, 0xC0, 0x60, 0x07, 0x01, 0x80, 
  0x18, 0x07, 0xFF, 0xE0, 0x1F, 0xFC, 0x0F, 0xF0, 0x3F, 0xF0, 0xE0, 0x73, 
  0x80, 0x66, 0x00, 0xCC, 0x00, 0x30, 0x00, 0x60, 0x00, 0xC0, 0x01, 0x80, 
  0x03, 0x00, 0x07, 0x00, 0x76, 0x00, 0xEE, 0x01, 0x8E, 0x07, 0x0F, 0x3C, 
  0x0F, 0xF0, 0x02, 0x00, 0x06, 0x00, 0x06, 0x00, 0x0C, 0x00, 0xF0, 0x00, 
  0x1C, 0x00, 0xC0, 0x06, 0x00, 0x30, 0x00, 0x0F, 0xFF, 0xFF, 0xFC, 0x00, 
  0xC0, 0x0C, 0x00, 0xC0, 0x0C, 0x00, 0xFF, 0xFF, 0xFF, 0xC0, 0x0C, 0x00, 
  0xC0, 0x0C, 0x00, 0xC0, 0x0C, 0x00, 0xFF, 0xFF, 0xFF, 0x03, 0x80, 0x30, 
  0x06, 0x00, 0xC0, 0x00, 0x0F, 0xFF, 0xFF, 0xFC, 0x00, 0xC0, 0x0C, 0x00, 
  0xC0, 0x0C, 0x00, 0xFF, 0xFF, 0xFF, 0xC0, 0x0C, 0x00, 0xC0, 0x0C, 0x00, 
  0xC0, 0x0C, 0x00, 0xFF, 0xFF, 0xFF, 0x06, 0x00, 0xF0, 0x09, 0x81, 0x08, 
  0x00, 0x0F, 0xFF, 0xFF, 0xFC, 0x00, 0xC0, 0x0C, 0x00, 0xC0, 0x0C, 0x00, 
  0xFF, 0xFF, 0xFF, 0xC0, 0x0C, 0x00, 0xC0, 0x0C, 0x00, 0xC0, 0x0C, 0x00, 
  0xFF, 0xFF, 0xFF, 0x19, 0x81, 0x98, 0x19, 0x80, 0x00, 0xFF, 0xFF, 0xFF, 
  0xC0, 0x0C, 0x00, 0xC0, 0x0C, 0x00, 0xC0, 0x0F, 0xFF, 0xFF, 0xFC, 0x00, 
  0xC0, 0x0C, 0x00, 0xC0, 0x0C, 0x00, 0xC0, 0x0F, 0xFF, 0xFF, 0xF0, 0xE3, 
  0x0C, 0x30, 0x1C, 0xE7, 0x39, 0xCE, 0x73, 0x9C, 0xE7, 0x39, 0xCE, 0x73, 
  0x9C, 0x33, 0x31, 0x00, 0x73, 0x9C, 0xE7, 0x39, 0xCE, 0x73, 0x9C, 0xE7, 
  0x39, 0xCE, 0x70, 0x38, 0xF1, 0xB6, 0x30, 0x07, 0x0E, 0x1C, 0x38, 0x70, 
  0xE1, 0xC3, 0x87, 0x0E, 0x1C, 0x38, 0x70, 0xE1, 0xC3, 0x87, 0x00, 0xEF, 
  0xDF, 0xB8, 0x03, 0x87, 0x0E, 0x1C, 0x38, 0x70, 0xE1, 0xC3, 0x87, 0x0E, 
  0x1C, 0x38, 0x70, 0xE1, 0xC3, 0x80, 0x3F, 0xF0, 0x3F, 0xF8, 0x30, 0x1C, 
  0x30, 0x0E, 0x30, 0x06, 0x30, 0x06, 0x30, 0x07, 0xFF, 0x07, 0xFF, 0x07, 
  0x30, 0x07, 0x30, 0x07, 0x30, 0x06, 0x30, 0x06, 0x30, 0x0E, 0x30, 0x1C, 
  0x3F, 0xF8, 0x3F, 0xE0, 0x1F, 0xC0, 0x9C, 0x00, 0x01, 0xC0, 0x3E, 0x01, 
  0xF8, 0x0F, 0xC0, 0x7B, 0x03, 0xDC, 0x1E, 0x60, 0xF1, 0x87, 0x8E, 0x3C, 
  0x31, 0xE0, 0xCF, 0x07, 0x78, 0x1B, 0xC0, 0xFE, 0x03, 0xF0, 0x0F, 0x80, 
  0x70, 0x07, 0x00, 0x03, 0x00, 0x01, 0x80, 0x00, 0x80, 0x00, 0x00, 0x0F, 
  0xF0, 0x1F, 0xFC, 0x38, 0x1C, 0x70, 0x06, 0x60, 0x07, 0xE0, 0x03, 0xC0, 
  0x03, 0xC0, 0x03, 0xC0, 0x03, 0xC0, 0x03, 0xC0, 0x03, 0xE0, 0x03, 0x60, 
  0x07, 0x70, 0x06, 0x38, 0x0E, 0x1E, 0x7C, 0x0F, 0xF0, 0x00, 0x80, 0x00, 
  0x60, 0x00, 0xC0, 0x01, 0x80, 0x01, 0x00, 0x00, 0x00, 0x0F, 0xF0, 0x1F, 
  0xFC, 0x38, 0x1C, 0x70, 0x06, 0x60, 0x07, 0xE0, 0x03, 0xC0, 0x03, 0xC0, 
  0x03, 0xC0, 0x03, 0xC0, 0x03, 0xC0, 0x03, 0xE0, 0x03, 0x60, 0x07, 0x70, 
  0x06, 0x38, 0x0E, 0x1E, 0x7C, 0x0F, 0xF0, 0x00, 0x80, 0x01, 0x80, 0x03, 
  0xC0, 0x02, 0x60, 0x04, 0x20, 0x00, 0x00, 0x0F, 0xF0, 0x1F, 0xFC, 0x38, 
  0x1C, 0x70, 0x06, 0x60, 0x07, 0xE0, 0x03, 0xC0, 0x03, 0xC0, 0x03, 0xC0, 
  0x03, 0xC0, 0x03, 0xC0, 0x03, 0xE0, 0x03, 0x60, 0x07, 0x70, 0x06, 0x38, 
  0x0E, 0x1E, 0x7C, 0x0F, 0xF0, 0x00, 0x80, 0x03, 0x30, 0x07, 0xE0, 0x0C, 
  0x60, 0x00, 0x00, 0x0F, 0xF0, 0x1F, 0xFC, 0x38, 0x1C, 0x70, 0x06, 0x60, 
  0x07, 0xE0, 0x03, 0xC0, 0x03, 0xC0, 0x03, 0xC0, 0x03, 0xC0, 0x03, 0xC0, 
  0x03, 0xE0, 0x03, 0x60, 0x07, 0x70, 0x06, 0x38, 0x0E, 0x1E, 0x7C, 0x0F, 
  0xF0, 0x00, 0x80, 0x06, 0x70, 0x06, 0x70, 0x06, 0x70, 0x00, 0x00, 0x0F, 
  0xF0, 0x1F, 0xFC, 0x38, 0x1C, 0x70, 0x06, 0x60, 0x07, 0xE0, 0x03, 0xC0, 
  0x03, 0xC0, 0x03, 0xC0, 0x03, 0xC0, 0x03, 0xC0, 0x03, 0xE0, 0x03, 0x60, 
  0x07, 0x70, 0x06, 0x38, 0x0E, 0x1E, 0x7C, 0x0F, 0xF0, 0x00, 0x80, 0x40, 
  0xB0, 0xCC, 0xC3, 0xC0, 0xC0, 0xF0, 0xCC, 0xC3, 0x40, 0x80, 0x00, 0x01, 
  0x0F, 0xF3, 0x1F, 0xFE, 0x38, 0x1C, 0x70, 0x0E, 0x60, 0x17, 0xC0, 0x33, 
  0xC0, 0x63, 0xC0, 0xC3, 0xC1, 0x83, 0xC3, 0x03, 0xC6, 0x03, 0xCC, 0x03, 
  0xF8, 0x07, 0x70, 0x06, 0x38, 0x0E, 0x7E, 0x7C, 0x8F, 0xF0, 0x00, 0x80, 
  0x1C, 0x00, 0x70, 0x01, 0x80, 0x06, 0x00, 0x00, 0x60, 0x0F, 0x00, 0x78, 
  0x03, 0xC0, 0x1E, 0x00, 0xF0, 0x07, 0x80, 0x3C, 0x01, 0xE0, 0x0F, 0x00, 
  0x78, 0x03, 0xC0, 0x1E, 0x00, 0xF0, 0x06, 0xC0, 0x77, 0x9F, 0x1F, 0xF0, 
  0x18, 0x00, 0x01, 0xC0, 0x1C, 0x00, 0xC0, 0x0C, 0x00, 0x00, 0x60, 0x0F, 
  0x00, 0x78, 0x03, 0xC0, 0x1E, 0x00, 0xF0, 0x07, 0x80, 0x3C, 0x01, 0xE0, 
  0x0F, 0x00, 0x78, 0x03, 0xC0, 0x1E, 0x00, 0xF0, 0x06, 0xC0, 0x77, 0x9F, 
  0x1F, 0xF0, 0x18, 0x00, 0x07, 0x00, 0x3C, 0x03, 0x60, 0x31, 0x80, 0x00, 
  0x60, 0x0F, 0x00, 0x78, 0x03, 0xC0, 0x1E, 0x00, 0xF0, 0x07, 0x80, 0x3C, 
  0x01, 0xE0, 0x0F, 0x00, 0x78, 0x03, 0xC0, 0x1E, 0x00, 0xF0, 0x06, 0xC0, 
  0x77, 0x9F, 0x1F, 0xF0, 0x18, 0x00, 0x1C, 0xC0, 0xE6, 0x07, 0x30, 0x00, 
  0x0C, 0x01, 0xE0, 0x0F, 0x00, 0x78, 0x03, 0xC0, 0x1E, 0x00, 0xF0, 0x07, 
  0x80, 0x3C, 0x01, 0xE0, 0x0F, 0x00, 0x78, 0x03, 0xC0, 0x1E, 0x00, 0xD8, 
  0x0E, 0xF3, 0xE3, 0xFE, 0x03, 0x00, 0x00, 0xE0, 0x00, 0xC0, 0x01, 0x80, 
  0x03, 0x00, 0x00, 0x00, 0x60, 0x06, 0x70, 0x0E, 0x38, 0x1C, 0x18, 0x18, 
  0x1C, 0x38, 0x0C, 0x30, 0x0E, 0x60, 0x07, 0xE0, 0x03, 0xC0, 0x03, 0xC0, 
  0x01, 0x80, 0x01, 0x80, 0x01, 0x80, 0x01, 0x80, 0x01, 0x80, 0x01, 0x80, 
  0x01, 0x80, 0xC0, 0x0C, 0x00, 0xC0, 0x0F, 0xFC, 0xFF, 0xEC, 0x07, 0xC0, 
  0x3C, 0x03, 0xC0, 0x3C, 0x03, 0xC0, 0xFF, 0xFE, 0xFF, 0x0C, 0x00, 0xC0, 
  0x0C, 0x00, 0xC0, 0x00, 0x3F, 0x0F, 0xFB, 0x03, 0x60, 0x7C, 0x07, 0x81, 
  0xB0, 0x76, 0x3C, 0xC7, 0xD8, 0x1F, 0x01, 0xE0, 0x3C, 0x07, 0x80, 0xF0, 
  0x3E, 0x7E, 0xCF, 0x80, 0x18, 0x00, 0xC0, 0x06, 0x00, 0x00, 0x0E, 0x03, 
  0xF8, 0x71, 0xC6, 0x0C, 0x00, 0xC0, 0x1C, 0x3F, 0xC7, 0xCC, 0xE0, 0xCC, 
  0x0C, 0xC0, 0xCE, 0x3C, 0x7E, 0xF0, 0x02, 0x03, 0x00, 0x60, 0x0C, 0x00, 
  0x00, 0x0E, 0x03, 0xF8, 0x71, 0xC6, 0x0C, 0x00, 0xC0, 0x1C, 0x3F, 0xC7, 
  0xCC, 0xE0, 0xCC, 0x0C, 0xC0, 0xCE, 0x3C, 0x7E, 0xF0, 0x02, 0x0E, 0x01, 
  0xB0, 0x11, 0x00, 0x00, 0x0E, 0x03, 0xF8, 0x71, 0xC6, 0x0C, 0x00, 0xC0, 
  0x1C, 0x3F, 0xC7, 0xCC, 0xE0, 0xCC, 0x0C, 0xC0, 0xCE, 0x3C, 0x7E, 0xF0, 
  0x02, 0x10, 0x83, 0xF8, 0x23, 0x00, 0x00, 0x0E, 0x03, 0xF8, 0x71, 0xC6, 
  0x0C, 0x00, 0xC0, 0x1C, 0x3F, 0xC7, 0xCC, 0xE0, 0xCC, 0x0C, 0xC0, 0xCE, 
  0x3C, 0x7E, 0xF0, 0x02, 0x3B, 0x83, 0xB8, 0x00, 0x00, 0x00, 0x0E, 0x03, 
  0xF8, 0x71, 0xC6, 0x0C, 0x00, 0xC0, 0x1C, 0x3F, 0xC7, 0xCC, 0xE0, 0xCC, 
  0x0C, 0xC0, 0xCE, 0x3C, 0x7E, 0xF0, 0x02, 0x0E, 0x01, 0xB0, 0x13, 0x01, 
  0xF0, 0x0E, 0x00, 0xE0, 0x3F, 0x87, 0x1C, 0x60, 0xC0, 0x0C, 0x01, 0xC3, 
  0xFC, 0x7C, 0xCE, 0x0C, 0xC0, 0xCC, 0x0C, 0xE3, 0xC7, 0xEF, 0x00, 0x20, 
  0x0E, 0x0E, 0x07, 0xF7, 0xF1, 0xC7, 0xC7, 0x30, 0x70, 0x70, 0x0C, 0x06, 
  0x01, 0x80, 0xCF, 0xFF, 0xFB, 0xE7, 0xFF, 0xE0, 0xC0, 0x18, 0x18, 0x0F, 
  0x07, 0x83, 0x71, 0xB8, 0xE7, 0xE3, 0xF8, 0x00, 0x0C, 0x00, 0x0E, 0x0F, 
  0xE7, 0x1B, 0x83, 0xC0, 0xF0, 0x0C, 0x03, 0x00, 0xC0, 0x30, 0x3E, 0x0D, 
  0xCE, 0x3F, 0x02, 0x00, 0xC0, 0x18, 0x06, 0x0F, 0x80, 0x18, 0x01, 0x80, 
  0x18, 0x00, 0x00, 0x60, 0x7F, 0x1C, 0x73, 0x07, 0xC0, 0x78, 0x0F, 0xFF, 
  0xFF, 0xFC, 0x01, 0x80, 0xD8, 0x33, 0xCE, 0x3F, 0x80, 0xC0, 0x03, 0x00, 
  0xC0, 0x30, 0x00, 0x00, 0x60, 0x7F, 0x1C, 0x73, 0x07, 0xC0, 0x78, 0x0F, 
  0xFF, 0xFF, 0xFC, 0x01, 0x80, 0xD8, 0x33, 0xCE, 0x3F, 0x80, 0xC0, 0x0E, 
  0x01, 0x60, 0x64, 0x00, 0x40, 0x60, 0x7F, 0x1C, 0x73, 0x07, 0xC0, 0x78, 
  0x0F, 0xFF, 0xFF, 0xFC, 0x01, 0x80, 0xD8, 0x33, 0xCE, 0x3F, 0x80, 0xC0, 
  0x39, 0x87, 0x30, 0x00, 0x00, 0x00, 0x60, 0x7F, 0x1C, 0x73, 0x07, 0xC0, 
  0x78, 0x0F, 0xFF, 0xFF, 0xFC, 0x01, 0x80, 0xD8, 0x33, 0xCE, 0x3F, 0x80, 
  0xC0, 0xE1, 0x84, 0x00, 0x18, 0xC6, 0x31, 0x8C, 0x63, 0x18, 0xC6, 0x30, 
  0x33, 0x30, 0x00, 0x31, 0x8C, 0x63, 0x18, 0xC6, 0x31, 0x8C, 0x60, 0x38, 
  0xF3, 0x30, 0x00, 0x06, 0x0C, 0x18, 0x30, 0x60, 0xC1, 0x83, 0x06, 0x0C, 
  0x18, 0x30, 0xCF, 0x30, 0x00, 0x00, 0xC3, 0x0C, 0x30, 0xC3, 0x0C, 0x30, 
  0xC3, 0x0C, 0x30, 0x73, 0x03, 0xC0, 0xF8, 0x03, 0x80, 0xF8, 0x7F, 0x1C, 
  0x77, 0x06, 0xC0, 0x78, 0x0F, 0x01, 0xE0, 0x3C, 0x07, 0x81, 0xF8, 0x33, 
  0x9E, 0x3F, 0x81, 0x80, 0x21, 0x3F, 0x91, 0x80, 0x00, 0xE5, 0xFE, 0x8F, 
  0x83, 0xC1, 0xE0, 0xF0, 0x78, 0x3C, 0x1E, 0x0F, 0x07, 0x83, 0xC1, 0x80, 
  0x18, 0x01, 0x80, 0x10, 0x00, 0x00, 0x40, 0x7F, 0x1C, 0x77, 0x06, 0xC0, 
  0x78, 0x0F, 0x01, 0xE0, 0x3C, 0x07, 0x81, 0xF8, 0x33, 0x9E, 0x3F, 0x81, 
  0x80, 0x03, 0x00, 0xC0, 0x30, 0x00, 0x00, 0x40, 0x7F, 0x1C, 0x77, 0x06, 
  0xC0, 0x78, 0x0F, 0x01, 0xE0, 0x3C, 0x07, 0x81, 0xF8, 0x33, 0x9E, 0x3F, 
  0x81, 0x80, 0x0E, 0x03, 0x60, 0x44, 0x00, 0x00, 0x40, 0x7F, 0x1C, 0x77, 
  0x06, 0xC0, 0x78, 0x0F, 0x01, 0xE0, 0x3C, 0x07, 0x81, 0xF8, 0x33, 0x9E, 
  0x3F, 0x81, 0x80, 0x10, 0x87, 0xF0, 0x8C, 0x00, 0x00, 0x40, 0x7F, 0x1C, 
  0x77, 0x06, 0xC0, 0x78, 0x0F, 0x01, 0xE0, 0x3C, 0x07, 0x81, 0xF8, 0x33, 
  0x9E, 0x3F, 0x81, 0x80, 0x3B, 0x87, 0x70, 0x00, 0x00, 0x00, 0x40, 0x7F, 
  0x1C, 0x77, 0x06, 0xC0, 0x78, 0x0F, 0x01, 0xE0, 0x3C, 0x07, 0x81, 0xF8, 
  0x33, 0x9E, 0x3F, 0x81, 0x80, 0x06, 0x00, 0x60, 0x00, 0x00, 0x00, 0x00, 
  0x0F, 0xFF, 0x00, 0x00, 0x00, 0x00, 0x00, 0x60, 0x06, 0x00, 0x02, 0x01, 
  0xFD, 0x38, 0xE7, 0x06, 0x60, 0xB6, 0x13, 0x63, 0x36, 0x63, 0x6C, 0x36, 
  0x87, 0x70, 0x63, 0x9E, 0x5F, 0xC0, 0x60, 0x30, 0x0C, 0x02, 0x00, 0x00, 
  0x04, 0x0E, 0x07, 0x03, 0x81, 0xC0, 0xE0, 0x70, 0x38, 0x1C, 0x0F, 0x07, 
  0xCD, 0xFE, 0x88, 0x00, 0x06, 0x06, 0x06, 0x00, 0x00, 0x04, 0x0E, 0x07, 
  0x03, 0x81, 0xC0, 0xE0, 0x70, 0x38, 0x1C, 0x0F, 0x07, 0xCD, 0xFE, 0x88, 
  0x00, 0x1C, 0x1B, 0x08, 0x80, 0x00, 0x04, 0x0E, 0x07, 0x03, 0x81, 0xC0, 
  0xE0, 0x70, 0x38, 0x1C, 0x0F, 0x07, 0xCD, 0xFE, 0x88, 0x00, 0x67, 0x33, 
  0x80, 0x00, 0x00, 0x04, 0x0E, 0x07, 0x03, 0x81, 0xC0, 0xE0, 0x70, 0x38, 
  0x1C, 0x0F, 0x07, 0xCD, 0xFE, 0x88, 0x00, 0x03, 0x00, 0xC0, 0x10, 0x00, 
  0x00, 0x00, 0xC0, 0xD8, 0x3B, 0x06, 0x30, 0xC6, 0x30, 0xC6, 0x0C, 0xC1, 
  0xB0, 0x36, 0x03, 0xC0, 0x70, 0x0E, 0x01, 0xC0, 0x30, 0x06, 0x07, 0x80, 
  0xE0, 0x00, 0xC0, 0x18, 0x03, 0x00, 0x60, 0x0C, 0x61, 0xBF, 0x3C, 0x77, 
  0x07, 0xE0, 0x78, 0x0F, 0x01, 0xE0, 0x3C, 0x07, 0xC0, 0xF8, 0x3F, 0xCE, 
  0xDF, 0x98, 0x03, 0x00, 0x60, 0x0C, 0x01, 0x80, 0x00, 0x19, 0x83, 0x30, 
  0x00, 0x00, 0x00, 0x00, 0xC0, 0xD8, 0x3B, 0x06, 0x30, 0xC6, 0x30, 0xC6, 
  0x0C, 0xC1, 0xB0, 0x36, 0x03, 0xC0, 0x70, 0x0E, 0x01, 0xC0, 0x30, 0x06, 
  0x07, 0x80, 0xE0, 0x00, 
};

const GFXglyph FreeSans12pt8bGlyphs[] PROGMEM = {
  { 0, 1, 1, 7, 0, -1 },
  { 1, 2, 17, 7, 3, -17 },
  { 6, 6, 6, 8, 1, -17 },
  { 11, 13, 16, 13, 0, -16 },
  { 37, 11, 21, 13, 1, -18 },
  { 66, 19, 17, 21, 1, -17 },
  { 107, 14, 18, 16, 1, -17 },
  { 139, 2, 6, 4, 1, -17 },
  { 141, 5, 22, 8, 2, -17 },
  { 155, 5, 22, 8, 1, -17 },
  { 169, 7, 7, 9, 1, -17 },
  { 176, 12, 11, 14, 1, -11 },
  { 193, 3, 5, 7, 2, -2 },
  { 195, 6, 1, 8, 1, -7 },
  { 196, 2, 2, 7, 2, -2 },
  { 197, 7, 17, 7, 0, -17 },
  { 212, 11, 18, 13, 1, -17 },
  { 237, 6, 17, 13, 2, -17 },
  { 250, 11, 17, 13, 1, -17 },
  { 274, 11, 18, 13, 1, -17 },
  { 299, 11, 17, 13, 1, -17 },
  { 323, 11, 18, 13, 1, -17 },
  { 348, 11, 18, 13, 1, -17 },
  { 373, 11, 17, 13, 1, -17 },
  { 397, 11, 18, 13, 1, -17 },
  { 422, 11, 18, 13, 1, -17 },
  { 447, 2, 12, 7, 3, -12 },
  { 450, 2, 15, 7, 3, -12 },
  { 454, 12, 11, 14, 1, -11 },
  { 471, 12, 5, 14, 1, -8 },
  { 479, 12, 11, 14, 1, -11 },
  { 496, 10, 17, 13, 2, -17 },
  { 518, 21, 20, 24, 1, -17 },
  { 571, 15, 17, 16, 0, -17 },
  { 603, 13, 17, 16, 2, -17 },
  { 631, 15, 18, 17, 1, -17 },
  { 665, 14, 17, 17, 2, -17 },
  { 695, 12, 17, 16, 2, -17 },
  { 721, 12, 17, 14, 2, -17 },
  { 747, 16, 18, 18, 1, -17 },
  { 783, 13, 17, 17, 2, -17 },
  { 811, 3, 17, 7, 2, -17 },
  { 818, 10, 18, 12, 0, -17 },
  { 841, 13, 17, 16, 2, -17 },
  { 869, 11, 17, 13, 2, -17 },
  { 893, 16, 17, 20, 2, -17 },
  { 927, 13, 17, 17, 2, -17 },
  { 955, 16, 18, 18, 1, -17 },
  { 991, 12, 17, 16, 2, -17 },
  { 1017, 16, 18, 18, 1, -17 },
  { 1053, 14, 17, 17, 2, -17 },
  { 1083, 14, 18, 16, 1, -17 },
  { 1115, 14, 17, 14, 0, -17 },
  { 1145, 13, 18, 17, 2, -17 },
  { 1175, 14, 17, 16, 1, -17 },
  { 1205, 21, 17, 22, 1, -17 },
  { 1250, 14, 17, 16, 1, -17 },
  { 1280, 16, 17, 16, 0, -17 },
  { 1314, 13, 17, 14, 1, -17 },
  { 1342, 5, 22, 7, 1, -17 },
  { 1356, 7, 17, 7, 0, -17 },
  { 1371, 4, 22, 7, 1, -17 },
  { 1382, 9, 9, 11, 1, -17 },
  { 1393, 15, 1, 13, -1, 3 },
  { 1395, 4, 3, 8, 1, -17 },
  { 1397, 12, 14, 13, 1, -13 },
  { 1418, 11, 18, 13, 1, -17 },
  { 1443, 10, 14, 12, 1, -13 },
  { 1461, 11, 18, 13, 1, -17 },
  { 1486, 11, 14, 13, 1, -13 },
  { 1506, 6, 17, 7, 0, -17 },
  { 1519, 10, 18, 13, 1, -13 },
  { 1542, 9, 17, 13, 2, -17 },
  { 1562, 2, 17, 5, 2, -17 },
  { 1567, 4, 22, 5, 0, -17 },
  { 1578, 11, 17, 12, 1, -17 },
  { 1602, 2, 17, 5, 2, -17 },
  { 1607, 16, 13, 20, 2, -13 },
  { 1633, 9, 13, 13, 2, -13 },
  { 1648, 11, 14, 13, 1, -13 },
  { 1668, 11, 18, 13, 1, -13 },
  { 1693, 11, 18, 13, 1, -13 },
  { 1718, 6, 13, 8, 2, -13 },
  { 1728, 10, 14, 12, 1, -13 },
  { 1746, 6, 17, 7, 0, -16 },
  { 1759, 9, 13, 13, 2, -12 },
  { 1774, 11, 12, 12, 0, -12 },
  { 1791, 17, 12, 17, 0, -12 },
  { 1817, 11, 12, 12, 0, -12 },
  { 1834, 11, 17, 12, 0, -12 },
  { 1858, 10, 12, 12, 1, -12 },
  { 1873, 5, 22, 8, 1, -17 },
  { 1887, 2, 22, 6, 2, -17 },
  { 1893, 5, 22, 8, 1, -17 },
  { 1907, 10, 4, 14, 2, -10 },
  { 1912, 12, 17, 16, 2, -17 },
  { 1938, 12, 17, 16, 2, -17 },
  { 1964, 12, 17, 16, 2, -17 },
  { 1990, 12, 17, 16, 2, -17 },
  { 2016, 12, 17, 16, 2, -17 },
  { 2042, 12, 17, 16, 2, -17 },
  { 2068, 12, 17, 16, 2, -17 },
  { 2094, 12, 17, 16, 2, -17 },
  { 2120, 12, 17, 16, 2, -17 },
  { 2146, 12, 17, 16, 2, -17 },
  { 2172, 12, 17, 16, 2, -17 },
  { 2198, 12, 17, 16, 2, -17 },
  { 2224, 12, 17, 16, 2, -17 },
  { 2250, 12, 17, 16, 2, -17 },
  { 2276, 12, 17, 16, 2, -17 },
  { 2302, 12, 17, 16, 2, -17 },
  { 2328, 12, 17, 16, 2, -17 },
  { 2354, 12, 17, 16, 2, -17 },
  { 2380, 12, 17, 16, 2, -17 },
  { 2406, 12, 17, 16, 2, -17 },
  { 2432, 12, 17, 16, 2, -17 },
  { 2458, 12, 17, 16, 2, -17 },
  { 2484, 12, 17, 16, 2, -17 },
  { 2510, 12, 17, 16, 2, -17 },
  { 2536, 12, 17, 16, 2, -17 },
  { 2562, 12, 17, 16, 2, -17 },
  { 2588, 12, 17, 16, 2, -17 },
  { 2614, 12, 17, 16, 2, -17 },
  { 2640, 12, 17, 16, 2, -17 },
  { 2666, 12, 17, 16, 2, -17 },
  { 2692, 12, 17, 16, 2, -17 },
  { 2718, 12, 17, 16, 2, -17 },
  { 2744, 12, 17, 16, 2, -17 },
  { 2770, 1, 1, 7, 0, -1 },
  { 2771, 2, 17, 7, 3, -12 },
  { 2776, 11, 18, 13, 1, -15 },
  { 2801, 12, 18, 13, 1, -17 },
  { 2828, 9, 10, 13, 2, -13 },
  { 2840, 13, 17, 13, 0, -17 },
  { 2868, 2, 22, 6, 2, -17 },
  { 2874, 11, 22, 13, 1, -17 },
  { 2905, 6, 3, 8, 1, -17 },
  { 2908, 18, 18, 17, 0, -17 },
  { 2949, 7, 10, 9, 1, -17 },
  { 2958, 8, 8, 11, 1, -10 },
  { 2966, 12, 7, 14, 1, -9 },
  { 2977, 6, 1, 8, 1, -7 },
  { 2978, 18, 18, 17, 0, -17 },
  { 3019, 6, 1, 8, 1, -16 },
  { 3020, 7, 7, 14, 4, -16 },
  { 3027, 12, 15, 14, 1, -15 },
  { 3050, 8, 10, 8, 0, -17 },
  { 3060, 8, 11, 8, 0, -17 },
  { 3071, 5, 3, 8, 2, -17 },
  { 3073, 11, 17, 13, 2, -12 },
  { 3097, 11, 21, 13, 1, -17 },
  { 3126, 2, 3, 7, 2, -8 },
  { 3127, 6, 5, 8, 1, 0 },
  { 3131, 3, 10, 8, 2, -17 },
  { 3135, 7, 10, 9, 1, -17 },
  { 3144, 8, 8, 11, 1, -10 },
  { 3152, 19, 17, 20, 1, -17 },
  { 3193, 19, 17, 20, 1, -17 },
  { 3234, 19, 17, 21, 1, -17 },
  { 3275, 10, 17, 13, 2, -12 },
  { 3297, 15, 22, 16, 0, -22 },
  { 3339, 15, 22, 16, 0, -22 },
  { 3381, 15, 22, 16, 0, -22 },
  { 3423, 15, 21, 16, 0, -21 },
  { 3463, 15, 21, 16, 0, -21 },
  { 3503, 15, 23, 16, 0, -23 },
  { 3547, 22, 17, 24, 0, -17 },
  { 3594, 15, 22, 17, 1, -17 },
  { 3636, 12, 22, 16, 2, -22 },
  { 3669, 12, 22, 16, 2, -22 },
  { 3702, 12, 22, 16, 2, -22 },
  { 3735, 12, 21, 16, 2, -21 },
  { 3767, 5, 22, 7, 0, -22 },
  { 3781, 5, 22, 7, 2, -22 },
  { 3795, 7, 22, 7, 0, -22 },
  { 3815, 7, 21, 7, 0, -21 },
  { 3834, 16, 17, 17, 0, -17 },
  { 3868, 13, 20, 17, 2, -20 },
  { 3901, 16, 23, 18, 1, -22 },
  { 3947, 16, 23, 18, 1, -22 },
  { 3993, 16, 23, 18, 1, -22 },
  { 4039, 16, 22, 18, 1, -21 },
  { 4083, 16, 22, 18, 1, -21 },
  { 4127, 9, 9, 14, 2, -10 },
  { 4138, 16, 19, 18, 1, -18 },
  { 4176, 13, 23, 17, 2, -22 },
  { 4214, 13, 23, 17, 2, -22 },
  { 4252, 13, 23, 17, 2, -22 },
  { 4290, 13, 22, 17, 2, -21 },
  { 4326, 16, 22, 16, 0, -22 },
  { 4370, 12, 17, 16, 2, -17 },
  { 4396, 11, 17, 14, 2, -17 },
  { 4420, 12, 18, 13, 1, -17 },
  { 4447, 12, 18, 13, 1, -17 },
  { 4474, 12, 18, 13, 1, -17 },
  { 4501, 12, 18, 13, 1, -17 },
  { 4528, 12, 18, 13, 1, -17 },
  { 4555, 12, 19, 13, 1, -18 },
  { 4584, 19, 14, 21, 1, -13 },
  { 4618, 10, 18, 12, 1, -13 },
  { 4641, 11, 18, 13, 1, -17 },
  { 4666, 11, 18, 13, 1, -17 },
  { 4691, 11, 18, 13, 1, -17 },
  { 4716, 11, 18, 13, 1, -17 },
  { 4741, 5, 17, 6, 0, -17 },
  { 4752, 5, 17, 6, 1, -17 },
  { 4763, 7, 17, 6, 0, -17 },
  { 4778, 6, 17, 6, 0, -17 },
  { 4791, 11, 18, 13, 1, -17 },
  { 4816, 9, 17, 13, 2, -17 },
  { 4836, 11, 18, 13, 1, -17 },
  { 4861, 11, 18, 13, 1, -17 },
  { 4886, 11, 18, 13, 1, -17 },
  { 4911, 11, 18, 13, 1, -17 },
  { 4936, 11, 18, 13, 1, -17 },
  { 4961, 12, 11, 14, 1, -11 },
  { 4978, 12, 14, 14, 0, -13 },
  { 4999, 9, 18, 13, 2, -17 },
  { 5020, 9, 18, 13, 2, -17 },
  { 5041, 9, 18, 13, 2, -17 },
  { 5062, 9, 18, 13, 2, -17 },
  { 5083, 11, 22, 12, 0, -17 },
  { 5114, 11, 22, 13, 1, -17 },
  { 5145, 11, 22, 12, 0, -17 },
};

const GFXfont FreeSans12pt8b PROGMEM = {
  (uint8_t *)FreeSans12pt8bBitmaps,
  (GFXglyph *)FreeSans12pt8bGlyphs,
  0x20, 0xFF, 33
};

const uint8_t FreeSansBold12pt8bBitmaps[] PROGMEM = {
  0x00, 0xFF, 0xFF, 0xFF, 0xFF, 0x60, 0x3F, 0xE0, 0xE3, 0xF1, 0xF8, 0xFC, 
  0x76, 0x33, 0x18, 0x0E, 0x70, 0x63, 0x03, 0x18, 0x19, 0xC7, 0xFF, 0xBF, 
  0xFC, 0x63, 0x03, 0x18, 0x19, 0xC1, 0xCE, 0x3F, 0xFD, 0xFF, 0xE3, 0x18, 
  0x19, 0xC1, 0xCE, 0x0E, 0x70, 0x63, 0x00, 0x04, 0x01, 0xC1, 0xFE, 0x3F, 
  0xEE, 0x4F, 0xC9, 0xF9, 0x07, 0xA0, 0x7E, 0x0F, 0xF0, 0x7F, 0x02, 0xF0, 
  0x4F, 0xC9, 0xF9, 0x3F, 0xAF, 0xFF, 0xC7, 0xF0, 0x18, 0x02, 0x00, 0x40, 
  0x00, 0x06, 0x0F, 0xC0, 0x83, 0xF8, 0x30, 0x63, 0x84, 0x0C, 0x31, 0x81, 
  0x86, 0x60, 0x39, 0xCC, 0x07, 0xF3, 0x00, 0x3C, 0x60, 0x00, 0x19, 0xF0, 
  0x03, 0x7F, 0x00, 0xCE, 0x70, 0x11, 0x86, 0x06, 0x30, 0xC0, 0x87, 0x38, 
  0x30, 0xFE, 0x0C, 0x0F, 0x80, 0x0F, 0x80, 0x3F, 0x80, 0xFF, 0x01, 0xC7, 
  0x03, 0x8E, 0x07, 0xB8, 0x07, 0xF0, 0x07, 0x80, 0x3F, 0x9C, 0xFF, 0x39, 
  0xCF, 0x77, 0x0F, 0xCE, 0x0F, 0x9E, 0x0F, 0x1E, 0x7E, 0x3F, 0xFE, 0x3F, 
  0x9E, 0x00, 0x00, 0xFF, 0xF6, 0xC0, 0x1C, 0x63, 0x8C, 0x71, 0xCE, 0x38, 
  0xE3, 0x8E, 0x38, 0xE3, 0x8E, 0x18, 0x71, 0xC3, 0x8E, 0x18, 0x30, 0xC3, 
  0x86, 0x1C, 0x30, 0xE3, 0x8E, 0x1C, 0x71, 0xC7, 0x1C, 0x63, 0x8E, 0x39, 
  0xC7, 0x18, 0xE3, 0x00, 0x10, 0x23, 0x5F, 0xF3, 0x8D, 0x9B, 0x00, 0x0E, 
  0x00, 0xE0, 0x0E, 0x00, 0xE0, 0xFF, 0xFF, 0xFF, 0xFF, 0xF0, 0xE0, 0x0E, 
  0x00, 0xE0, 0x0E, 0x00, 0xFF, 0xF3, 0x36, 0xC0, 0xFF, 0xFF, 0xC0, 0xFF, 
  0xF0, 0x04, 0x10, 0xC3, 0x08, 0x61, 0x84, 0x10, 0xC3, 0x08, 0x61, 0x84, 
  0x10, 0xC0, 0x1F, 0x07, 0xF1, 0xFF, 0x78, 0xEE, 0x1F, 0xC1, 0xF8, 0x3F, 
  0x07, 0xE0, 0xFC, 0x1F, 0x83, 0xF0, 0x7E, 0x0F, 0xE3, 0xDC, 0xF3, 0xFE, 
  0x3F, 0x81, 0x80, 0x06, 0x1C, 0x7F, 0xFF, 0xFF, 0xC3, 0x87, 0x0E, 0x1C, 
  0x38, 0x70, 0xE1, 0xC3, 0x87, 0x0E, 0x1F, 0x0F, 0xF9, 0xFF, 0x78, 0xFE, 
  0x0F, 0xC1, 0xC0, 0x38, 0x0F, 0x03, 0xC0, 0xF0, 0x3C, 0x1F, 0x07, 0x80, 
  0xE0, 0x3F, 0xFF, 0xFF, 0xFF, 0xE0, 0x1F, 0x0F, 0xF3, 0xFF, 0x70, 0xEE, 
  0x1F, 0xC3, 0x80, 0x70, 0x7C, 0x0F, 0x81, 0xF8, 0x07, 0x80, 0x7E, 0x0F, 
  0xC3, 0xFC, 0xFB, 0xFE, 0x3F, 0x80, 0x80, 0x03, 0xC0, 0xF8, 0x3F, 0x07, 
  0xE1, 0xFC, 0x37, 0x8C, 0xF3, 0x9E, 0x63, 0xDC, 0x7B, 0x0F, 0x7F, 0xFF, 
  0xFE, 0x07, 0x80, 0xF0, 0x1E, 0x03, 0xC0, 0x3F, 0xCF, 0xF9, 0xFF, 0x38, 
  0x06, 0x00, 0xC0, 0x1F, 0xE7, 0xFE, 0xFB, 0xDC, 0x3C, 0x03, 0x80, 0x70, 
  0x0F, 0xC3, 0xFC, 0xF3, 0xFE, 0x3F, 0x80, 0x00, 0x1F, 0x07, 0xF9, 0xFF, 
  0x38, 0x7E, 0x01, 0xC0, 0x3B, 0xC7, 0xFE, 0xFF, 0xDE, 0x3F, 0x83, 0xF0, 
  0x7E, 0x0F, 0xC1, 0xDC, 0x7B, 0xFE, 0x3F, 0x80, 0xC0, 0xFF, 0xFF, 0xFF, 
  0xFF, 0x80, 0x70, 0x1C, 0x07, 0x00, 0xE0, 0x38, 0x0F, 0x01, 0xC0, 0x38, 
  0x0E, 0x01, 0xC0, 0x38, 0x0F, 0x01, 0xE0, 0x38, 0x00, 0x1F, 0x0F, 0xF1, 
  0xFF, 0x70, 0xFE, 0x0F, 0xC1, 0xDC, 0x71, 0xFC, 0x7F, 0xDE, 0x3F, 0x83, 
  0xF0, 0x7E, 0x0F, 0xC1, 0xFC, 0x7B, 0xFE, 0x3F, 0x81, 0x80, 0x1F, 0x0F, 
  0xF1, 0xFF, 0x70, 0xEE, 0x0F, 0xC1, 0xF8, 0x3F, 0x0F, 0xF1, 0xEF, 0xFD, 
  0xFB, 0x86, 0x70, 0x0F, 0xC3, 0xBC, 0xF3, 0xFC, 0x3F, 0x00, 0x00, 0xFF, 
  0x80, 0x00, 0x1F, 0xF0, 0xFF, 0x80, 0x00, 0x1F, 0xF2, 0xFE, 0x00, 0x20, 
  0x3C, 0x3F, 0x9F, 0x8F, 0x81, 0xC0, 0x3E, 0x03, 0xF8, 0x0F, 0xE0, 0x3C, 
  0x01, 0x80, 0xFF, 0xFF, 0xFF, 0xFF, 0xF0, 0x00, 0x00, 0x00, 0x00, 0xFF, 
  0xFF, 0xFF, 0xFF, 0xF0, 0xC0, 0x1E, 0x03, 0xF8, 0x0F, 0xE0, 0x3E, 0x00, 
  0xC0, 0xF8, 0xFE, 0xFE, 0x1F, 0x03, 0x00, 0x00, 0x1F, 0xC3, 0xFE, 0x79, 
  0xF7, 0x0F, 0x70, 0x7F, 0x07, 0x00, 0xF0, 0x1E, 0x03, 0xE0, 0x78, 0x07, 
  0x00, 0x70, 0x00, 0x00, 0x00, 0x07, 0x00, 0x70, 0x07, 0x00, 0x00, 0x00, 
  0x00, 0x1F, 0xF8, 0x01, 0xE1, 0xF0, 0x3C, 0x03, 0xC3, 0x80, 0x07, 0x18, 
  0x00, 0x19, 0x83, 0xEC, 0xEC, 0x3F, 0xE3, 0xC3, 0x87, 0x1E, 0x18, 0x30, 
  0xF1, 0xC1, 0x87, 0x8C, 0x0C, 0x3C, 0x60, 0xC3, 0xE3, 0x86, 0x1B, 0x1C, 
  0xFB, 0xDC, 0x7E, 0xFC, 0x70, 0xC3, 0x01, 0xC0, 0x00, 0x07, 0x00, 0x00, 
  0x1F, 0xFE, 0x00, 0x3F, 0xE0, 0x00, 0x07, 0xC0, 0x07, 0xC0, 0x07, 0xE0, 
  0x0F, 0xE0, 0x0E, 0xE0, 0x0E, 0xF0, 0x1E, 0xF0, 0x1C, 0x70, 0x1C, 0x78, 
  0x3C, 0x78, 0x38, 0x38, 0x3F, 0xFC, 0x7F, 0xFC, 0x7F, 0xFC, 0xF0, 0x1E, 
  0xF0, 0x1E, 0xE0, 0x0E, 0xFF, 0xE3, 0xFF, 0xCF, 0xFF, 0xB8, 0x1E, 0xE0, 
  0x3B, 0x80, 0xEE, 0x0F, 0x3F, 0xF8, 0xFF, 0xF3, 0xFF, 0xEE, 0x03, 0xB8, 
  0x0F, 0xE0, 0x3F, 0x80, 0xEF, 0xFF, 0xBF, 0xFC, 0xFF, 0xE0, 0x0F, 0xF0, 
  0x3F, 0xF0, 0xFF, 0xF3, 0xC0, 0xF7, 0x81, 0xFE, 0x01, 0xFC, 0x00, 0x78, 
  0x00, 0xF0, 0x01, 0xE0, 0x03, 0xC0, 0x07, 0x80, 0x77, 0x01, 0xEF, 0x03, 
  0xCF, 0xBF, 0x1F, 0xFC, 0x0F, 0xF0, 0x02, 0x00, 0xFF, 0xC3, 0xFF, 0xCF, 
  0xFF, 0x38, 0x1E, 0xE0, 0x3B, 0x80, 0xFE, 0x03, 0xF8, 0x0F, 0xE0, 0x3F, 
  0x80, 0xFE, 0x03, 0xF8, 0x0F, 0xE0, 0x3B, 0x81, 0xEF, 0xFF, 0x3F, 0xF8, 
  0xFF, 0xC0, 0xFF, 0xF7, 0xFF, 0xBF, 0xFD, 0xC0, 0x0E, 0x00, 0x70, 0x03, 
  0x80, 0x1F, 0xFE, 0xFF, 0xF7, 0xFF, 0xB8, 0x01, 0xC0, 0x0E, 0x00, 0x70, 
  0x03, 0xFF, 0xFF, 0xFF, 0xFF, 0xF8, 0xFF, 0xFF, 0xFF, 0xFF, 0xFE, 0x00, 
  0xE0, 0x0E, 0x00, 0xE0, 0x0F, 0xFE, 0xFF, 0xEF, 0xFE, 0xE0, 0x0E, 0x00, 
  0xE0, 0x0E, 0x00, 0xE0, 0x0E, 0x00, 0xE0, 0x00, 0x0F, 0xF0, 0x1F, 0xFC, 
  0x3F, 0xFE, 0x78, 0x1E, 0x78, 0x0F, 0xF0, 0x00, 0xF0, 0x00, 0xF0, 0x00, 
  0xF0, 0x7F, 0xF0, 0x7F, 0xF0, 0x7F, 0xF0, 0x07, 0x78, 0x0F, 0x7C, 0x1F, 
  0x3F, 0xFF, 0x1F, 0xFF, 0x0F, 0xF7, 0x00, 0x80, 0xE0, 0x3F, 0x01, 0xF8, 
  0x0F, 0xC0, 0x7E, 0x03, 0xF0, 0x1F, 0xFF, 0xFF, 0xFF, 0xFF, 0xFF, 0x01, 
  0xF8, 0x0F, 0xC0, 0x7E, 0x03, 0xF0, 0x1F, 0x80, 0xFC, 0x07, 0xE0, 0x38, 
  0xFF, 0xFF, 0xFF, 0xFF, 0xFF, 0xFF, 0xFF, 0xFF, 0xF0, 0x01, 0xC0, 0x70, 
  0x1C, 0x07, 0x01, 0xC0, 0x70, 0x1C, 0x07, 0x01, 0xC0, 0x70, 0x1F, 0x87, 
  0xE1, 0xF8, 0x7F, 0xFF, 0xFF, 0x7F, 0x80, 0x00, 0xE0, 0x7D, 0xC1, 0xF3, 
  0x83, 0xC7, 0x0F, 0x0E, 0x3C, 0x1C, 0xF0, 0x3B, 0xC0, 0x7F, 0x00, 0xFF, 
  0x01, 0xFF, 0x03, 0xCF, 0x07, 0x0F, 0x0E, 0x1E, 0x1C, 0x1E, 0x38, 0x1E, 
  0x70, 0x1E, 0xE0, 0x3C, 0xE0, 0x0E, 0x00, 0xE0, 0x0E, 0x00, 0xE0, 0x0E, 
  0x00, 0xE0, 0x0E, 0x00, 0xE0, 0x0E, 0x00, 0xE0, 0x0E, 0x00, 0xE0, 0x0E, 
  0x00, 0xFF, 0xFF, 0xFF, 0xFF, 0xF0, 0xF8, 0x1F, 0xF8, 0x1F, 0xF8, 0x3F, 
  0xFC, 0x3F, 0xFC, 0x3F, 0xFC, 0x37, 0xEC, 0x77, 0xEE, 0x77, 0xEE, 0x77, 
  0xEE, 0x67, 0xE6, 0x67, 0xE6, 0xE7, 0xE7, 0xE7, 0xE7, 0xC7, 0xE3, 0xC7, 
  0xE3, 0xC7, 0xE3, 0xC7, 0xF0, 0x3F, 0xC0, 0xFF, 0x83, 0xFE, 0x0F, 0xFC, 
  0x3F, 0xF8, 0xFE, 0xE3, 0xFB, 0xCF, 0xE7, 0x3F, 0x8E, 0xFE, 0x3B, 0xF8, 
  0x7F, 0xE1, 0xFF, 0x83, 0xFE, 0x07, 0xF8, 0x1F, 0xE0, 0x3C, 0x0F, 0xF0, 
  0x1F, 0xF8, 0x3F, 0xFC, 0x7C, 0x1E, 0x78, 0x0F, 0xF0, 0x0F, 0xF0, 0x07, 
  0xF0, 0x07, 0xE0, 0x07, 0xE0, 0x07, 0xF0, 0x07, 0xF0, 0x0F, 0x70, 0x0F, 
  0x78, 0x1E, 0x3F, 0xFE, 0x1F, 0xFC, 0x0F, 0xF0, 0x00, 0x80, 0xFF, 0xC7, 
  0xFF, 0xBF, 0xFD, 0xC0, 0xFE, 0x07, 0xF0, 0x3F, 0x81, 0xFC, 0x1F, 0xFF, 
  0xF7, 0xFF, 0x3F, 0xF1, 0xC0, 0x0E, 0x00, 0x70, 0x03, 0x80, 0x1C, 0x00, 
  0xE0, 0x00, 0x0F, 0xF0, 0x0F, 0xFE, 0x0F, 0xFF, 0x8F, 0x83, 0xC7, 0x80, 
  0xF7, 0x80, 0x7B, 0xC0, 0x1D, 0xE0, 0x0E, 0xF0, 0x07, 0xF8, 0x03, 0xBC, 
  0x01, 0xDE, 0x0C, 0xE7, 0x87, 0xF3, 0xC1, 0xF0, 0xFF, 0xF8, 0x3F, 0xFE, 
  0x0F, 0xFF, 0x00, 0x41, 0x00, 0xFF, 0xF3, 0xFF, 0xEF, 0xFF, 0xB8, 0x0F, 
  0xE0, 0x3F, 0x80, 0xFE, 0x03, 0xBF, 0xFE, 0xFF, 0xE3, 0xFF, 0xCE, 0x0F, 
  0xB8, 0x0E, 0xE0, 0x3B, 0x80, 0xEE, 0x03, 0xB8, 0x0E, 0xE0, 0x3C, 0x3F, 
  0xE1, 0xFF, 0xC7, 0xDF, 0xBC, 0x1E, 0xE0, 0x3B, 0xC0, 0x0F, 0xC0, 0x1F, 
  0xF0, 0x3F, 0xF0, 0x1F, 0xE0, 0x07, 0xC0, 0x0F, 0xE0, 0x3F, 0xC0, 0xFF, 
  0x87, 0x9F, 0xFE, 0x3F, 0xE0, 0x08, 0x00, 0xFF, 0xFF, 0xFF, 0xFF, 0xFF, 
  0xC0, 0xE0, 0x03, 0x80, 0x0E, 0x00, 0x38, 0x00, 0xE0, 0x03, 0x80, 0x0E, 
  0x00, 0x38, 0x00, 0xE0, 0x03, 0x80, 0x0E, 0x00, 0x38, 0x00, 0xE0, 0x03, 
  0x80, 0xE0, 0x3F, 0x01, 0xF8, 0x0F, 0xC0, 0x7E, 0x03, 0xF0, 0x1F, 0x80, 
  0xFC, 0x07, 0xE0, 0x3F, 0x01, 0xF8, 0x0F, 0xC0, 0x7E, 0x03, 0xF8, 0x3F, 
  0xF7, 0xEF, 0xFE, 0x3F, 0xE0, 0x30, 0x00, 0xE0, 0x3F, 0xC0, 0xFF, 0x03, 
  0x9C, 0x0E, 0x70, 0x79, 0xE1, 0xC3, 0x87, 0x0E, 0x3C, 0x3C, 0xE0, 0x73, 
  0x81, 0xCE, 0x07, 0xF0, 0x0F, 0xC0, 0x3F, 0x00, 0xF8, 0x01, 0xE0, 0x07, 
  0x80, 0xF0, 0x78, 0x3D, 0xC1, 0xE0, 0xE7, 0x87, 0x83, 0x9E, 0x1F, 0x1E, 
  0x38, 0xFC, 0x78, 0xE3, 0xF1, 0xC3, 0x8E, 0xC7, 0x0F, 0x33, 0x1C, 0x1C, 
  0xCE, 0xF0, 0x77, 0x3B, 0x81, 0xDC, 0x6E, 0x03, 0x61, 0xB8, 0x0F, 0x87, 
  0xC0, 0x3E, 0x1F, 0x00, 0xF8, 0x7C, 0x01, 0xE0, 0xF0, 0x07, 0x03, 0x80, 
  0xF0, 0x3D, 0xE1, 0xE7, 0x87, 0x0F, 0x3C, 0x1D, 0xE0, 0x7F, 0x80, 0xFC, 
  0x03, 0xE0, 0x07, 0x80, 0x3F, 0x00, 0xFC, 0x07, 0xF8, 0x3C, 0xF0, 0xF3, 
  0xC7, 0x87, 0xBC, 0x1E, 0xF0, 0x3C, 0xF0, 0x3F, 0xC0, 0xE7, 0x87, 0x8E, 
  0x1C, 0x3C, 0xF0, 0x73, 0x81, 0xFE, 0x03, 0xF0, 0x0F, 0xC0, 0x1E, 0x00, 
  0x78, 0x01, 0xE0, 0x07, 0x80, 0x1E, 0x00, 0x78, 0x01, 0xE0, 0x07, 0x80, 
  0xFF, 0xFF, 0xFF, 0xFF, 0xFE, 0x01, 0xE0, 0x1E, 0x01, 0xF0, 0x0F, 0x00, 
  0xF0, 0x0F, 0x00, 0xF0, 0x0F, 0x80, 0x78, 0x07, 0x80, 0x78, 0x03, 0xFF, 
  0xFF, 0xFF, 0xFF, 0xF8, 0xFF, 0xF9, 0xCE, 0x73, 0x9C, 0xE7, 0x39, 0xCE, 
  0x73, 0x9C, 0xE7, 0x39, 0xFF, 0xFC, 0x81, 0x83, 0x02, 0x06, 0x0C, 0x08, 
  0x18, 0x30, 0x20, 0x60, 0xC0, 0x81, 0x83, 0x02, 0x06, 0xFF, 0xF1, 0xC7, 
  0x1C, 0x71, 0xC7, 0x1C, 0x71, 0xC7, 0x1C, 0x71, 0xC7, 0x1C, 0x71, 0xFF, 
  0xFF, 0xF0, 0x0F, 0x01, 0xE0, 0x7C, 0x0D, 0xC3, 0x98, 0x73, 0x8C, 0x73, 
  0x86, 0x70, 0xFC, 0x0C, 0xFF, 0xFF, 0xFF, 0xFC, 0x73, 0x8C, 0x30, 0x1F, 
  0x0F, 0xFB, 0xFF, 0x70, 0xFE, 0x1E, 0x0F, 0xDF, 0xFF, 0xEF, 0xE1, 0xFC, 
  0x3F, 0x8F, 0xFF, 0xF7, 0xFE, 0x20, 0x00, 0xF0, 0x07, 0x80, 0x3C, 0x01, 
  0xE0, 0x0F, 0x78, 0x7F, 0xE3, 0xFF, 0x9F, 0x1E, 0xF0, 0x77, 0x83, 0xBC, 
  0x1F, 0xE0, 0xEF, 0x07, 0x78, 0x3B, 0xE3, 0xDF, 0xFC, 0xFF, 0xC0, 0x08, 
  0x00, 0x1F, 0x07, 0xF9, 0xFF, 0x78, 0xFE, 0x0F, 0xC0, 0x38, 0x07, 0x00, 
  0xE0, 0x1E, 0x1F, 0xC7, 0xBF, 0xE3, 0xF8, 0x08, 0x00, 0x00, 0x70, 0x07, 
  0x00, 0x70, 0x07, 0x1E, 0x73, 0xF7, 0x7F, 0xFF, 0x1F, 0xE0, 0xFE, 0x0F, 
  0xE0, 0xFE, 0x0F, 0xE0, 0xFF, 0x0F, 0xF9, 0xF7, 0xFF, 0x3F, 0x70, 0x00, 
  0x1F, 0x07, 0xF1, 0xFF, 0x78, 0xFE, 0x0F, 0xC1, 0xFF, 0xFF, 0xFF, 0xE0, 
  0x1C, 0x1F, 0xC7, 0xBF, 0xE3, 0xF8, 0x08, 0x00, 0x1E, 0x7C, 0xF1, 0xC3, 
  0x9F, 0xFF, 0x9C, 0x38, 0x70, 0xE1, 0xC3, 0x87, 0x0E, 0x1C, 0x38, 0x1E, 
  0x73, 0xF7, 0x7F, 0xFF, 0x1F, 0xF0, 0xFE, 0x0F, 0xE0, 0x7E, 0x07, 0xE0, 
  0xFF, 0x0F, 0xF9, 0xF7, 0xFF, 0x3F, 0x70, 0x07, 0x00, 0xFF, 0x1E, 0x7F, 
  0xE3, 0xF8, 0xE0, 0x1C, 0x03, 0x80, 0x70, 0x0E, 0x71, 0xFF, 0xBF, 0xF7, 
  0x8F, 0xE1, 0xFC, 0x3F, 0x87, 0xF0, 0xFE, 0x1F, 0xC3, 0xF8, 0x7F, 0x0F, 
  0xE1, 0xE0, 0xFF, 0x8F, 0xFF, 0xFF, 0xFF, 0xFF, 0xE0, 0x39, 0xCE, 0x03, 
  0x9C, 0xE7, 0x39, 0xCE, 0x73, 0x9C, 0xE7, 0x39, 0xCF, 0xFF, 0xF8, 0xF0, 
  0x0F, 0x00, 0xF0, 0x0F, 0x00, 0xF0, 0xEF, 0x1E, 0xF3, 0xCF, 0x78, 0xFF, 
  0x0F, 0xE0, 0xFF, 0x0F, 0xF8, 0xF3, 0x8F, 0x3C, 0xF1, 0xCF, 0x1E, 0xF0, 
  0xF0, 0xFF, 0xFF, 0xFF, 0xFF, 0xFF, 0xFF, 0xE0, 0xF7, 0x8F, 0x3F, 0xF7, 
  0xFF, 0xFF, 0xFF, 0xC7, 0xC7, 0xF0, 0xE1, 0xFC, 0x38, 0x7F, 0x0E, 0x1F, 
  0xC3, 0x87, 0xF0, 0xE1, 0xFC, 0x38, 0x7F, 0x0E, 0x1F, 0xC3, 0x87, 0xF0, 
  0xE1, 0xC0, 0xF3, 0xCF, 0xFE, 0xFF, 0xEF, 0x8F, 0xF0, 0xFF, 0x07, 0xF0, 
  0x7F, 0x07, 0xF0, 0x7F, 0x07, 0xF0, 0x7F, 0x07, 0xF0, 0x70, 0x0F, 0x83, 
  0xFC, 0x7F, 0xEF, 0x0F, 0xF0, 0x7E, 0x07, 0xE0, 0x7E, 0x07, 0xE0, 0x7F, 
  0x0F, 0x79, 0xF7, 0xFE, 0x3F, 0xC0, 0x00, 0xF7, 0x8F, 0xFE, 0xFF, 0xEF, 
  0x8F, 0xF0, 0x7F, 0x07, 0xF0, 0x7F, 0x07, 0xF0, 0x7F, 0x07, 0xF8, 0xFF, 
  0xFE, 0xFF, 0xCF, 0x10, 0xF0, 0x0F, 0x00, 0xF0, 0x0F, 0x00, 0x1E, 0xF3, 
  0xFF, 0x7F, 0xFF, 0x1F, 0xE0, 0xFE, 0x0F, 0xE0, 0xFE, 0x0F, 0xE0, 0xFF, 
  0x0F, 0xF9, 0xF7, 0xFF, 0x3F, 0xF0, 0xCF, 0x00, 0xF0, 0x0F, 0x00, 0xF0, 
  0x0F, 0xF3, 0xF7, 0xFF, 0xFC, 0xF0, 0xF0, 0xF0, 0xF0, 0xF0, 0xF0, 0xF0, 
  0xF0, 0xF0, 0x1F, 0x0F, 0xF9, 0xFF, 0x78, 0xFF, 0x01, 0xFC, 0x1F, 0xF0, 
  0xFF, 0x03, 0xFC, 0x1F, 0xC7, 0xFF, 0xF7, 0xFC, 0x18, 0x00, 0x38, 0x70, 
  0xE1, 0xCF, 0xFF, 0xCE, 0x1C, 0x38, 0x70, 0xE1, 0xC3, 0x87, 0x0F, 0x9F, 
  0x04, 0xF0, 0xFF, 0x0F, 0xF0, 0xFF, 0x0F, 0xF0, 0xFF, 0x0F, 0xF0, 0xFF, 
  0x0F, 0xF0, 0xFF, 0x0F, 0xF9, 0xF7, 0xFF, 0x3F, 0xF0, 0xC0, 0xF0, 0x7B, 
  0x83, 0x9C, 0x1C, 0xF1, 0xE3, 0x8E, 0x1C, 0x70, 0xF7, 0x03, 0xB8, 0x1D, 
  0xC0, 0x7C, 0x03, 0xE0, 0x1F, 0x00, 0x70, 0x00, 0xF1, 0xE1, 0xFC, 0x78, 
  0xF7, 0x1E, 0x39, 0xC7, 0x8E, 0x71, 0xF3, 0x8E, 0xFD, 0xE3, 0xBB, 0x70, 
  0xEC, 0xDC, 0x3B, 0x3F, 0x07, 0xCF, 0x81, 0xF3, 0xE0, 0x78, 0x78, 0x0E, 
  0x1E, 0x00, 0x78, 0xF3, 0xC7, 0x8F, 0x78, 0x3B, 0x81, 0xFC, 0x07, 0xC0, 
  0x1C, 0x01, 0xF0, 0x1F, 0xC0, 0xEE, 0x0F, 0x78, 0xF1, 0xE7, 0x8F, 0x00, 
  0xF0, 0x7B, 0x83, 0x9E, 0x1C, 0xF1, 0xE3, 0x8E, 0x1C, 0x70, 0xF7, 0x03, 
  0xB8, 0x1D, 0xC0, 0xFC, 0x03, 0xE0, 0x1F, 0x00, 0x70, 0x03, 0x80, 0x1C, 
  0x01, 0xC0, 0x3E, 0x01, 0xE0, 0x00, 0x7F, 0xEF, 0xFD, 0xFF, 0x81, 0xE0, 
  0x7C, 0x0F, 0x03, 0xC0, 0xF0, 0x3C, 0x0F, 0x03, 0xFF, 0xFF, 0xFF, 0xFE, 
  0x1C, 0xF3, 0x8E, 0x38, 0xE3, 0x8E, 0x31, 0xCE, 0x3C, 0x30, 0xE3, 0x8E, 
  0x38, 0xE3, 0x8F, 0x3C, 0x30, 0xFF, 0xFF, 0xFF, 0xFF, 0xFF, 0xF0, 0xE3, 
  0xC7, 0x0C, 0x30, 0xC3, 0x0C, 0x30, 0xE1, 0xCF, 0x38, 0xC3, 0x0C, 0x30, 
  0xC3, 0x3C, 0xF3, 0x00, 0x7C, 0x6F, 0xCF, 0x1F, 0x80, 0xC0, 0xFF, 0xFF, 
  0xFF, 0xE0, 0x7E, 0x07, 0xE0, 0x7E, 0x07, 0xE0, 0x7E, 0x07, 0xE0, 0x7E, 
  0x07, 0xE0, 0x7E, 0x07, 0xE0, 0x7E, 0x07, 0xE0, 0x7F, 0xFF, 0xFF, 0xF0, 
  0xFF, 0xFF, 0xFF, 0xE0, 0x7E, 0x07, 0xE0, 0x7E, 0x07, 0xE0, 0x7E, 0x07, 
  0xE0, 0x7E, 0x07, 0xE0, 0x7E, 0x07, 0xE0, 0x7E, 0x07, 0xE0, 0x7F, 0xFF, 
  0xFF, 0xF0, 0xFF, 0xFF, 0xFF, 0xE0, 0x7E, 0x07, 0xE0, 0x7E, 0x07, 0xE0, 
  0x7E, 0x07, 0xE0, 0x7E, 0x07, 0xE0, 0x7E, 0x07, 0xE0, 0x7E, 0x07, 0xE0, 
  0x7F, 0xFF, 0xFF, 0xF0, 0xFF, 0xFF, 0xFF, 0xE0, 0x7E, 0x07, 0xE0, 0x7E, 
  0x07, 0xE0, 0x7E, 0x07, 0xE0, 0x7E, 0x07, 0xE0, 0x7E, 0x07, 0xE0, 0x7E, 
  0x07, 0xE0, 0x7F, 0xFF, 0xFF, 0xF0, 0xFF, 0xFF, 0xFF, 0xE0, 0x7E, 0x07, 
  0xE0, 0x7E, 0x07, 0xE0, 0x7E, 0x07, 0xE0, 0x7E, 0x07, 0xE0, 0x7E, 0x07, 
  0xE0, 0x7E, 0x07, 0xE0, 0x7F, 0xFF, 0xFF, 0xF0, 0xFF, 0xFF, 0xFF, 0xE0, 
  0x7E, 0x07, 0xE0, 0x7E, 0x07, 0xE0, 0x7E, 0x07, 0xE0, 0x7E, 0x07, 0xE0, 
  0x7E, 0x07, 0xE0, 0x7E, 0x07, 0xE0, 0x7F, 0xFF, 0xFF, 0xF0, 0xFF, 0xFF, 
  0xFF, 0xE0, 0x7E, 0x07, 0xE0, 0x7E, 0x07, 0xE0, 0x7E, 0x07, 0xE0, 0x7E, 
  0x07, 0xE0, 0x7E, 0x07, 0xE0, 0x7E, 0x07, 0xE0, 0x7F, 0xFF, 0xFF, 0xF0, 
  0xFF, 0xFF, 0xFF, 0xE0, 0x7E, 0x07, 0xE0, 0x7E, 0x07, 0xE0, 0x7E, 0x07, 
  0xE0, 0x7E, 0x07, 0xE0, 0x7E, 0x07, 0xE0, 0x7E, 0x07, 0xE0, 0x7F, 0xFF, 
  0xFF, 0xF0, 0xFF, 0xFF, 0xFF, 0xE0, 0x7E, 0x07, 0xE0, 0x7E, 0x07, 0xE0, 
  0x7E, 0x07, 0xE0, 0x7E, 0x07, 0xE0, 0x7E, 0x07, 0xE0, 0x7E, 0x07, 0xE0, 
  0x7F, 0xFF, 0xFF, 0xF0, 0xFF, 0xFF, 0xFF, 0xE0, 0x7E, 0x07, 0xE0, 0x7E, 
  0x07, 0xE0, 0x7E, 0x07, 0xE0, 0x7E, 0x07, 0xE0, 0x7E, 0x07, 0xE0, 0x7E, 
  0x07, 0xE0, 0x7F, 0xFF, 0xFF, 0xF0, 0xFF, 0xFF, 0xFF, 0xE0, 0x7E, 0x07, 
  0xE0, 0x7E, 0x07, 0xE0, 0x7E, 0x07, 0xE0, 0x7E, 0x07, 0xE0, 0x7E, 0x07, 
  0xE0, 0x7E, 0x07, 0xE0, 0x7F, 0xFF, 0xFF, 0xF0, 0xFF, 0xFF, 0xFF, 0xE0, 
  0x7E, 0x07, 0xE0, 0x7E, 0x07, 0xE0, 0x7E, 0x07, 0xE0, 0x7E, 0x07, 0xE0, 
  0x7E, 0x07, 0xE0, 0x7E, 0x07, 0xE0, 0x7F, 0xFF, 0xFF, 0xF0, 0xFF, 0xFF, 
  0xFF, 0xE0, 0x7E, 0x07, 0xE0, 0x7E, 0x07, 0xE0, 0x7E, 0x07, 0xE0, 0x7E, 
  0x07, 0xE0, 0x7E, 0x07, 0xE0, 0x7E, 0x07, 0xE0, 0x7F, 0xFF, 0xFF, 0xF0, 
  0xFF, 0xFF, 0xFF, 0xE0, 0x7E, 0x07, 0xE0, 0x7E, 0x07, 0xE0, 0x7E, 0x07, 
  0xE0, 0x7E, 0x07, 0xE0, 0x7E, 0x07, 0xE0, 0x7E, 0x07, 0xE0, 0x7F, 0xFF, 
  0xFF, 0xF0, 0xFF, 0xFF, 0xFF, 0xE0, 0x7E, 0x07, 0xE0, 0x7E, 0x07, 0xE0, 
  0x7E, 0x07, 0xE0, 0x7E, 0x07, 0xE0, 0x7E, 0x07, 0xE0, 0x7E, 0x07, 0xE0, 
  0x7F, 0xFF, 0xFF, 0xF0, 0xFF, 0xFF, 0xFF, 0xE0, 0x7E, 0x07, 0xE0, 0x7E, 
  0x07, 0xE0, 0x7E, 0x07, 0xE0, 0x7E, 0x07, 0xE0, 0x7E, 0x07, 0xE0, 0x7E, 
  0x07, 0xE0, 0x7F, 0xFF, 0xFF, 0xF0, 0xFF, 0xFF, 0xFF, 0xE0, 0x7E, 0x07, 
  0xE0, 0x7E, 0x07, 0xE0, 0x7E, 0x07, 0xE0, 0x7E, 0x07, 0xE0, 0x7E, 0x07, 
  0xE0, 0x7E, 0x07, 0xE0, 0x7F, 0xFF, 0xFF, 0xF0, 0xFF, 0xFF, 0xFF, 0xE0, 
  0x7E, 0x07, 0xE0, 0x7E, 0x07, 0xE0, 0x7E, 0x07, 0xE0, 0x7E, 0x07, 0xE0, 
  0x7E, 0x07, 0xE0, 0x7E, 0x07, 0xE0, 0x7F, 0xFF, 0xFF, 0xF0, 0xFF, 0xFF, 
  0xFF, 0xE0, 0x7E, 0x07, 0xE0, 0x7E, 0x07, 0xE0, 0x7E, 0x07, 0xE0, 0x7E, 
  0x07, 0xE0, 0x7E, 0x07, 0xE0, 0x7E, 0x07, 0xE0, 0x7F, 0xFF, 0xFF, 0xF0, 
  0xFF, 0xFF, 0xFF, 0xE0, 0x7E, 0x07, 0xE0, 0x7E, 0x07, 0xE0, 0x7E, 0x07, 
  0xE0, 0x7E, 0x07, 0xE0, 0x7E, 0x07, 0xE0, 0x7E, 0x07, 0xE0, 0x7F, 0xFF, 
  0xFF, 0xF0, 0xFF, 0xFF, 0xFF, 0xE0, 0x7E, 0x07, 0xE0, 0x7E, 0x07, 0xE0, 
  0x7E, 0x07, 0xE0, 0x7E, 0x07, 0xE0, 0x7E, 0x07, 0xE0, 0x7E, 0x07, 0xE0, 
  0x7F, 0xFF, 0xFF, 0xF0, 0xFF, 0xFF, 0xFF, 0xE0, 0x7E, 0x07, 0xE0, 0x7E, 
  0x07, 0xE0, 0x7E, 0x07, 0xE0, 0x7E, 0x07, 0xE0, 0x7E, 0x07, 0xE0, 0x7E, 
  0x07, 0xE0, 0x7F, 0xFF, 0xFF, 0xF0, 0xFF, 0xFF, 0xFF, 0xE0, 0x7E, 0x07, 
  0xE0, 0x7E, 0x07, 0xE0, 0x7E, 0x07, 0xE0, 0x7E, 0x07, 0xE0, 0x7E, 0x07, 
  0xE0, 0x7E, 0x07, 0xE0, 0x7F, 0xFF, 0xFF, 0xF0, 0xFF, 0xFF, 0xFF, 0xE0, 
  0x7E, 0x07, 0xE0, 0x7E, 0x07, 0xE0, 0x7E, 0x07, 0xE0, 0x7E, 0x07, 0xE0, 
  0x7E, 0x07, 0xE0, 0x7E, 0x07, 0xE0, 0x7F, 0xFF, 0xFF, 0xF0, 0xFF, 0xFF, 
  0xFF, 0xE0, 0x7E, 0x07, 0xE0, 0x7E, 0x07, 0xE0, 0x7E, 0x07, 0xE0, 0x7E, 
  0x07, 0xE0, 0x7E, 0x07, 0xE0, 0x7E, 0x07, 0xE0, 0x7F, 0xFF, 0xFF, 0xF0, 
  0xFF, 0xFF, 0xFF, 0xE0, 0x7E, 0x07, 0xE0, 0x7E, 0x07, 0xE0, 0x7E, 0x07, 
  0xE0, 0x7E, 0x07, 0xE0, 0x7E, 0x07, 0xE0, 0x7E, 0x07, 0xE0, 0x7F, 0xFF, 
  0xFF, 0xF0, 0xFF, 0xFF, 0xFF, 0xE0, 0x7E, 0x07, 0xE0, 0x7E, 0x07, 0xE0, 
  0x7E, 0x07, 0xE0, 0x7E, 0x07, 0xE0, 0x7E, 0x07, 0xE0, 0x7E, 0x07, 0xE0, 
  0x7F, 0xFF, 0xFF, 0xF0, 0xFF, 0xFF, 0xFF, 0xE0, 0x7E, 0x07, 0xE0, 0x7E, 
  0x07, 0xE0, 0x7E, 0x07, 0xE0, 0x7E, 0x07, 0xE0, 0x7E, 0x07, 0xE0, 0x7E, 
  0x07, 0xE0, 0x7F, 0xFF, 0xFF, 0xF0, 0xFF, 0xFF, 0xFF, 0xE0, 0x7E, 0x07, 
  0xE0, 0x7E, 0x07, 0xE0, 0x7E, 0x07, 0xE0, 0x7E, 0x07, 0xE0, 0x7E, 0x07, 
  0xE0, 0x7E, 0x07, 0xE0, 0x7F, 0xFF, 0xFF, 0xF0, 0xFF, 0xFF, 0xFF, 0xE0, 
  0x7E, 0x07, 0xE0, 0x7E, 0x07, 0xE0, 0x7E, 0x07, 0xE0, 0x7E, 0x07, 0xE0, 
  0x7E, 0x07, 0xE0, 0x7E, 0x07, 0xE0, 0x7F, 0xFF, 0xFF, 0xF0, 0xFF, 0xFF, 
  0xFF, 0xE0, 0x7E, 0x07, 0xE0, 0x7E, 0x07, 0xE0, 0x7E, 0x07, 0xE0, 0x7E, 
  0x07, 0xE0, 0x7E, 0x07, 0xE0, 0x7E, 0x07, 0xE0, 0x7F, 0xFF, 0xFF, 0xF0, 
  0xFF, 0xFF, 0xFF, 0xE0, 0x7E, 0x07, 0xE0, 0x7E, 0x07, 0xE0, 0x7E, 0x07, 
  0xE0, 0x7E, 0x07, 0xE0, 0x7E, 0x07, 0xE0, 0x7E, 0x07, 0xE0, 0x7F, 0xFF, 
  0xFF, 0xF0, 0xFF, 0xFF, 0xFF, 0xE0, 0x7E, 0x07, 0xE0, 0x7E, 0x07, 0xE0, 
  0x7E, 0x07, 0xE0, 0x7E, 0x07, 0xE0, 0x7E, 0x07, 0xE0, 0x7E, 0x07, 0xE0, 
  0x7F, 0xFF, 0xFF, 0xF0, 0x00, 0xFF, 0xF1, 0xB6, 0xFF, 0xFF, 0xFF, 0xE0, 
  0x04, 0x00, 0x80, 0x7C, 0x1F, 0xE7, 0xFD, 0xEB, 0xF9, 0x3F, 0x20, 0xE4, 
  0x1C, 0x83, 0x90, 0x7A, 0x77, 0xDE, 0xFF, 0x8F, 0xE0, 0x20, 0x04, 0x00, 
  0x80, 0x0F, 0x07, 0xFC, 0x7F, 0xCF, 0x1E, 0xE0, 0xEE, 0x0E, 0xF0, 0x07, 
  0x00, 0xFF, 0x0F, 0xF0, 0x38, 0x03, 0x80, 0x38, 0x03, 0x00, 0x6F, 0x6F, 
  0xFE, 0xFF, 0xF0, 0x18, 0x40, 0x5F, 0xFD, 0xFF, 0x38, 0xE6, 0x0C, 0xC1, 
  0x98, 0x33, 0x8E, 0x7F, 0xDF, 0xFF, 0x11, 0x80, 0x00, 0xE0, 0x3B, 0x83, 
  0x9C, 0x1C, 0x71, 0xC3, 0xCE, 0x0E, 0xE0, 0x3F, 0x01, 0xF0, 0x07, 0x81, 
  0xFF, 0x81, 0xC0, 0x7F, 0xE3, 0xFF, 0x03, 0x80, 0x1C, 0x00, 0xE0, 0x07, 
  0x00, 0xFF, 0xFF, 0xC0, 0x3F, 0xFF, 0xF0, 0x1F, 0x0F, 0xF1, 0xEF, 0x38, 
  0xE7, 0x00, 0xF8, 0x1F, 0xC3, 0xFC, 0xEF, 0xDC, 0x7F, 0x83, 0xF8, 0x7F, 
  0xCE, 0x7F, 0x87, 0xE0, 0x3E, 0x01, 0xEE, 0x3D, 0xC7, 0x3F, 0xE3, 0xF8, 
  0x3C, 0x00, 0xE7, 0xCC, 0x07, 0xF8, 0x07, 0x8F, 0x03, 0x80, 0x61, 0x87, 
  0x8C, 0x67, 0xF1, 0xB3, 0x8E, 0x6C, 0xC1, 0x9B, 0x30, 0x03, 0xCC, 0x00, 
  0xF3, 0x00, 0x3C, 0xC1, 0x8B, 0x38, 0xE6, 0x67, 0xF1, 0x98, 0xF8, 0xC3, 
  0x80, 0x60, 0x78, 0x70, 0x07, 0xF8, 0x00, 0x30, 0x00, 0x7D, 0xFB, 0x33, 
  0xEE, 0xD9, 0xBF, 0x3F, 0x01, 0xFF, 0xF8, 0x10, 0x98, 0xDC, 0xFC, 0xEC, 
  0x67, 0x39, 0xCE, 0x63, 0x10, 0x80, 0xFF, 0xFF, 0xFF, 0xFF, 0xF0, 0x07, 
  0x00, 0x70, 0x07, 0x00, 0x70, 0xFF, 0xFF, 0xC0, 0x07, 0xF8, 0x07, 0x8F, 
  0x03, 0x80, 0x61, 0xBF, 0x8C, 0x6F, 0xF9, 0xB3, 0x8E, 0x6C, 0xE1, 0x9B, 
  0x38, 0xE3, 0xCF, 0xF0, 0xF3, 0xFC, 0x3C, 0xE3, 0x8B, 0x38, 0xE6, 0x6E, 
  0x39, 0x9B, 0x86, 0xC3, 0x80, 0x60, 0x78, 0x70, 0x07, 0xF8, 0x00, 0x30, 
  0x00, 0xFF, 0xFC, 0x79, 0xDA, 0x1C, 0x38, 0x5F, 0x9E, 0x00, 0x0E, 0x01, 
  0xC0, 0x38, 0x07, 0x0F, 0xFF, 0xFF, 0xFF, 0xF8, 0x70, 0x0E, 0x01, 0xC0, 
  0x38, 0x00, 0x0F, 0xFF, 0xFF, 0xC0, 0x3C, 0x7E, 0x67, 0xE7, 0x06, 0x0E, 
  0x3C, 0x70, 0x7F, 0xFF, 0x3C, 0x7E, 0x66, 0x66, 0x1E, 0x1E, 0x07, 0xE7, 
  0x67, 0x7E, 0x18, 0x76, 0xEC, 0xF0, 0xEF, 0x0E, 0xF0, 0xEF, 0x0E, 0xF0, 
  0xEF, 0x0E, 0xF0, 0xEF, 0x0E, 0xF0, 0xEF, 0x0E, 0xF9, 0xEF, 0xFF, 0xFF, 
  0x7F, 0x01, 0xF0, 0x0F, 0x00, 0xF0, 0x0F, 0x00, 0x1F, 0xF3, 0xFF, 0x7F, 
  0x67, 0xF6, 0xFF, 0x6F, 0xF6, 0x7F, 0x67, 0xF6, 0x7F, 0x63, 0xF6, 0x0F, 
  0x60, 0x76, 0x07, 0x60, 0x76, 0x07, 0x60, 0x76, 0x07, 0x60, 0x76, 0x07, 
  0x60, 0x76, 0x07, 0x60, 0x76, 0xFF, 0x80, 0x10, 0xE0, 0xE3, 0xF8, 0x19, 
  0xFF, 0xF3, 0x9C, 0xE7, 0x39, 0xC0, 0x7D, 0xFB, 0x1E, 0x3C, 0x78, 0xFF, 
  0x3C, 0x01, 0xFF, 0xF8, 0x84, 0x63, 0x39, 0xCE, 0x73, 0x1B, 0x9F, 0x9D, 
  0x8C, 0x84, 0x00, 0x18, 0x06, 0x07, 0x01, 0x83, 0xE0, 0x30, 0x7C, 0x0C, 
  0x03, 0x83, 0x80, 0x70, 0x60, 0x0E, 0x18, 0x01, 0xC3, 0x0E, 0x38, 0xC3, 
  0xC7, 0x18, 0x58, 0x06, 0x1B, 0x01, 0x86, 0x60, 0x30, 0xCC, 0x0C, 0x3F, 
  0xC1, 0x87, 0xF8, 0x60, 0x06, 0x1C, 0x00, 0xC0, 0x18, 0x06, 0x07, 0x01, 
  0x83, 0xE0, 0x70, 0x7C, 0x0C, 0x03, 0x83, 0x00, 0x70, 0x60, 0x0E, 0x18, 
  0x01, 0xC3, 0x3E, 0x38, 0xCF, 0xE7, 0x31, 0x8C, 0x06, 0x31, 0x81, 0x80, 
  0x70, 0x30, 0x1C, 0x0C, 0x0E, 0x01, 0x83, 0x80, 0x60, 0x7F, 0x18, 0x0F, 
  0xE0, 0x3C, 0x03, 0x87, 0xE0, 0x30, 0x66, 0x06, 0x06, 0x60, 0x60, 0x1E, 
  0x0C, 0x01, 0xE0, 0xC0, 0x07, 0x18, 0x0E, 0x73, 0x8E, 0x67, 0x31, 0xE7, 
  0xE6, 0x16, 0x18, 0x63, 0x60, 0x0C, 0x66, 0x00, 0xC6, 0x60, 0x18, 0xFF, 
  0x03, 0x8F, 0xF0, 0x30, 0x06, 0x06, 0x00, 0x60, 0x0F, 0x00, 0xF0, 0x0F, 
  0x00, 0xF0, 0x00, 0x00, 0x70, 0x0E, 0x01, 0xE0, 0x3C, 0x07, 0x80, 0x70, 
  0x0F, 0x00, 0xF0, 0x7F, 0x0F, 0x71, 0xE7, 0xFE, 0x3F, 0xC0, 0xF0, 0x06, 
  0x00, 0x07, 0x00, 0x03, 0x00, 0x01, 0x80, 0x00, 0x00, 0x07, 0xC0, 0x07, 
  0xC0, 0x07, 0xE0, 0x0F, 0xE0, 0x0E, 0xE0, 0x0E, 0xF0, 0x1E, 0xF0, 0x1C, 
  0x70, 0x1C, 0x78, 0x3C, 0x78, 0x38, 0x38, 0x3F, 0xFC, 0x7F, 0xFC, 0x7F, 
  0xFC, 0xF0, 0x1E, 0xF0, 0x1E, 0xE0, 0x0E, 0x00, 0xE0, 0x01, 0xC0, 0x01, 
  0x80, 0x03, 0x00, 0x00, 0x00, 0x07, 0xC0, 0x07, 0xC0, 0x07, 0xE0, 0x0F, 
  0xE0, 0x0E, 0xE0, 0x0E, 0xF0, 0x1E, 0xF0, 0x1C, 0x70, 0x1C, 0x78, 0x3C, 
  0x78, 0x38, 0x38, 0x3F, 0xFC, 0x7F, 0xFC, 0x7F, 0xFC, 0xF0, 0x1E, 0xF0, 
  0x1E, 0xE0, 0x0E, 0x03, 0x80, 0x06, 0xC0, 0x04, 0x60, 0x0C, 0x60, 0x00, 
  0x00, 0x07, 0xC0, 0x07, 0xC0, 0x07, 0xE0, 0x0F, 0xE0, 0x0E, 0xE0, 0x0E, 
  0xF0, 0x1E, 0xF0, 0x1C, 0x70, 0x1C, 0x78, 0x3C, 0x78, 0x38, 0x38, 0x3F, 
  0xFC, 0x7F, 0xFC, 0x7F, 0xFC, 0xF0, 0x1E, 0xF0, 0x1E, 0xE0, 0x0E, 0x06, 
  0x30, 0x0F, 0xF0, 0x09, 0xE0, 0x00, 0x00, 0x00, 0x00, 0x07, 0xC0, 0x07, 
  0xC0, 0x07, 0xE0, 0x0F, 0xE0, 0x0E, 0xE0, 0x0E, 0xF0, 0x1E, 0xF0, 0x1C, 
  0x70, 0x1C, 0x78, 0x3C, 0x78, 0x38, 0x38, 0x3F, 0xFC, 0x7F, 0xFC, 0x7F, 
  0xFC, 0xF0, 0x1E, 0xF0, 0x1E, 0xE0, 0x0E, 0x0E, 0x60, 0x0E, 0x60, 0x0E, 
  0x60, 0x00, 0x00, 0x00, 0x00, 0x07, 0xC0, 0x07, 0xC0, 0x07, 0xE0, 0x0F, 
  0xE0, 0x0E, 0xE0, 0x0E, 0xF0, 0x1E, 0xF0, 0x1C, 0x70, 0x1C, 0x78, 0x3C, 
  0x78, 0x38, 0x38, 0x3F, 0xFC, 0x7F, 0xFC, 0x7F, 0xFC, 0xF0, 0x1E, 0xF0, 
  0x1E, 0xE0, 0x0E, 0x03, 0x80, 0x06, 0xC0, 0x02, 0xC0, 0x03, 0x80, 0x00, 
  0x00, 0x07, 0xC0, 0x07, 0xC0, 0x07, 0xE0, 0x0F, 0xE0, 0x0E, 0xE0, 0x0E, 
  0xF0, 0x1E, 0xF0, 0x1C, 0x70, 0x1C, 0x78, 0x3C, 0x78, 0x38, 0x38, 0x3F, 
  0xFC, 0x7F, 0xFC, 0x7F, 0xFC, 0xF0, 0x1E, 0xF0, 0x1E, 0xE0, 0x0E, 0x03, 
  0xFF, 0xFC, 0x07, 0xFF, 0xF8, 0x1F, 0xFF, 0xF0, 0x39, 0xE0, 0x00, 0x73, 
  0xC0, 0x01, 0xE7, 0x80, 0x03, 0x8F, 0x00, 0x0F, 0x1F, 0xFE, 0x1E, 0x3F, 
  0xFC, 0x38, 0x7F, 0xF8, 0xFF, 0xF0, 0x01, 0xFF, 0xE0, 0x03, 0xFF, 0xC0, 
  0x0F, 0x07, 0x80, 0x1C, 0x0F, 0xFF, 0xB8, 0x1F, 0xFF, 0xF0, 0x3F, 0xFE, 
  0x0F, 0xF0, 0x3F, 0xF0, 0xFF, 0xF3, 0xC0, 0xF7, 0x81, 0xFE, 0x01, 0xFC, 
  0x00, 0x78, 0x00, 0xF0, 0x01, 0xE0, 0x03, 0xC0, 0x07, 0x80, 0x77, 0x01, 
  0xEF, 0x03, 0xCF, 0xBF, 0x1F, 0xFC, 0x0F, 0xF0, 0x02, 0x00, 0x0E, 0x00, 
  0x06, 0x00, 0x8C, 0x01, 0xF8, 0x00, 0x1C, 0x00, 0x70, 0x01, 0x80, 0x04, 
  0x00, 0x00, 0x7F, 0xFB, 0xFF, 0xDF, 0xFE, 0xE0, 0x07, 0x00, 0x38, 0x01, 
  0xC0, 0x0F, 0xFF, 0x7F, 0xFB, 0xFF, 0xDC, 0x00, 0xE0, 0x07, 0x00, 0x38, 
  0x01, 0xFF, 0xFF, 0xFF, 0xFF, 0xFC, 0x03, 0x80, 0x18, 0x01, 0x80, 0x08, 
  0x00, 0x00, 0x7F, 0xFB, 0xFF, 0xDF, 0xFE, 0xE0, 0x07, 0x00, 0x38, 0x01, 
  0xC0, 0x0F, 0xFF, 0x7F, 0xFB, 0xFF, 0xDC, 0x00, 0xE0, 0x07, 0x00, 0x38, 
  0x01, 0xFF, 0xFF, 0xFF, 0xFF, 0xFC, 0x07, 0x00, 0x78, 0x06, 0x60, 0x61, 
  0x80, 0x00, 0x7F, 0xFB, 0xFF, 0xDF, 0xFE, 0xE0, 0x07, 0x00, 0x38, 0x01, 
  0xC0, 0x0F, 0xFF, 0x7F, 0xFB, 0xFF, 0xDC, 0x00, 0xE0, 0x07, 0x00, 0x38, 
  0x01, 0xFF, 0xFF, 0xFF, 0xFF, 0xFC, 0x39, 0xC1, 0xCE, 0x0E, 0x70, 0x00, 
  0x00, 0x00, 0x7F, 0xFB, 0xFF, 0xDF, 0xFE, 0xE0, 0x07, 0x00, 0x38, 0x01, 
  0xC0, 0x0F, 0xFF, 0x7F, 0xFB, 0xFF, 0xDC, 0x00, 0xE0, 0x07, 0x00, 0x38, 
  0x01, 0xFF, 0xFF, 0xFF, 0xFF, 0xFC, 0xE3, 0x0C, 0x20, 0x3D, 0xEF, 0x7B, 
  0xDE, 0xF7, 0xBD, 0xEF, 0x7B, 0xDE, 0xF7, 0xBC, 0x18, 0xE3, 0x18, 0x03, 
  0xCF, 0x3C, 0xF3, 0xCF, 0x3C, 0xF3, 0xCF, 0x3C, 0xF3, 0xCF, 0x3C, 0xF3, 
  0xC0, 0x38, 0xDB, 0x34, 0x30, 0x0F, 0x1E, 0x3C, 0x78, 0xF1, 0xE3, 0xC7, 
  0x8F, 0x1E, 0x3C, 0x78, 0xF1, 0xE3, 0xC7, 0x8F, 0x00, 0xCF, 0x9F, 0x38, 
  0x00, 0x0F, 0x1E, 0x3C, 0x78, 0xF1, 0xE3, 0xC7, 0x8F, 0x1E, 0x3C, 0x78, 
  0xF1, 0xE3, 0xC7, 0x8F, 0x00, 0x3F, 0xF0, 0x3F, 0xFC, 0x3F, 0xFC, 0x38, 
  0x1E, 0x38, 0x0E, 0x38, 0x0F, 0x38, 0x0F, 0xFF, 0x87, 0xFF, 0x87, 0x38, 
  0x07, 0x38, 0x0F, 0x38, 0x0F, 0x38, 0x0E, 0x38, 0x1E, 0x3F, 0xFC, 0x3F, 
  0xF8, 0x3F, 0xF0, 0x0C, 0x60, 0x7F, 0x81, 0x3C, 0x00, 0x00, 0x00, 0x03, 
  0xC0, 0xFF, 0x03, 0xFE, 0x0F, 0xF8, 0x3F, 0xF0, 0xFF, 0xE3, 0xFB, 0x8F, 
  0xEF, 0x3F, 0x9C, 0xFE, 0x3B, 0xF8, 0xEF, 0xE1, 0xFF, 0x87, 0xFE, 0x0F, 
  0xF8, 0x1F, 0xE0, 0x7F, 0x80, 0xF0, 0x07, 0x00, 0x03, 0x80, 0x01, 0x80, 
  0x00, 0xC0, 0x00, 0x00, 0x0F, 0xF0, 0x1F, 0xF8, 0x3F, 0xFC, 0x7C, 0x1E, 
  0x78, 0x0F, 0xF0, 0x0F, 0xF0, 0x07, 0xF0, 0x07, 0xE0, 0x07, 0xE0, 0x07, 
  0xF0, 0x07, 0xF0, 0x0F, 0x70, 0x0F, 0x78, 0x1E, 0x3F, 0xFE, 0x1F, 0xFC, 
  0x0F, 0xF0, 0x00, 0x80, 0x00, 0xE0, 0x00, 0xC0, 0x01, 0x80, 0x01, 0x80, 
  0x00, 0x00, 0x0F, 0xF0, 0x1F, 0xF8, 0x3F, 0xFC, 0x7C, 0x1E, 0x78, 0x0F, 
  0xF0, 0x0F, 0xF0, 0x07, 0xF0, 0x07, 0xE0, 0x07, 0xE0, 0x07, 0xF0, 0x07, 
  0xF0, 0x0F, 0x70, 0x0F, 0x78, 0x1E, 0x3F, 0xFE, 0x1F, 0xFC, 0x0F, 0xF0, 
  0x00, 0x80, 0x01, 0xC0, 0x03, 0xE0, 0x06, 0x60, 0x0C, 0x30, 0x00, 0x00, 
  0x0F, 0xF0, 0x1F, 0xF8, 0x3F, 0xFC, 0x7C, 0x1E, 0x78, 0x0F, 0xF0, 0x0F, 
  0xF0, 0x07, 0xF0, 0x07, 0xE0, 0x07, 0xE0, 0x07, 0xF0, 0x07, 0xF0, 0x0F, 
  0x70, 0x0F, 0x78, 0x1E, 0x3F, 0xFE, 0x1F, 0xFC, 0x0F, 0xF0, 0x00, 0x80, 
  0x06, 0x10, 0x07, 0xF0, 0x0C, 0xF0, 0x00, 0x00, 0x00, 0x00, 0x0F, 0xF0, 
  0x1F, 0xF8, 0x3F, 0xFC, 0x7C, 0x1E, 0x78, 0x0F, 0xF0, 0x0F, 0xF0, 0x07, 
  0xF0, 0x07, 0xE0, 0x07, 0xE0, 0x07, 0xF0, 0x07, 0xF0, 0x0F, 0x70, 0x0F, 
  0x78, 0x1E, 0x3F, 0xFE, 0x1F, 0xFC, 0x0F, 0xF0, 0x00, 0x80, 0x06, 0x70, 
  0x06, 0x70, 0x06, 0x70, 0x00, 0x00, 0x00, 0x00, 0x0F, 0xF0, 0x1F, 0xF8, 
  0x3F, 0xFC, 0x7C, 0x1E, 0x78, 0x0F, 0xF0, 0x0F, 0xF0, 0x07, 0xF0, 0x07, 
  0xE0, 0x07, 0xE0, 0x07, 0xF0, 0x07, 0xF0, 0x0F, 0x70, 0x0F, 0x78, 0x1E, 
  0x3F, 0xFE, 0x1F, 0xFC, 0x0F, 0xF0, 0x00, 0x80, 0x61, 0xBC, 0xF7, 0xF8, 
  0xFC, 0x1E, 0x0F, 0xC7, 0xFB, 0xCF, 0x61, 0x80, 0x00, 0x00, 0x01, 0x07, 
  0xF8, 0xC7, 0xFE, 0xC7, 0xFF, 0xC7, 0x81, 0xE3, 0x80, 0xFB, 0xC0, 0xFD, 
  0xE0, 0xCE, 0xE0, 0xC7, 0x70, 0xC3, 0xB8, 0xE1, 0xDE, 0xE0, 0xEF, 0x60, 
  0xF3, 0xE0, 0x79, 0xE0, 0x78, 0x7F, 0xFC, 0x7F, 0xFC, 0x67, 0xF8, 0x20, 
  0x20, 0x00, 0x0E, 0x00, 0x30, 0x01, 0x80, 0x06, 0x00, 0x00, 0x70, 0x1F, 
  0x80, 0xFC, 0x07, 0xE0, 0x3F, 0x01, 0xF8, 0x0F, 0xC0, 0x7E, 0x03, 0xF0, 
  0x1F, 0x80, 0xFC, 0x07, 0xE0, 0x3F, 0x01, 0xFC, 0x1F, 0xFB, 0xF7, 0xFF, 
  0x1F, 0xF0, 0x18, 0x00, 0x01, 0x80, 0x1C, 0x00, 0xC0, 0x0C, 0x00, 0x00, 
  0x70, 0x1F, 0x80, 0xFC, 0x07, 0xE0, 0x3F, 0x01, 0xF8, 0x0F, 0xC0, 0x7E, 
  0x03, 0xF0, 0x1F, 0x80, 0xFC, 0x07, 0xE0, 0x3F, 0x01, 0xFC, 0x1F, 0xFB, 
  0xF7, 0xFF, 0x1F, 0xF0, 0x18, 0x00, 0x07, 0x00, 0x6C, 0x02, 0x30, 0x31, 
  0x80, 0x00, 0x70, 0x1F, 0x80, 0xFC, 0x07, 0xE0, 0x3F, 0x01, 0xF8, 0x0F, 
  0xC0, 0x7E, 0x03, 0xF0, 0x1F, 0x80, 0xFC, 0x07, 0xE0, 0x3F, 0x01, 0xFC, 
  0x1F, 0xFB, 0xF7, 0xFF, 0x1F, 0xF0, 0x18, 0x00, 0x1C, 0xC0, 0xE6, 0x07, 
  0x30, 0x00, 0x00, 0x00, 0x70, 0x1F, 0x80, 0xFC, 0x07, 0xE0, 0x3F, 0x01, 
  0xF8, 0x0F, 0xC0, 0x7E, 0x03, 0xF0, 0x1F, 0x80, 0xFC, 0x07, 0xE0, 0x3F, 
  0x01, 0xFC, 0x1F, 0xFB, 0xF7, 0xFF, 0x1F, 0xF0, 0x18, 0x00, 0x01, 0xC0, 
  0x06, 0x00, 0x30, 0x00, 0x80, 0x00, 0x03, 0xC0, 0xFF, 0x03, 0x9E, 0x1E, 
  0x38, 0x70, 0xF3, 0xC1, 0xCE, 0x07, 0xF8, 0x0F, 0xC0, 0x3F, 0x00, 0x78, 
  0x01, 0xE0, 0x07, 0x80, 0x1E, 0x00, 0x78, 0x01, 0xE0, 0x07, 0x80, 0x1E, 
  0x00, 0xE0, 0x07, 0x00, 0x38, 0x01, 0xFF, 0xCF, 0xFF, 0x7F, 0xFB, 0x81, 
  0xFC, 0x0F, 0xE0, 0x7F, 0x03, 0xF8, 0x3D, 0xFF, 0xEF, 0xFE, 0x7F, 0xC3, 
  0x80, 0x1C, 0x00, 0xE0, 0x00, 0x3F, 0x07, 0xF8, 0xFF, 0xCE, 0x1C, 0xE1, 
  0xCE, 0x1C, 0xE7, 0xCE, 0x78, 0xE7, 0xEE, 0x1E, 0xE0, 0xEE, 0x0E, 0xE0, 
  0xEE, 0x0E, 0xE3, 0xEE, 0x7C, 0xE7, 0x80, 0x38, 0x03, 0x80, 0x30, 0x03, 
  0x00, 0x00, 0x3E, 0x1F, 0xF7, 0xFE, 0xE1, 0xFC, 0x3C, 0x1F, 0xBF, 0xFF, 
  0xDF, 0xC3, 0xF8, 0x7F, 0x1F, 0xFF, 0xEF, 0xFC, 0x40, 0x00, 0x03, 0x00, 
  0xE0, 0x18, 0x06, 0x00, 0x00, 0x3E, 0x1F, 0xF7, 0xFE, 0xE1, 0xFC, 0x3C, 
  0x1F, 0xBF, 0xFF, 0xDF, 0xC3, 0xF8, 0x7F, 0x1F, 0xFF, 0xEF, 0xFC, 0x40, 
  0x00, 0x0E, 0x03, 0xE0, 0x4C, 0x18, 0xC0, 0x00, 0x3E, 0x1F, 0xF7, 0xFE, 
  0xE1, 0xFC, 0x3C, 0x1F, 0xBF, 0xFF, 0xDF, 0xC3, 0xF8, 0x7F, 0x1F, 0xFF, 
  0xEF, 0xFC, 0x40, 0x00, 0x00, 0xC7, 0xF1, 0xBE, 0x00, 0x00, 0x00, 0x3E, 
  0x1F, 0xF7, 0xFE, 0xE1, 0xFC, 0x3C, 0x1F, 0xBF, 0xFF, 0xDF, 0xC3, 0xF8, 
  0x7F, 0x1F, 0xFF, 0xEF, 0xFC, 0x40, 0x00, 0x33, 0x86, 0x70, 0x00, 0x00, 
  0x01, 0xF0, 0xFF, 0xBF, 0xF7, 0x0F, 0xE1, 0xE0, 0xFD, 0xFF, 0xFE, 0xFE, 
  0x1F, 0xC3, 0xF8, 0xFF, 0xFF, 0x7F, 0xE2, 0x00, 0x0E, 0x03, 0x40, 0x68, 
  0x07, 0x00, 0x00, 0x3E, 0x1F, 0xF7, 0xFE, 0xE1, 0xFC, 0x3C, 0x1F, 0xBF, 
  0xFF, 0xDF, 0xC3, 0xF8, 0x7F, 0x1F, 0xFF, 0xEF, 0xFC, 0x40, 0x00, 0x1F, 
  0x1E, 0x0F, 0xFF, 0xF3, 0xFF, 0xFF, 0x70, 0xF0, 0xFE, 0x1E, 0x0E, 0x1F, 
  0xC1, 0xDF, 0xFF, 0xFF, 0xEF, 0xFF, 0xE1, 0xE0, 0x1C, 0x3C, 0x1F, 0x8F, 
  0xC7, 0xFF, 0xBF, 0xE7, 0xE3, 0xF8, 0x20, 0x00, 0x00, 0x1F, 0x07, 0xF9, 
  0xFF, 0x78, 0xFE, 0x0F, 0xC0, 0x38, 0x07, 0x00, 0xE0, 0x1E, 0x1F, 0xC7, 
  0xBF, 0xE3, 0xF8, 0x08, 0x03, 0x80, 0x18, 0x23, 0x07, 0xE0, 0x38, 0x03, 
  0x80, 0x30, 0x03, 0x00, 0x00, 0x3E, 0x0F, 0xE3, 0xFE, 0xF1, 0xFC, 0x1F, 
  0x83, 0xFF, 0xFF, 0xFF, 0xC0, 0x38, 0x3F, 0x8F, 0x7F, 0xC7, 0xF0, 0x10, 
  0x00, 0x03, 0x80, 0xE0, 0x18, 0x06, 0x00, 0x00, 0x3E, 0x0F, 0xE3, 0xFE, 
  0xF1, 0xFC, 0x1F, 0x83, 0xFF, 0xFF, 0xFF, 0xC0, 0x38, 0x3F, 0x8F, 0x7F, 
  0xC7, 0xF0, 0x10, 0x00, 0x0E, 0x03, 0x60, 0x6C, 0x18, 0xC0, 0x00, 0x3E, 
  0x0F, 0xE3, 0xFE, 0xF1, 0xFC, 0x1F, 0x83, 0xFF, 0xFF, 0xFF, 0xC0, 0x38, 
  0x3F, 0x8F, 0x7F, 0xC7, 0xF0, 0x10, 0x00, 0x39, 0x87, 0x30, 0x00, 0x00, 
  0x01, 0xF0, 0x7F, 0x1F, 0xF7, 0x8F, 0xE0, 0xFC, 0x1F, 0xFF, 0xFF, 0xFE, 
  0x01, 0xC1, 0xFC, 0x7B, 0xFE, 0x3F, 0x80, 0x80, 0xE3, 0x0C, 0x60, 0x1C, 
  0xE7, 0x39, 0xCE, 0x73, 0x9C, 0xE7, 0x39, 0xC0, 0x3B, 0x99, 0x80, 0x73, 
  0x9C, 0xE7, 0x39, 0xCE, 0x73, 0x9C, 0xE7, 0x00, 0x38, 0xF3, 0x36, 0x30, 
  0x07, 0x0E, 0x1C, 0x38, 0x70, 0xE1, 0xC3, 0x87, 0x0E, 0x1C, 0x38, 0x70, 
  0xCF, 0x9C, 0x00, 0x03, 0x87, 0x0E, 0x1C, 0x38, 0x70, 0xE1, 0xC3, 0x87, 
  0x0E, 0x1C, 0x38, 0x3B, 0x81, 0xE0, 0x1F, 0x81, 0x3C, 0x05, 0xC3, 0xFE, 
  0x7F, 0xFF, 0x0F, 0xF0, 0xFE, 0x07, 0xE0, 0x7E, 0x07, 0xE0, 0x7F, 0x0F, 
  0x79, 0xF7, 0xFE, 0x3F, 0xC0, 0x00, 0x00, 0x43, 0xFC, 0x37, 0xC0, 0x00, 
  0x00, 0x0F, 0x3C, 0xFF, 0xEF, 0xFE, 0xF8, 0xFF, 0x0F, 0xF0, 0x7F, 0x07, 
  0xF0, 0x7F, 0x07, 0xF0, 0x7F, 0x07, 0xF0, 0x7F, 0x07, 0x1C, 0x00, 0xC0, 
  0x06, 0x00, 0x20, 0x00, 0x00, 0xF8, 0x3F, 0xC7, 0xFE, 0xF0, 0xFF, 0x07, 
  0xE0, 0x7E, 0x07, 0xE0, 0x7E, 0x07, 0xF0, 0xF7, 0x9F, 0x7F, 0xE3, 0xFC, 
  0x00, 0x00, 0x03, 0x80, 0x30, 0x06, 0x00, 0x60, 0x00, 0x00, 0xF8, 0x3F, 
  0xC7, 0xFE, 0xF0, 0xFF, 0x07, 0xE0, 0x7E, 0x07, 0xE0, 0x7E, 0x07, 0xF0, 
  0xF7, 0x9F, 0x7F, 0xE3, 0xFC, 0x00, 0x00, 0x07, 0x00, 0xF0, 0x19, 0x83, 
  0x0C, 0x00, 0x00, 0xF8, 0x3F, 0xC7, 0xFE, 0xF0, 0xFF, 0x07, 0xE0, 0x7E, 
  0x07, 0xE0, 0x7E, 0x07, 0xF0, 0xF7, 0x9F, 0x7F, 0xE3, 0xFC, 0x00, 0x00, 
  0x00, 0x43, 0xFC, 0x37, 0xC0, 0x00, 0x00, 0x00, 0xF8, 0x3F, 0xC7, 0xFE, 
  0xF0, 0xFF, 0x07, 0xE0, 0x7E, 0x07, 0xE0, 0x7E, 0x07, 0xF0, 0xF7, 0x9F, 
  0x7F, 0xE3, 0xFC, 0x00, 0x00, 0x39, 0xC3, 0x9C, 0x00, 0x00, 0x00, 0x0F, 
  0x83, 0xFC, 0x7F, 0xEF, 0x0F, 0xF0, 0x7E, 0x07, 0xE0, 0x7E, 0x07, 0xE0, 
  0x7F, 0x0F, 0x79, 0xF7, 0xFE, 0x3F, 0xC0, 0x00, 0x0E, 0x00, 0xE0, 0x0E, 
  0x00, 0x00, 0xFF, 0xFF, 0xFF, 0xFF, 0xF0, 0x00, 0x0E, 0x00, 0xE0, 0x0E, 
  0x00, 0x07, 0xCC, 0x7F, 0xE3, 0xFF, 0x1E, 0x1E, 0x78, 0x79, 0xC3, 0xE7, 
  0x1B, 0x9C, 0xCE, 0x76, 0x39, 0xF1, 0xE3, 0xCF, 0x8F, 0xFC, 0x7F, 0xE1, 
  0x00, 0x00, 0x1C, 0x00, 0xC0, 0x06, 0x00, 0x20, 0x00, 0x0F, 0x0F, 0xF0, 
  0xFF, 0x0F, 0xF0, 0xFF, 0x0F, 0xF0, 0xFF, 0x0F, 0xF0, 0xFF, 0x0F, 0xF0, 
  0xFF, 0x9F, 0x7F, 0xF3, 0xFF, 0x0C, 0x00, 0x03, 0x80, 0x30, 0x06, 0x00, 
  0x60, 0x00, 0x0F, 0x0F, 0xF0, 0xFF, 0x0F, 0xF0, 0xFF, 0x0F, 0xF0, 0xFF, 
  0x0F, 0xF0, 0xFF, 0x0F, 0xF0, 0xFF, 0x9F, 0x7F, 0xF3, 0xFF, 0x0C, 0x00, 
  0x07, 0x00, 0xF0, 0x19, 0x83, 0x0C, 0x00, 0x0F, 0x0F, 0xF0, 0xFF, 0x0F, 
  0xF0, 0xFF, 0x0F, 0xF0, 0xFF, 0x0F, 0xF0, 0xFF, 0x0F, 0xF0, 0xFF, 0x9F, 
  0x7F, 0xF3, 0xFF, 0x0C, 0x00, 0x39, 0xC3, 0x9C, 0x00, 0x00, 0x00, 0xF0, 
  0xFF, 0x0F, 0xF0, 0xFF, 0x0F, 0xF0, 0xFF, 0x0F, 0xF0, 0xFF, 0x0F, 0xF0, 
  0xFF, 0x0F, 0xF9, 0xF7, 0xFF, 0x3F, 0xF0, 0xC0, 0x01, 0x80, 0x1C, 0x00, 
  0xC0, 0x0C, 0x00, 0x00, 0x78, 0x3D, 0xC1, 0xCF, 0x0E, 0x78, 0xF1, 0xC7, 
  0x0E, 0x38, 0x7B, 0x81, 0xDC, 0x0E, 0xE0, 0x7E, 0x01, 0xF0, 0x0F, 0x80, 
  0x38, 0x01, 0xC0, 0x0E, 0x00, 0xE0, 0x1F, 0x00, 0xF0, 0x00, 0xF0, 0x0F, 
  0x00, 0xF0, 0x0F, 0x00, 0xF7, 0x8F, 0xFE, 0xFF, 0xEF, 0x8F, 0xF0, 0x7F, 
  0x07, 0xF0, 0x7F, 0x07, 0xF0, 0x7F, 0x07, 0xF8, 0xFF, 0xFE, 0xFF, 0xCF, 
  0x10, 0xF0, 0x0F, 0x00, 0xF0, 0x0F, 0x00, 0x19, 0xC0, 0xCE, 0x00, 0x00, 
  0x00, 0x0F, 0x07, 0xB8, 0x39, 0xE1, 0xCF, 0x1E, 0x38, 0xE1, 0xC7, 0x0F, 
  0x70, 0x3B, 0x81, 0xDC, 0x0F, 0xC0, 0x3E, 0x01, 0xF0, 0x07, 0x00, 0x38, 
  0x01, 0xC0, 0x1C, 0x03, 0xE0, 0x1E, 0x00, 
};

const GFXglyph FreeSansBold12pt8bGlyphs[] PROGMEM = {
  { 0, 1, 1, 7, 0, -1 },
  { 1, 3, 17, 8, 3, -17 },
  { 8, 9, 6, 11, 1, -17 },
  { 15, 13, 17, 13, 0, -16 },
  { 43, 11, 21, 13, 1, -18 },
  { 72, 19, 17, 21, 1, -17 },
  { 113, 15, 18, 17, 1, -17 },
  { 147, 3, 6, 6, 1, -17 },
  { 150, 6, 22, 8, 1, -17 },
  { 167, 6, 22, 8, 1, -17 },
  { 184, 7, 7, 9, 1, -17 },
  { 191, 12, 11, 14, 1, -11 },
  { 208, 4, 7, 7, 1, -3 },
  { 212, 6, 3, 8, 1, -8 },
  { 215, 4, 3, 7, 1, -3 },
  { 217, 6, 17, 7, 0, -17 },
  { 230, 11, 18, 13, 1, -17 },
  { 255, 7, 17, 13, 2, -17 },
  { 270, 11, 17, 13, 1, -17 },
  { 294, 11, 18, 13, 1, -17 },
  { 319, 11, 17, 13, 1, -17 },
  { 343, 11, 18, 13, 1, -17 },
  { 368, 11, 18, 13, 1, -17 },
  { 393, 11, 17, 13, 1, -17 },
  { 417, 11, 18, 13, 1, -17 },
  { 442, 11, 18, 13, 1, -17 },
  { 467, 3, 12, 8, 3, -12 },
  { 472, 3, 16, 8, 3, -12 },
  { 478, 11, 11, 14, 1, -11 },
  { 494, 12, 9, 14, 1, -10 },
  { 508, 11, 11, 14, 1, -11 },
  { 524, 12, 17, 14, 1, -17 },
  { 550, 21, 21, 23, 1, -18 },
  { 606, 16, 17, 17, 1, -17 },
  { 640, 14, 17, 17, 2, -17 },
  { 670, 15, 18, 17, 1, -17 },
  { 704, 14, 17, 17, 2, -17 },
  { 734, 13, 17, 16, 2, -17 },
  { 762, 12, 17, 14, 2, -17 },
  { 788, 16, 18, 18, 1, -17 },
  { 824, 13, 17, 17, 2, -17 },
  { 852, 4, 17, 7, 1, -17 },
  { 861, 10, 18, 13, 1, -17 },
  { 884, 15, 17, 17, 2, -17 },
  { 916, 12, 17, 14, 2, -17 },
  { 942, 16, 17, 20, 2, -17 },
  { 976, 14, 17, 17, 2, -17 },
  { 1006, 16, 18, 18, 1, -17 },
  { 1042, 13, 17, 16, 2, -17 },
  { 1070, 17, 18, 18, 1, -17 },
  { 1109, 14, 17, 17, 2, -17 },
  { 1139, 14, 18, 16, 1, -17 },
  { 1171, 14, 17, 14, 0, -17 },
  { 1201, 13, 18, 17, 2, -17 },
  { 1231, 14, 17, 16, 1, -17 },
  { 1261, 22, 17, 22, 0, -17 },
  { 1308, 14, 17, 16, 1, -17 },
  { 1338, 14, 17, 16, 1, -17 },
  { 1368, 13, 17, 14, 1, -17 },
  { 1396, 5, 22, 8, 2, -17 },
  { 1410, 7, 17, 7, 0, -17 },
  { 1425, 6, 22, 8, 0, -17 },
  { 1442, 11, 10, 14, 1, -16 },
  { 1456, 15, 2, 13, -1, 3 },
  { 1460, 5, 4, 8, 0, -18 },
  { 1463, 11, 14, 13, 1, -13 },
  { 1483, 13, 18, 14, 1, -17 },
  { 1513, 11, 14, 13, 1, -13 },
  { 1533, 12, 18, 14, 1, -17 },
  { 1560, 11, 14, 13, 1, -13 },
  { 1580, 7, 17, 8, 0, -17 },
  { 1595, 12, 18, 14, 1, -13 },
  { 1622, 11, 17, 14, 2, -17 },
  { 1646, 3, 17, 7, 2, -17 },
  { 1653, 5, 22, 7, 0, -17 },
  { 1667, 12, 17, 13, 1, -17 },
  { 1693, 3, 17, 7, 2, -17 },
  { 1700, 18, 13, 21, 1, -13 },
  { 1730, 12, 13, 14, 1, -13 },
  { 1750, 12, 14, 14, 1, -13 },
  { 1771, 12, 18, 14, 1, -13 },
  { 1798, 12, 18, 14, 1, -13 },
  { 1825, 8, 13, 9, 1, -13 },
  { 1838, 11, 14, 13, 1, -13 },
  { 1858, 7, 17, 8, 0, -16 },
  { 1873, 12, 14, 14, 1, -13 },
  { 1894, 13, 13, 13, 0, -13 },
  { 1916, 18, 13, 18, 0, -13 },
  { 1946, 13, 13, 13, 0, -13 },
  { 1968, 13, 18, 13, 0, -13 },
  { 1998, 11, 13, 12, 0, -13 },
  { 2016, 6, 22, 9, 1, -17 },
  { 2033, 2, 22, 7, 2, -17 },
  { 2039, 6, 22, 9, 2, -17 },
  { 2056, 11, 4, 14, 1, -7 },
  { 2062, 12, 17, 16, 2, -17 },
  { 2088, 12, 17, 16, 2, -17 },
  { 2114, 12, 17, 16, 2, -17 },
  { 2140, 12, 17, 16, 2, -17 },
  { 2166, 12, 17, 16, 2, -17 },
  { 2192, 12, 17, 16, 2, -17 },
  { 2218, 12, 17, 16, 2, -17 },
  { 2244, 12, 17, 16, 2, -17 },
  { 2270, 12, 17, 16, 2, -17 },
  { 2296, 12, 17, 16, 2, -17 },
  { 2322, 12, 17, 16, 2, -17 },
  { 2348, 12, 17, 16, 2, -17 },
  { 2374, 12, 17, 16, 2, -17 },
  { 2400, 12, 17, 16, 2, -17 },
  { 2426, 12, 17, 16, 2, -17 },
  { 2452, 12, 17, 16, 2, -17 },
  { 2478, 12, 17, 16, 2, -17 },
  { 2504, 12, 17, 16, 2, -17 },
  { 2530, 12, 17, 16, 2, -17 },
  { 2556, 12, 17, 16, 2, -17 },
  { 2582, 12, 17, 16, 2, -17 },
  { 2608, 12, 17, 16, 2, -17 },
  { 2634, 12, 17, 16, 2, -17 },
  { 2660, 12, 17, 16, 2, -17 },
  { 2686, 12, 17, 16, 2, -17 },
  { 2712, 12, 17, 16, 2, -17 },
  { 2738, 12, 17, 16, 2, -17 },
  { 2764, 12, 17, 16, 2, -17 },
  { 2790, 12, 17, 16, 2, -17 },
  { 2816, 12, 17, 16, 2, -17 },
  { 2842, 12, 17, 16, 2, -17 },
  { 2868, 12, 17, 16, 2, -17 },
  { 2894, 12, 17, 16, 2, -17 },
  { 2920, 1, 1, 7, 0, -1 },
  { 2921, 3, 17, 8, 2, -13 },
  { 2928, 11, 18, 13, 1, -15 },
  { 2953, 12, 18, 13, 1, -17 },
  { 2980, 11, 12, 13, 1, -14 },
  { 2997, 13, 17, 13, 0, -17 },
  { 3025, 2, 22, 7, 2, -17 },
  { 3031, 11, 22, 13, 1, -17 },
  { 3062, 7, 2, 8, 0, -17 },
  { 3064, 18, 18, 17, 0, -17 },
  { 3105, 7, 11, 9, 1, -17 },
  { 3115, 9, 9, 13, 2, -11 },
  { 3126, 12, 7, 14, 1, -9 },
  { 3137, 6, 3, 8, 1, -8 },
  { 3140, 18, 18, 17, 0, -17 },
  { 3181, 7, 2, 8, 0, -17 },
  { 3183, 7, 7, 14, 4, -16 },
  { 3190, 11, 14, 14, 1, -14 },
  { 3210, 8, 10, 8, 0, -17 },
  { 3220, 8, 11, 8, 0, -17 },
  { 3231, 4, 4, 8, 3, -18 },
  { 3233, 12, 18, 14, 1, -13 },
  { 3260, 12, 22, 13, 0, -17 },
  { 3293, 3, 3, 7, 1, -7 },
  { 3295, 6, 5, 8, 1, 0 },
  { 3299, 5, 10, 7, 1, -17 },
  { 3306, 7, 11, 9, 1, -17 },
  { 3316, 9, 9, 13, 2, -11 },
  { 3327, 19, 17, 20, 1, -17 },
  { 3368, 19, 17, 20, 1, -17 },
  { 3409, 20, 17, 20, 0, -17 },
  { 3452, 12, 18, 14, 1, -13 },
  { 3479, 16, 22, 17, 1, -22 },
  { 3523, 16, 22, 17, 1, -22 },
  { 3567, 16, 22, 17, 1, -22 },
  { 3611, 16, 22, 17, 1, -22 },
  { 3655, 16, 22, 17, 1, -22 },
  { 3699, 16, 22, 17, 1, -22 },
  { 3743, 23, 17, 24, 0, -17 },
  { 3792, 15, 22, 17, 1, -17 },
  { 3834, 13, 22, 16, 2, -22 },
  { 3870, 13, 22, 16, 2, -22 },
  { 3906, 13, 22, 16, 2, -22 },
  { 3942, 13, 22, 16, 2, -22 },
  { 3978, 5, 22, 7, 0, -22 },
  { 3992, 6, 22, 7, 1, -22 },
  { 4009, 7, 22, 7, 0, -22 },
  { 4029, 7, 22, 7, 0, -22 },
  { 4049, 16, 17, 17, 0, -17 },
  { 4083, 14, 22, 17, 2, -22 },
  { 4122, 16, 23, 18, 1, -22 },
  { 4168, 16, 23, 18, 1, -22 },
  { 4214, 16, 23, 18, 1, -22 },
  { 4260, 16, 23, 18, 1, -22 },
  { 4306, 16, 23, 18, 1, -22 },
  { 4352, 10, 10, 14, 2, -10 },
  { 4365, 17, 19, 18, 1, -18 },
  { 4406, 13, 23, 17, 2, -22 },
  { 4444, 13, 23, 17, 2, -22 },
  { 4482, 13, 23, 17, 2, -22 },
  { 4520, 13, 23, 17, 2, -22 },
  { 4558, 14, 22, 16, 1, -22 },
  { 4597, 13, 17, 16, 2, -17 },
  { 4625, 12, 17, 14, 2, -17 },
  { 4651, 11, 19, 13, 1, -18 },
  { 4678, 11, 19, 13, 1, -18 },
  { 4705, 11, 19, 13, 1, -18 },
  { 4732, 11, 19, 13, 1, -18 },
  { 4759, 11, 18, 13, 1, -17 },
  { 4784, 11, 19, 13, 1, -18 },
  { 4811, 19, 14, 21, 1, -13 },
  { 4845, 11, 18, 13, 1, -13 },
  { 4870, 11, 19, 13, 1, -18 },
  { 4897, 11, 19, 13, 1, -18 },
  { 4924, 11, 19, 13, 1, -18 },
  { 4951, 11, 18, 13, 1, -17 },
  { 4976, 5, 18, 7, 0, -18 },
  { 4988, 5, 18, 7, 2, -18 },
  { 5000, 7, 18, 7, 0, -18 },
  { 5016, 7, 17, 7, 0, -17 },
  { 5031, 12, 18, 14, 1, -17 },
  { 5058, 12, 18, 14, 1, -18 },
  { 5085, 12, 19, 14, 1, -18 },
  { 5114, 12, 19, 14, 1, -18 },
  { 5143, 12, 19, 14, 1, -18 },
  { 5172, 12, 19, 14, 1, -18 },
  { 5201, 12, 18, 14, 1, -17 },
  { 5228, 12, 11, 14, 1, -11 },
  { 5245, 14, 14, 14, 0, -13 },
  { 5270, 12, 19, 14, 1, -18 },
  { 5299, 12, 19, 14, 1, -18 },
  { 5328, 12, 19, 14, 1, -18 },
  { 5357, 12, 18, 14, 1, -17 },
  { 5384, 13, 23, 13, 0, -18 },
  { 5422, 12, 22, 14, 1, -17 },
  { 5455, 13, 22, 13, 0, -17 },
};

const GFXfont FreeSansBold12pt8b PROGMEM = {
  (uint8_t *)FreeSansBold12pt8bBitmaps,
  (GFXglyph *)FreeSansBold12pt8bGlyphs,
  0x20, 0xFF, 33
};

const uint8_t FreeSansBold18pt8bBitmaps[] PROGMEM = {
  0x00, 0xFF, 0xFF, 0xFF, 0xFF, 0xFF, 0xFF, 0xFF, 0xF7, 0xB9, 0xCE, 0x73, 
  0x9C, 0x00, 0x7F, 0xFF, 0xFF, 0xC0, 0xF8, 0xFF, 0xC7, 0xFE, 0x3F, 0xF1, 
  0xFF, 0x8F, 0xF8, 0x7F, 0xC1, 0xCE, 0x0E, 0x60, 0x70, 0x03, 0xC3, 0xC0, 
  0x78, 0x70, 0x0F, 0x1E, 0x01, 0xE3, 0xC0, 0x38, 0x78, 0x0F, 0x0F, 0x01, 
  0xE1, 0xC3, 0xFF, 0xFF, 0x7F, 0xFF, 0xEF, 0xFF, 0xFC, 0x3C, 0x3C, 0x07, 
  0x87, 0x00, 0xF1, 0xE0, 0x1E, 0x3C, 0x03, 0x87, 0x87, 0xFF, 0xFE, 0xFF, 
  0xFF, 0xDF, 0xFF, 0xFB, 0xFF, 0xFF, 0x0E, 0x1E, 0x01, 0xC3, 0xC0, 0x78, 
  0x70, 0x0F, 0x1E, 0x01, 0xE3, 0xC0, 0x38, 0x78, 0x07, 0x0F, 0x00, 0x00, 
  0xC0, 0x00, 0x30, 0x00, 0x7F, 0x00, 0x7F, 0xF0, 0x3F, 0xFF, 0x1F, 0xFF, 
  0xC7, 0xCC, 0xFB, 0xE3, 0x3E, 0xF8, 0xC7, 0xBE, 0x30, 0x0F, 0x8C, 0x01, 
  0xF3, 0x00, 0x7F, 0xC0, 0x0F, 0xFC, 0x01, 0xFF, 0xE0, 0x1F, 0xFC, 0x00, 
  0xFF, 0x80, 0x37, 0xE0, 0x0C, 0xF8, 0x03, 0x1F, 0xF0, 0xC7, 0xFE, 0x31, 
  0xEF, 0x8C, 0xF9, 0xF3, 0x7E, 0x7F, 0xFF, 0x0F, 0xFF, 0xC1, 0xFF, 0xC0, 
  0x0F, 0xC0, 0x00, 0xC0, 0x00, 0x30, 0x00, 0x0C, 0x00, 0x07, 0x00, 0x0E, 
  0x01, 0xFE, 0x00, 0x60, 0x1F, 0xF8, 0x07, 0x00, 0xFF, 0xE0, 0x70, 0x0F, 
  0x0F, 0x03, 0x80, 0x78, 0x3C, 0x38, 0x03, 0x81, 0xE1, 0xC0, 0x1C, 0x0F, 
  0x1C, 0x00, 0xF0, 0x70, 0xC0, 0x07, 0xCF, 0x8E, 0x00, 0x1F, 0xF8, 0x60, 
  0x00, 0x7F, 0xC7, 0x00, 0x01, 0xF8, 0x30, 0x00, 0x00, 0x03, 0x87, 0xE0, 
  0x00, 0x38, 0xFF, 0xC0, 0x01, 0xCF, 0xFE, 0x00, 0x1C, 0x78, 0xF8, 0x00, 
  0xE3, 0x83, 0xC0, 0x0E, 0x3C, 0x0E, 0x00, 0x61, 0xE0, 0x70, 0x07, 0x07, 
  0x07, 0x80, 0x30, 0x3C, 0x3C, 0x03, 0x81, 0xFF, 0xC0, 0x18, 0x07, 0xFE, 
  0x01, 0xC0, 0x0F, 0xC0, 0x1C, 0x00, 0x00, 0x00, 0x07, 0xF8, 0x00, 0x3F, 
  0xF0, 0x01, 0xFF, 0xE0, 0x07, 0xEF, 0x80, 0x1E, 0x1E, 0x00, 0x78, 0x78, 
  0x01, 0xF1, 0xE0, 0x07, 0xCF, 0x80, 0x0F, 0xFC, 0x00, 0x3F, 0xF0, 0x00, 
  0x7F, 0x00, 0x03, 0xFC, 0x00, 0x1F, 0xF0, 0x78, 0xFF, 0xE3, 0xC7, 0xEF, 
  0xCF, 0x3E, 0x1F, 0xBC, 0xF8, 0x3F, 0xF3, 0xE0, 0x7F, 0x8F, 0x80, 0xFE, 
  0x3E, 0x03, 0xF0, 0xFC, 0x0F, 0xE1, 0xF9, 0xFF, 0xC7, 0xFF, 0xFF, 0x0F, 
  0xFF, 0xBE, 0x1F, 0xF8, 0xFC, 0x0F, 0x80, 0x00, 0xFF, 0xFF, 0xFF, 0xFB, 
  0xCE, 0x60, 0x03, 0xC1, 0xE0, 0x78, 0x3C, 0x0F, 0x07, 0x81, 0xE0, 0xF0, 
  0x3C, 0x1F, 0x07, 0x81, 0xE0, 0x78, 0x1E, 0x0F, 0x83, 0xE0, 0xF8, 0x3E, 
  0x0F, 0x81, 0xE0, 0x78, 0x1E, 0x07, 0x81, 0xF0, 0x3C, 0x0F, 0x03, 0xE0, 
  0x78, 0x1E, 0x03, 0xC0, 0x70, 0x1E, 0x03, 0x80, 0xE0, 0x78, 0x1E, 0x0F, 
  0x03, 0xC1, 0xE0, 0x78, 0x3C, 0x1F, 0x07, 0x83, 0xC1, 0xE0, 0xF8, 0x7C, 
  0x1E, 0x0F, 0x07, 0x83, 0xC1, 0xE0, 0xF0, 0xF8, 0x7C, 0x3C, 0x1E, 0x1F, 
  0x0F, 0x07, 0x87, 0x83, 0xC3, 0xC1, 0xE0, 0xE0, 0xF0, 0x00, 0x0E, 0x00, 
  0xE0, 0x0E, 0x0C, 0xE2, 0xFF, 0xEF, 0xFF, 0x1F, 0x81, 0xF0, 0x3F, 0x83, 
  0xBC, 0x31, 0xC0, 0x00, 0x03, 0xC0, 0x01, 0xE0, 0x00, 0xF0, 0x00, 0x78, 
  0x00, 0x3C, 0x00, 0x1E, 0x00, 0x0F, 0x01, 0xFF, 0xFF, 0xFF, 0xFF, 0xFF, 
  0xFF, 0xFF, 0xFF, 0xE0, 0x78, 0x00, 0x3C, 0x00, 0x1E, 0x00, 0x0F, 0x00, 
  0x07, 0x80, 0x03, 0xC0, 0x00, 0xFF, 0xFF, 0xFF, 0xFC, 0x71, 0x86, 0x3B, 
  0xCE, 0x00, 0xFF, 0xFF, 0xFF, 0xFF, 0xFF, 0xFF, 0xC0, 0xFF, 0xFF, 0xFF, 
  0xFC, 0x01, 0xC0, 0x60, 0x18, 0x0E, 0x03, 0x00, 0xC0, 0x70, 0x1C, 0x06, 
  0x01, 0x80, 0xE0, 0x30, 0x0C, 0x07, 0x01, 0xC0, 0x60, 0x18, 0x0E, 0x03, 
  0x00, 0xC0, 0x70, 0x1C, 0x06, 0x01, 0x80, 0xE0, 0x30, 0x00, 0x00, 0x80, 
  0x03, 0xFC, 0x07, 0xFF, 0x07, 0xFF, 0xC3, 0xF7, 0xF3, 0xE0, 0xF9, 0xF0, 
  0x7C, 0xF0, 0x1F, 0xF8, 0x0F, 0xFC, 0x07, 0xFE, 0x03, 0xFF, 0x01, 0xFF, 
  0x80, 0xFF, 0xC0, 0x7F, 0xE0, 0x3F, 0xF0, 0x1F, 0xF8, 0x0F, 0xFC, 0x07, 
  0xFE, 0x03, 0xFF, 0x01, 0xF7, 0xC0, 0xF3, 0xE0, 0xF9, 0xFD, 0xFC, 0x7F, 
  0xFC, 0x1F, 0xFC, 0x07, 0xFC, 0x00, 0xF8, 0x00, 0x00, 0xE0, 0x3C, 0x07, 
  0x83, 0xFF, 0xFF, 0xFF, 0xFF, 0xFF, 0xFF, 0x03, 0xE0, 0x7C, 0x0F, 0x81, 
  0xF0, 0x3E, 0x07, 0xC0, 0xF8, 0x1F, 0x03, 0xE0, 0x7C, 0x0F, 0x81, 0xF0, 
  0x3E, 0x07, 0xC0, 0xF8, 0x1F, 0x03, 0xE0, 0x00, 0x80, 0x07, 0xFC, 0x07, 
  0xFF, 0x87, 0xFF, 0xE7, 0xFF, 0xF3, 0xE0, 0xFD, 0xF0, 0x3F, 0xF0, 0x1F, 
  0xF8, 0x0F, 0xFC, 0x07, 0xC0, 0x03, 0xE0, 0x03, 0xF0, 0x01, 0xF0, 0x01, 
  0xF0, 0x03, 0xF8, 0x03, 0xF0, 0x07, 0xF0, 0x07, 0xF0, 0x07, 0xE0, 0x07, 
  0xE0, 0x07, 0xE0, 0x03, 0xF0, 0x01, 0xFF, 0xFF, 0xFF, 0xFF, 0xFF, 0xFF, 
  0xFF, 0xFF, 0xC0, 0x00, 0x80, 0x07, 0xFC, 0x0F, 0xFF, 0x07, 0xFF, 0xC7, 
  0xF7, 0xF3, 0xE0, 0xFB, 0xE0, 0x7D, 0xF0, 0x3E, 0xF8, 0x1F, 0x00, 0x0F, 
  0x80, 0x0F, 0x80, 0x3F, 0xC0, 0x1F, 0x80, 0x0F, 0xF0, 0x07, 0xFC, 0x00, 
  0x7E, 0x00, 0x0F, 0x80, 0x07, 0xC0, 0x03, 0xFF, 0x01, 0xFF, 0x80, 0xFF, 
  0xE0, 0xFD, 0xFD, 0xFC, 0xFF, 0xFE, 0x3F, 0xFE, 0x0F, 0xFE, 0x00, 0xF8, 
  0x00, 0x00, 0x7E, 0x00, 0x7F, 0x00, 0x7F, 0x80, 0x3F, 0xC0, 0x3F, 0xE0, 
  0x1D, 0xF0, 0x1E, 0xF8, 0x1E, 0x7C, 0x0F, 0x3E, 0x0F, 0x1F, 0x07, 0x0F, 
  0x87, 0x87, 0xC3, 0x83, 0xE3, 0x81, 0xF3, 0xC0, 0xF9, 0xFF, 0xFF, 0xFF, 
  0xFF, 0xFF, 0xFF, 0xFF, 0xFF, 0xE0, 0x07, 0xC0, 0x03, 0xE0, 0x01, 0xF0, 
  0x00, 0xF8, 0x00, 0x7C, 0x00, 0x3E, 0x00, 0x1F, 0xFF, 0x0F, 0xFF, 0x8F, 
  0xFF, 0xC7, 0xFF, 0xE3, 0xC0, 0x01, 0xE0, 0x00, 0xF0, 0x00, 0x70, 0x00, 
  0x39, 0xF0, 0x3F, 0xFE, 0x1F, 0xFF, 0x8F, 0xFF, 0xE7, 0xC3, 0xF3, 0xC0, 
  0xFC, 0x00, 0x3E, 0x00, 0x1F, 0x00, 0x0F, 0x80, 0x07, 0xFE, 0x03, 0xFF, 
  0x01, 0xFF, 0xC1, 0xFB, 0xFB, 0xF9, 0xFF, 0xF8, 0x7F, 0xFC, 0x1F, 0xF8, 
  0x03, 0xF0, 0x00, 0x00, 0x40, 0x03, 0xFE, 0x03, 0xFF, 0x83, 0xFF, 0xE3, 
  0xFB, 0xF1, 0xF0, 0x7D, 0xF0, 0x3E, 0xF8, 0x00, 0x78, 0x00, 0x7C, 0x00, 
  0x3E, 0x7F, 0x1F, 0xFF, 0xCF, 0xFF, 0xF7, 0xFB, 0xFB, 0xF0, 0x7F, 0xF8, 
  0x1F, 0xF8, 0x0F, 0xFC, 0x03, 0xFE, 0x01, 0xEF, 0x01, 0xF7, 0x80, 0xFB, 
  0xE0, 0xFC, 0xFD, 0xFC, 0x7F, 0xFE, 0x1F, 0xFE, 0x07, 0xFE, 0x00, 0xF8, 
  0x00, 0xFF, 0xFF, 0xFF, 0xFF, 0xFF, 0xFF, 0xFF, 0xFF, 0xFF, 0x00, 0x0F, 
  0x80, 0x03, 0xC0, 0x01, 0xF0, 0x00, 0xF8, 0x00, 0x7C, 0x00, 0x1F, 0x00, 
  0x0F, 0x80, 0x03, 0xC0, 0x01, 0xF0, 0x00, 0x78, 0x00, 0x3E, 0x00, 0x0F, 
  0x80, 0x07, 0xC0, 0x01, 0xF0, 0x00, 0x7C, 0x00, 0x1E, 0x00, 0x0F, 0x80, 
  0x03, 0xE0, 0x00, 0xF8, 0x00, 0x3E, 0x00, 0x0F, 0x80, 0x00, 0x00, 0x80, 
  0x03, 0xFE, 0x01, 0xFF, 0xC0, 0xFF, 0xF8, 0x7F, 0x7F, 0x1F, 0x07, 0xC7, 
  0x80, 0xF9, 0xE0, 0x3E, 0x78, 0x0F, 0x9E, 0x03, 0xC3, 0xE1, 0xF0, 0xFF, 
  0xF8, 0x0F, 0xFC, 0x0F, 0xFF, 0x87, 0xF7, 0xF3, 0xF0, 0x7E, 0xF8, 0x0F, 
  0xBE, 0x03, 0xEF, 0x80, 0x7B, 0xE0, 0x3E, 0xF8, 0x0F, 0xBF, 0x07, 0xE7, 
  0xF7, 0xF9, 0xFF, 0xFC, 0x3F, 0xFE, 0x07, 0xFF, 0x00, 0x3E, 0x00, 0x00, 
  0x80, 0x07, 0xF8, 0x07, 0xFF, 0x07, 0xFF, 0xC7, 0xFF, 0xE3, 0xE0, 0xFB, 
  0xE0, 0x3D, 0xF0, 0x1F, 0xF8, 0x0F, 0xFC, 0x07, 0xFE, 0x03, 0xFF, 0x01, 
  0xFF, 0xC1, 0xFB, 0xF1, 0xFD, 0xFF, 0xFE, 0x7F, 0xFF, 0x1F, 0xEF, 0x83, 
  0xE7, 0xC0, 0x03, 0xE0, 0x01, 0xEF, 0x81, 0xF7, 0xE0, 0xF9, 0xF9, 0xF8, 
  0xFF, 0xFC, 0x3F, 0xFC, 0x0F, 0xFC, 0x00, 0xF8, 0x00, 0xFF, 0xFF, 0xFF, 
  0x80, 0x00, 0x00, 0x00, 0x00, 0x7F, 0xFF, 0xFF, 0xC0, 0xFF, 0xFF, 0xFF, 
  0x80, 0x00, 0x00, 0x00, 0x00, 0x7F, 0xFF, 0xFF, 0xC6, 0x33, 0x9F, 0xD8, 
  0x00, 0x00, 0x40, 0x00, 0xF0, 0x00, 0xFC, 0x01, 0xFF, 0x03, 0xFF, 0x83, 
  0xFF, 0x07, 0xFE, 0x03, 0xFC, 0x00, 0xF8, 0x00, 0x3F, 0x00, 0x0F, 0xF8, 
  0x00, 0xFF, 0xC0, 0x07, 0xFE, 0x00, 0x7F, 0xF0, 0x03, 0xFC, 0x00, 0x1F, 
  0x00, 0x01, 0xC0, 0xFF, 0xFF, 0xFF, 0xFF, 0xFF, 0xFF, 0xFF, 0xFF, 0xF0, 
  0x00, 0x00, 0x00, 0x00, 0x00, 0x00, 0x00, 0x00, 0xFF, 0xFF, 0xFF, 0xFF, 
  0xFF, 0xFF, 0xFF, 0xFF, 0xF0, 0x80, 0x00, 0x3C, 0x00, 0x0F, 0xC0, 0x03, 
  0xFE, 0x00, 0x7F, 0xF0, 0x03, 0xFF, 0x00, 0x1F, 0xF8, 0x00, 0xFF, 0x00, 
  0x07, 0xC0, 0x03, 0xF0, 0x07, 0xFC, 0x0F, 0xFC, 0x1F, 0xFC, 0x3F, 0xF8, 
  0x0F, 0xF0, 0x03, 0xE0, 0x00, 0xE0, 0x00, 0x00, 0x07, 0xF8, 0x07, 0xFF, 
  0x03, 0xFF, 0xF1, 0xFF, 0xFC, 0x7E, 0x1F, 0x9F, 0x03, 0xEF, 0x80, 0xFB, 
  0xE0, 0x1F, 0xF8, 0x07, 0xC0, 0x03, 0xE0, 0x00, 0xF8, 0x00, 0x7E, 0x00, 
  0x3F, 0x00, 0x3F, 0x80, 0x0F, 0xC0, 0x07, 0xC0, 0x01, 0xE0, 0x00, 0x78, 
  0x00, 0x1E, 0x00, 0x00, 0x00, 0x00, 0x00, 0x00, 0xFC, 0x00, 0x3F, 0x00, 
  0x0F, 0xC0, 0x03, 0xF0, 0x00, 0xFC, 0x00, 0x00, 0x0F, 0xFC, 0x00, 0x00, 
  0x7F, 0xFF, 0x80, 0x00, 0xFF, 0xFF, 0xC0, 0x03, 0xF0, 0x03, 0xF0, 0x07, 
  0xC0, 0x00, 0xF8, 0x0F, 0x00, 0x00, 0x3C, 0x0E, 0x00, 0x00, 0x1C, 0x1C, 
  0x00, 0x00, 0x1E, 0x3C, 0x03, 0xF3, 0x8E, 0x38, 0x0F, 0xFF, 0x07, 0x78, 
  0x1F, 0x3F, 0x07, 0x70, 0x3C, 0x1F, 0x07, 0x70, 0x38, 0x0F, 0x07, 0xF0, 
  0x78, 0x0E, 0x07, 0xE0, 0x70, 0x0E, 0x07, 0xE0, 0xF0, 0x0E, 0x07, 0xE0, 
  0xF0, 0x1E, 0x07, 0xE0, 0xF0, 0x1C, 0x0F, 0xF0, 0xF0, 0x3C, 0x1E, 0xF0, 
  0xF0, 0x3C, 0x1E, 0xF0, 0x78, 0x7C, 0x7C, 0x70, 0x7F, 0xFF, 0xF8, 0x78, 
  0x3F, 0xCF, 0xF0, 0x3C, 0x1F, 0x07, 0xC0, 0x3E, 0x00, 0x00, 0x00, 0x1F, 
  0x00, 0x00, 0x00, 0x0F, 0x80, 0x00, 0x00, 0x07, 0xF0, 0x07, 0x00, 0x01, 
  0xFF, 0xFF, 0x00, 0x00, 0x7F, 0xFF, 0x00, 0x00, 0x0F, 0xF8, 0x00, 0x00, 
  0x7E, 0x00, 0x00, 0x7E, 0x00, 0x00, 0xFF, 0x00, 0x00, 0xFF, 0x00, 0x00, 
  0xFF, 0x00, 0x01, 0xFF, 0x80, 0x01, 0xFF, 0x80, 0x03, 0xEF, 0x80, 0x03, 
  0xE7, 0xC0, 0x03, 0xE7, 0xC0, 0x07, 0xC7, 0xC0, 0x07, 0xC3, 0xE0, 0x07, 
  0xC3, 0xE0, 0x0F, 0x83, 0xE0, 0x0F, 0x81, 0xF0, 0x0F, 0x81, 0xF0, 0x1F, 
  0xFF, 0xF0, 0x1F, 0xFF, 0xF8, 0x1F, 0xFF, 0xF8, 0x3F, 0xFF, 0xFC, 0x3F, 
  0xFF, 0xFC, 0x3E, 0x00, 0x7C, 0x7C, 0x00, 0x7E, 0x7C, 0x00, 0x3E, 0xFC, 
  0x00, 0x3E, 0xF8, 0x00, 0x3F, 0xFF, 0xFC, 0x0F, 0xFF, 0xF0, 0xFF, 0xFF, 
  0xCF, 0xFF, 0xFE, 0xFF, 0xFF, 0xEF, 0x80, 0x3F, 0xF8, 0x03, 0xFF, 0x80, 
  0x1F, 0xF8, 0x01, 0xFF, 0x80, 0x3E, 0xF8, 0x1F, 0xCF, 0xFF, 0xF8, 0xFF, 
  0xFF, 0x0F, 0xFF, 0xFC, 0xFF, 0xFF, 0xEF, 0x80, 0x3F, 0xF8, 0x01, 0xFF, 
  0x80, 0x1F, 0xF8, 0x01, 0xFF, 0x80, 0x1F, 0xF8, 0x01, 0xFF, 0x80, 0xFF, 
  0xFF, 0xFF, 0xEF, 0xFF, 0xFE, 0xFF, 0xFF, 0x8F, 0xFF, 0xE0, 0x01, 0xFE, 
  0x00, 0x1F, 0xFF, 0x00, 0xFF, 0xFE, 0x07, 0xFF, 0xFC, 0x3F, 0xEF, 0xF9, 
  0xFC, 0x07, 0xE7, 0xE0, 0x0F, 0xFF, 0x00, 0x1F, 0xFC, 0x00, 0x7F, 0xE0, 
  0x00, 0x0F, 0x80, 0x00, 0x3E, 0x00, 0x00, 0xF8, 0x00, 0x03, 0xE0, 0x00, 
  0x0F, 0x80, 0x00, 0x3E, 0x00, 0x00, 0xF8, 0x00, 0x03, 0xE0, 0x01, 0xFF, 
  0xC0, 0x07, 0xDF, 0x00, 0x3F, 0x7E, 0x00, 0xF9, 0xFC, 0x07, 0xE3, 0xFF, 
  0xFF, 0x07, 0xFF, 0xFC, 0x0F, 0xFF, 0xE0, 0x1F, 0xFE, 0x00, 0x0F, 0xC0, 
  0x00, 0xFF, 0xF8, 0x07, 0xFF, 0xF8, 0x3F, 0xFF, 0xE1, 0xFF, 0xFF, 0x8F, 
  0xFF, 0xFE, 0x7C, 0x03, 0xF3, 0xE0, 0x0F, 0xDF, 0x00, 0x3E, 0xF8, 0x01, 
  0xF7, 0xC0, 0x0F, 0xFE, 0x00, 0x3F, 0xF0, 0x01, 0xFF, 0x80, 0x0F, 0xFC, 
  0x00, 0x7F, 0xE0, 0x03, 0xFF, 0x00, 0x1F, 0xF8, 0x01, 0xFF, 0xC0, 0x0F, 
  0xFE, 0x00, 0x7D, 0xF0, 0x07, 0xEF, 0x80, 0x7E, 0x7C, 0x0F, 0xF3, 0xFF, 
  0xFF, 0x1F, 0xFF, 0xF0, 0xFF, 0xFF, 0x07, 0xFF, 0xE0, 0x00, 0xFF, 0xFF, 
  0xDF, 0xFF, 0xFB, 0xFF, 0xFF, 0x7F, 0xFF, 0xEF, 0xFF, 0xFD, 0xF0, 0x00, 
  0x3E, 0x00, 0x07, 0xC0, 0x00, 0xF8, 0x00, 0x1F, 0x00, 0x03, 0xE0, 0x00, 
  0x7F, 0xFF, 0xCF, 0xFF, 0xF9, 0xFF, 0xFF, 0x3F, 0xFF, 0xE7, 0xC0, 0x00, 
  0xF8, 0x00, 0x1F, 0x00, 0x03, 0xE0, 0x00, 0x7C, 0x00, 0x0F, 0x80, 0x01, 
  0xF0, 0x00, 0x3F, 0xFF, 0xFF, 0xFF, 0xFF, 0xFF, 0xFF, 0xFF, 0xFF, 0xFC, 
  0xFF, 0xFF, 0xFF, 0xFF, 0xFF, 0xFF, 0xFF, 0xFF, 0xFF, 0xFF, 0xFF, 0xFE, 
  0x00, 0x0F, 0x80, 0x03, 0xE0, 0x00, 0xF8, 0x00, 0x3E, 0x00, 0x0F, 0x80, 
  0x03, 0xFF, 0xFC, 0xFF, 0xFF, 0x3F, 0xFF, 0xCF, 0xFF, 0xF3, 0xE0, 0x00, 
  0xF8, 0x00, 0x3E, 0x00, 0x0F, 0x80, 0x03, 0xE0, 0x00, 0xF8, 0x00, 0x3E, 
  0x00, 0x0F, 0x80, 0x03, 0xE0, 0x00, 0xF8, 0x00, 0x3E, 0x00, 0x00, 0x00, 
  0x7F, 0x80, 0x03, 0xFF, 0xF0, 0x07, 0xFF, 0xF8, 0x0F, 0xFF, 0xFC, 0x1F, 
  0xE3, 0xFE, 0x3F, 0x80, 0x7E, 0x3F, 0x00, 0x3F, 0x7E, 0x00, 0x1F, 0x7E, 
  0x00, 0x00, 0x7C, 0x00, 0x00, 0x7C, 0x00, 0x00, 0x7C, 0x00, 0x00, 0xFC, 
  0x03, 0xFF, 0xFC, 0x03, 0xFF, 0xFC, 0x03, 0xFF, 0x7C, 0x03, 0xFF, 0x7C, 
  0x03, 0xFF, 0x7E, 0x00, 0x1F, 0x7E, 0x00, 0x1F, 0x3F, 0x00, 0x1F, 0x3F, 
  0x80, 0x3F, 0x1F, 0xC0, 0xFF, 0x1F, 0xFF, 0xFF, 0x0F, 0xFF, 0xFF, 0x03, 
  0xFF, 0xE7, 0x01, 0xFF, 0x87, 0x00, 0x3E, 0x00, 0xFC, 0x00, 0xFF, 0xE0, 
  0x07, 0xFF, 0x00, 0x3F, 0xF8, 0x01, 0xFF, 0xC0, 0x0F, 0xFE, 0x00, 0x7F, 
  0xF0, 0x03, 0xFF, 0x80, 0x1F, 0xFC, 0x00, 0xFF, 0xE0, 0x07, 0xFF, 0xFF, 
  0xFF, 0xFF, 0xFF, 0xFF, 0xFF, 0xFF, 0xFF, 0xFF, 0xFF, 0xF0, 0x03, 0xFF, 
  0x80, 0x1F, 0xFC, 0x00, 0xFF, 0xE0, 0x07, 0xFF, 0x00, 0x3F, 0xF8, 0x01, 
  0xFF, 0xC0, 0x0F, 0xFE, 0x00, 0x7F, 0xF0, 0x03, 0xFF, 0x80, 0x1F, 0xFC, 
  0x00, 0xFF, 0xE0, 0x07, 0xC0, 0xFF, 0xFF, 0xFF, 0xFF, 0xFF, 0xFF, 0xFF, 
  0xFF, 0xFF, 0xFF, 0xFF, 0xFF, 0xFF, 0xFF, 0xFF, 0xFF, 0xFF, 0xFF, 0xFF, 
  0xF0, 0x00, 0x1F, 0x00, 0x1F, 0x00, 0x1F, 0x00, 0x1F, 0x00, 0x1F, 0x00, 
  0x1F, 0x00, 0x1F, 0x00, 0x1F, 0x00, 0x1F, 0x00, 0x1F, 0x00, 0x1F, 0x00, 
  0x1F, 0x00, 0x1F, 0x00, 0x1F, 0x00, 0x1F, 0x00, 0x1F, 0xF8, 0x1F, 0xF8, 
  0x1F, 0xF8, 0x1F, 0xF8, 0x1F, 0xF8, 0x1F, 0xFC, 0x3F, 0xFF, 0xFF, 0x7F, 
  0xFE, 0x3F, 0xFC, 0x1F, 0xF8, 0x07, 0xC0, 0xF8, 0x01, 0xFB, 0xE0, 0x0F, 
  0xCF, 0x80, 0x7E, 0x3E, 0x03, 0xF0, 0xF8, 0x1F, 0x83, 0xE0, 0xFC, 0x0F, 
  0x87, 0xE0, 0x3E, 0x1F, 0x80, 0xF8, 0xFC, 0x03, 0xE7, 0xE0, 0x0F, 0xBF, 
  0x00, 0x3F, 0xF8, 0x00, 0xFF, 0xF0, 0x03, 0xFF, 0xE0, 0x0F, 0xFF, 0x80, 
  0x3F, 0xBF, 0x00, 0xFC, 0x7E, 0x03, 0xE0, 0xFC, 0x0F, 0x83, 0xF0, 0x3E, 
  0x07, 0xE0, 0xF8, 0x0F, 0xC3, 0xE0, 0x1F, 0x8F, 0x80, 0x7F, 0x3E, 0x00, 
  0xFC, 0xF8, 0x01, 0xFB, 0xE0, 0x03, 0xF0, 0xF8, 0x00, 0x7C, 0x00, 0x3E, 
  0x00, 0x1F, 0x00, 0x0F, 0x80, 0x07, 0xC0, 0x03, 0xE0, 0x01, 0xF0, 0x00, 
  0xF8, 0x00, 0x7C, 0x00, 0x3E, 0x00, 0x1F, 0x00, 0x0F, 0x80, 0x07, 0xC0, 
  0x03, 0xE0, 0x01, 0xF0, 0x00, 0xF8, 0x00, 0x7C, 0x00, 0x3E, 0x00, 0x1F, 
  0x00, 0x0F, 0x80, 0x07, 0xC0, 0x03, 0xFF, 0xFF, 0xFF, 0xFF, 0xFF, 0xFF, 
  0xFF, 0xFF, 0xC0, 0xFF, 0x00, 0x7F, 0xFF, 0x80, 0x3F, 0xFF, 0xE0, 0x1F, 
  0xFF, 0xF0, 0x0F, 0xFF, 0xF8, 0x0F, 0xFF, 0xFC, 0x07, 0xFF, 0xFF, 0x03, 
  0xFF, 0xFF, 0x81, 0xFF, 0xFF, 0xC0, 0xEF, 0xFF, 0xE0, 0xF7, 0xFF, 0x78, 
  0x7B, 0xFF, 0xBC, 0x3D, 0xFF, 0xDE, 0x1E, 0xFF, 0xEF, 0x1E, 0x7F, 0xF3, 
  0x8F, 0x3F, 0xF9, 0xE7, 0x9F, 0xFC, 0xF3, 0xCF, 0xFE, 0x79, 0xC7, 0xFF, 
  0x3D, 0xE3, 0xFF, 0x8F, 0xF1, 0xFF, 0xC7, 0xF8, 0xFF, 0xE3, 0xFC, 0x7F, 
  0xF1, 0xFC, 0x3F, 0xF8, 0x7E, 0x1F, 0xFC, 0x3F, 0x0F, 0xFE, 0x1F, 0x87, 
  0xC0, 0xFC, 0x00, 0xFF, 0xF0, 0x07, 0xFF, 0x80, 0x3F, 0xFE, 0x01, 0xFF, 
  0xF0, 0x0F, 0xFF, 0xC0, 0x7F, 0xFE, 0x03, 0xFF, 0xF8, 0x1F, 0xFF, 0xE0, 
  0xFF, 0xFF, 0x07, 0xFF, 0x7C, 0x3F, 0xF9, 0xE1, 0xFF, 0xCF, 0x8F, 0xFE, 
  0x3E, 0x7F, 0xF1, 0xF3, 0xFF, 0x87, 0xDF, 0xFC, 0x3E, 0xFF, 0xE0, 0xFF, 
  0xFF, 0x03, 0xFF, 0xF8, 0x1F, 0xFF, 0xC0, 0x7F, 0xFE, 0x03, 0xFF, 0xF0, 
  0x0F, 0xFF, 0x80, 0x3F, 0xFC, 0x01, 0xFF, 0xE0, 0x07, 0xC0, 0x00, 0x7F, 
  0x80, 0x01, 0xFF, 0xF0, 0x01, 0xFF, 0xFC, 0x01, 0xFF, 0xFF, 0x81, 0xFF, 
  0x3F, 0xC1, 0xFC, 0x07, 0xF0, 0xFC, 0x00, 0xFC, 0xFC, 0x00, 0x7E, 0x7E, 
  0x00, 0x1F, 0x3E, 0x00, 0x0F, 0xDF, 0x00, 0x03, 0xFF, 0x80, 0x01, 0xFF, 
  0xC0, 0x00, 0xFF, 0xE0, 0x00, 0x7F, 0xF0, 0x00, 0x3E, 0xF8, 0x00, 0x1F, 
  0x7C, 0x00, 0x1F, 0xBE, 0x00, 0x0F, 0xDF, 0x80, 0x07, 0xC7, 0xC0, 0x07, 
  0xE3, 0xF0, 0x07, 0xF0, 0xFE, 0x07, 0xF0, 0x7F, 0xFF, 0xF0, 0x1F, 0xFF, 
  0xF0, 0x07, 0xFF, 0xF0, 0x00, 0xFF, 0xF0, 0x00, 0x0F, 0xC0, 0x00, 0xFF, 
  0xF8, 0x1F, 0xFF, 0xE3, 0xFF, 0xFE, 0x7F, 0xFF, 0xEF, 0xFF, 0xFF, 0xF0, 
  0x0F, 0xFE, 0x00, 0xFF, 0xC0, 0x1F, 0xF8, 0x03, 0xFF, 0x00, 0x7F, 0xE0, 
  0x0F, 0xFC, 0x03, 0xFF, 0xFF, 0xFD, 0xFF, 0xFF, 0xBF, 0xFF, 0xE7, 0xFF, 
  0xF8, 0xFF, 0xFC, 0x1F, 0x00, 0x03, 0xE0, 0x00, 0x7C, 0x00, 0x0F, 0x80, 
  0x01, 0xF0, 0x00, 0x3E, 0x00, 0x07, 0xC0, 0x00, 0xF8, 0x00, 0x1F, 0x00, 
  0x00, 0x00, 0xFF, 0x00, 0x03, 0xFF, 0xC0, 0x0F, 0xFF, 0xF0, 0x1F, 0xFF, 
  0xF8, 0x3F, 0xE7, 0xFC, 0x3F, 0x00, 0xFC, 0x7E, 0x00, 0x7E, 0x7C, 0x00, 
  0x7E, 0xFC, 0x00, 0x3F, 0xF8, 0x00, 0x3F, 0xF8, 0x00, 0x1F, 0xF8, 0x00, 
  0x1F, 0xF8, 0x00, 0x1F, 0xF8, 0x00, 0x1F, 0xF8, 0x00, 0x1F, 0xF8, 0x00, 
  0x1F, 0xF8, 0x00, 0x1F, 0xF8, 0x03, 0x3F, 0xFC, 0x07, 0xBE, 0x7C, 0x07, 
  0xFE, 0x7E, 0x03, 0xFE, 0x3F, 0x81, 0xFC, 0x3F, 0xFF, 0xFC, 0x1F, 0xFF, 
  0xFE, 0x07, 0xFF, 0xFF, 0x03, 0xFF, 0xDF, 0x00, 0x7E, 0x0E, 0x00, 0x00, 
  0x04, 0xFF, 0xFF, 0x07, 0xFF, 0xFE, 0x3F, 0xFF, 0xF9, 0xFF, 0xFF, 0xEF, 
  0xFF, 0xFF, 0x7C, 0x01, 0xFB, 0xE0, 0x07, 0xDF, 0x00, 0x3E, 0xF8, 0x01, 
  0xF7, 0xC0, 0x0F, 0xBE, 0x00, 0xFD, 0xFF, 0xFF, 0xCF, 0xFF, 0xFC, 0x7F, 
  0xFF, 0x83, 0xFF, 0xFF, 0x1F, 0xFF, 0xFC, 0xF8, 0x03, 0xE7, 0xC0, 0x1F, 
  0x3E, 0x00, 0xFD, 0xF0, 0x07, 0xEF, 0x80, 0x3F, 0x7C, 0x01, 0xFB, 0xE0, 
  0x0F, 0xDF, 0x00, 0x7E, 0xF8, 0x01, 0xF7, 0xC0, 0x0F, 0xC0, 0x03, 0xFE, 
  0x00, 0x7F, 0xFC, 0x0F, 0xFF, 0xF0, 0x7F, 0xFF, 0xC7, 0xF0, 0x7F, 0x3E, 
  0x01, 0xF9, 0xF0, 0x07, 0xCF, 0x80, 0x3E, 0x7C, 0x00, 0x03, 0xF0, 0x00, 
  0x1F, 0xF0, 0x00, 0x7F, 0xFC, 0x03, 0xFF, 0xFC, 0x07, 0xFF, 0xF0, 0x07, 
  0xFF, 0xC0, 0x01, 0xFF, 0x00, 0x01, 0xF8, 0x00, 0x07, 0xFE, 0x00, 0x3F, 
  0xF0, 0x01, 0xFF, 0xC0, 0x0F, 0xBF, 0x00, 0xFD, 0xFF, 0x3F, 0xC7, 0xFF, 
  0xFE, 0x1F, 0xFF, 0xE0, 0x7F, 0xFC, 0x00, 0x3F, 0x00, 0xFF, 0xFF, 0xFF, 
  0xFF, 0xFF, 0xFF, 0xFF, 0xFF, 0xFF, 0xFF, 0xFF, 0xFF, 0xFF, 0x80, 0x7E, 
  0x00, 0x03, 0xF0, 0x00, 0x1F, 0x80, 0x00, 0xFC, 0x00, 0x07, 0xE0, 0x00, 
  0x3F, 0x00, 0x01, 0xF8, 0x00, 0x0F, 0xC0, 0x00, 0x7E, 0x00, 0x03, 0xF0, 
  0x00, 0x1F, 0x80, 0x00, 0xFC, 0x00, 0x07, 0xE0, 0x00, 0x3F, 0x00, 0x01, 
  0xF8, 0x00, 0x0F, 0xC0, 0x00, 0x7E, 0x00, 0x03, 0xF0, 0x00, 0x1F, 0x80, 
  0x00, 0xFC, 0x00, 0x07, 0xE0, 0x00, 0xF8, 0x01, 0xFF, 0x80, 0x1F, 0xF8, 
  0x01, 0xFF, 0x80, 0x1F, 0xF8, 0x01, 0xFF, 0x80, 0x1F, 0xF8, 0x01, 0xFF, 
  0x80, 0x1F, 0xF8, 0x01, 0xFF, 0x80, 0x1F, 0xF8, 0x01, 0xFF, 0x80, 0x1F, 
  0xF8, 0x01, 0xFF, 0x80, 0x1F, 0xF8, 0x01, 0xFF, 0x80, 0x1F, 0xF8, 0x01, 
  0xFF, 0x80, 0x1F, 0xF8, 0x01, 0xFF, 0x80, 0x3F, 0xFC, 0x03, 0xFF, 0xE0, 
  0x7E, 0x7F, 0xFF, 0xE7, 0xFF, 0xFC, 0x3F, 0xFF, 0x80, 0xFF, 0xF0, 0x01, 
  0xF8, 0x00, 0xF8, 0x00, 0xFF, 0xF0, 0x03, 0xE7, 0xC0, 0x0F, 0x9F, 0x00, 
  0x3E, 0x7C, 0x01, 0xF0, 0xF8, 0x07, 0xC3, 0xE0, 0x1F, 0x0F, 0x80, 0xF8, 
  0x1F, 0x03, 0xE0, 0x7C, 0x0F, 0x81, 0xF0, 0x3C, 0x03, 0xC1, 0xF0, 0x0F, 
  0x87, 0xC0, 0x3E, 0x1E, 0x00, 0x78, 0xF8, 0x01, 0xF3, 0xE0, 0x07, 0xCF, 
  0x00, 0x0F, 0x3C, 0x00, 0x3F, 0xF0, 0x00, 0xFF, 0x80, 0x01, 0xFE, 0x00, 
  0x07, 0xF8, 0x00, 0x1F, 0xC0, 0x00, 0x3F, 0x00, 0x00, 0xFC, 0x00, 0x03, 
  0xE0, 0x00, 0xFC, 0x03, 0xE0, 0x1F, 0xBE, 0x01, 0xF8, 0x0F, 0xDF, 0x80, 
  0xFC, 0x07, 0xCF, 0xC0, 0xFE, 0x03, 0xE3, 0xE0, 0x7F, 0x03, 0xF1, 0xF0, 
  0x3F, 0x81, 0xF0, 0xF8, 0x1F, 0xE0, 0xF8, 0x7E, 0x0E, 0xF0, 0x7C, 0x1F, 
  0x0F, 0x78, 0x3E, 0x0F, 0x87, 0xBC, 0x3E, 0x07, 0xC3, 0xCE, 0x1F, 0x01, 
  0xE1, 0xE7, 0x8F, 0x80, 0xF8, 0xE3, 0xC7, 0x80, 0x7C, 0xF1, 0xE3, 0xC0, 
  0x3E, 0x78, 0xF3, 0xE0, 0x0F, 0x3C, 0x3D, 0xF0, 0x07, 0x9C, 0x1E, 0xF0, 
  0x03, 0xFE, 0x0F, 0x78, 0x00, 0xFF, 0x07, 0xBC, 0x00, 0x7F, 0x81, 0xFE, 
  0x00, 0x3F, 0xC0, 0xFE, 0x00, 0x1F, 0xC0, 0x7F, 0x00, 0x07, 0xE0, 0x3F, 
  0x80, 0x03, 0xF0, 0x1F, 0x80, 0x01, 0xF8, 0x07, 0xC0, 0x00, 0x7C, 0x03, 
  0xE0, 0x00, 0xFC, 0x01, 0xFD, 0xF8, 0x07, 0xE7, 0xF0, 0x3F, 0x0F, 0xC0, 
  0xFC, 0x1F, 0x87, 0xE0, 0x7E, 0x1F, 0x00, 0xFC, 0xFC, 0x03, 0xF3, 0xE0, 
  0x07, 0xFF, 0x80, 0x0F, 0xFC, 0x00, 0x3F, 0xE0, 0x00, 0x7F, 0x80, 0x01, 
  0xFC, 0x00, 0x03, 0xF0, 0x00, 0x1F, 0xE0, 0x00, 0xFF, 0x80, 0x03, 0xFF, 
  0x00, 0x1F, 0xFE, 0x00, 0xFC, 0xF8, 0x03, 0xE3, 0xF0, 0x1F, 0x87, 0xE0, 
  0x7C, 0x1F, 0x83, 0xF0, 0x3F, 0x1F, 0x80, 0xFC, 0x7E, 0x01, 0xFB, 0xF0, 
  0x07, 0xF0, 0xFC, 0x00, 0xFD, 0xF0, 0x07, 0xE7, 0xE0, 0x1F, 0x8F, 0x80, 
  0x7C, 0x3F, 0x03, 0xF0, 0x7C, 0x0F, 0x81, 0xF8, 0x7E, 0x03, 0xE1, 0xF0, 
  0x0F, 0xCF, 0xC0, 0x1F, 0x3E, 0x00, 0x7E, 0xF8, 0x00, 0xFF, 0xC0, 0x03, 
  0xFF, 0x00, 0x07, 0xF8, 0x00, 0x1F, 0xE0, 0x00, 0x3F, 0x00, 0x00, 0xFC, 
  0x00, 0x03, 0xF0, 0x00, 0x0F, 0xC0, 0x00, 0x3F, 0x00, 0x00, 0xFC, 0x00, 
  0x03, 0xF0, 0x00, 0x0F, 0xC0, 0x00, 0x3F, 0x00, 0x00, 0xFC, 0x00, 0x03, 
  0xF0, 0x00, 0xFF, 0xFF, 0xFF, 0xFF, 0xFF, 0xFF, 0xFF, 0xFF, 0xFF, 0xFF, 
  0xFF, 0xFE, 0x00, 0x0F, 0xC0, 0x03, 0xF0, 0x00, 0xFC, 0x00, 0x3F, 0x00, 
  0x0F, 0xE0, 0x01, 0xF8, 0x00, 0x7E, 0x00, 0x1F, 0x80, 0x07, 0xF0, 0x00, 
  0xFC, 0x00, 0x3F, 0x00, 0x0F, 0xC0, 0x03, 0xF0, 0x00, 0xFE, 0x00, 0x1F, 
  0x80, 0x07, 0xE0, 0x01, 0xF8, 0x00, 0x3F, 0xFF, 0xFF, 0xFF, 0xFF, 0xFF, 
  0xFF, 0xFF, 0xFF, 0xFC, 0xFF, 0xFF, 0xFF, 0xFF, 0xFF, 0x87, 0xC3, 0xE1, 
  0xF0, 0xF8, 0x7C, 0x3E, 0x1F, 0x0F, 0x87, 0xC3, 0xE1, 0xF0, 0xF8, 0x7C, 
  0x3E, 0x1F, 0x0F, 0x87, 0xC3, 0xE1, 0xF0, 0xF8, 0x7C, 0x3E, 0x1F, 0x0F, 
  0x87, 0xFF, 0xFF, 0xFF, 0xFF, 0x80, 0xC0, 0x30, 0x0E, 0x01, 0x80, 0x60, 
  0x1C, 0x03, 0x00, 0xC0, 0x38, 0x06, 0x01, 0x80, 0x70, 0x0C, 0x03, 0x00, 
  0xE0, 0x18, 0x06, 0x01, 0xC0, 0x30, 0x0C, 0x03, 0x80, 0x60, 0x18, 0x07, 
  0x01, 0xC0, 0x30, 0xFF, 0xFF, 0xFF, 0xFF, 0x0F, 0x0F, 0x0F, 0x0F, 0x0F, 
  0x0F, 0x0F, 0x0F, 0x0F, 0x0F, 0x0F, 0x0F, 0x0F, 0x0F, 0x0F, 0x0F, 0x0F, 
  0x0F, 0x0F, 0x0F, 0x0F, 0x0F, 0x0F, 0x0F, 0x0F, 0xFF, 0xFF, 0xFF, 0xFF, 
  0x03, 0xE0, 0x07, 0xE0, 0x07, 0xF0, 0x0F, 0xF0, 0x0F, 0xF0, 0x0F, 0x78, 
  0x1E, 0x78, 0x1E, 0x3C, 0x3C, 0x3C, 0x3C, 0x3C, 0x3C, 0x1E, 0x78, 0x1E, 
  0x78, 0x0F, 0x70, 0x0F, 0xFF, 0xFF, 0xFF, 0xFF, 0xFF, 0xFF, 0xFF, 0xFE, 
  0xF0, 0xF1, 0xE1, 0xE1, 0xC1, 0x80, 0x0F, 0xF8, 0x1F, 0xFF, 0x0F, 0xFF, 
  0xCF, 0xFF, 0xE7, 0xC1, 0xF7, 0xC0, 0xF8, 0x00, 0x7C, 0x00, 0xFE, 0x0F, 
  0xFF, 0x1F, 0xFF, 0x9F, 0xF7, 0xDF, 0x83, 0xEF, 0x81, 0xF7, 0xC0, 0xFB, 
  0xE0, 0x7D, 0xF8, 0xFE, 0xFF, 0xFF, 0x3F, 0xF7, 0xCF, 0xF3, 0xE1, 0xE0, 
  0x00, 0xF8, 0x00, 0x3E, 0x00, 0x0F, 0x80, 0x03, 0xE0, 0x00, 0xF8, 0x00, 
  0x3E, 0x00, 0x0F, 0x80, 0x03, 0xE7, 0xF0, 0xFB, 0xFE, 0x3F, 0xFF, 0xCF, 
  0xFF, 0xFB, 0xF8, 0x7E, 0xFC, 0x0F, 0xFF, 0x01, 0xFF, 0x80, 0x7F, 0xE0, 
  0x1F, 0xF8, 0x07, 0xFE, 0x01, 0xFF, 0x80, 0x7F, 0xE0, 0x1F, 0xFC, 0x0F, 
  0xFF, 0x03, 0xEF, 0xF3, 0xFB, 0xFF, 0xFC, 0xFF, 0xFE, 0x3E, 0xFF, 0x00, 
  0x0F, 0x00, 0x07, 0xF8, 0x0F, 0xFF, 0x0F, 0xFF, 0xC7, 0xFF, 0xE7, 0xE1, 
  0xFB, 0xE0, 0x7D, 0xF0, 0x3F, 0xF0, 0x00, 0xF8, 0x00, 0x7C, 0x00, 0x3E, 
  0x00, 0x1F, 0x00, 0x0F, 0x80, 0x7B, 0xE0, 0x7D, 0xF0, 0x3E, 0xFE, 0x3F, 
  0x3F, 0xFF, 0x0F, 0xFF, 0x03, 0xFF, 0x00, 0x3E, 0x00, 0x00, 0x07, 0xC0, 
  0x01, 0xF0, 0x00, 0x7C, 0x00, 0x1F, 0x00, 0x07, 0xC0, 0x01, 0xF0, 0x00, 
  0x7C, 0x1F, 0x9F, 0x1F, 0xFF, 0xCF, 0xFF, 0xF3, 0xFF, 0xFD, 0xF8, 0x7F, 
  0x7C, 0x0F, 0xFF, 0x01, 0xFF, 0x80, 0x7F, 0xE0, 0x1F, 0xF8, 0x07, 0xFE, 
  0x01, 0xFF, 0x80, 0x7F, 0xE0, 0x1F, 0x7C, 0x0F, 0xDF, 0x03, 0xF7, 0xF3, 
  0xFC, 0xFF, 0xFF, 0x1F, 0xFF, 0xC3, 0xFD, 0xF0, 0x3C, 0x00, 0x07, 0xF8, 
  0x07, 0xFF, 0x03, 0xFF, 0xE1, 0xFD, 0xFC, 0x7C, 0x1F, 0x3E, 0x03, 0xEF, 
  0x80, 0xFB, 0xE0, 0x3E, 0xFF, 0xFF, 0xBF, 0xFF, 0xEF, 0xFF, 0xFB, 0xE0, 
  0x00, 0xF8, 0x00, 0x3E, 0x00, 0x0F, 0x80, 0xF9, 0xF0, 0x7C, 0x3F, 0xFF, 
  0x0F, 0xFF, 0x80, 0xFF, 0xC0, 0x0F, 0x80, 0x01, 0xE1, 0xFC, 0x3F, 0x8F, 
  0xF1, 0xF0, 0x3E, 0x07, 0xC7, 0xFF, 0xFF, 0xFF, 0xFF, 0xFF, 0x8F, 0x81, 
  0xF0, 0x3E, 0x07, 0xC0, 0xF8, 0x1F, 0x03, 0xE0, 0x7C, 0x0F, 0x81, 0xF0, 
  0x3E, 0x07, 0xC0, 0xF8, 0x1F, 0x03, 0xE0, 0x07, 0xE7, 0xC7, 0xFD, 0xF1, 
  0xFF, 0xFC, 0xFF, 0xFF, 0x7E, 0x1F, 0xDF, 0x03, 0xF7, 0xC0, 0x7F, 0xE0, 
  0x1F, 0xF8, 0x07, 0xFE, 0x01, 0xFF, 0x80, 0x7F, 0xE0, 0x1F, 0xF8, 0x07, 
  0xDF, 0x01, 0xF7, 0xE0, 0xFD, 0xFC, 0xFF, 0x3F, 0xFF, 0xC7, 0xFF, 0xF0, 
  0xFF, 0x7C, 0x0F, 0x1F, 0x00, 0x07, 0xDF, 0x01, 0xF7, 0xC0, 0xFD, 0xFF, 
  0xFE, 0x3F, 0xFF, 0x07, 0xFF, 0x80, 0x3E, 0x00, 0xF8, 0x00, 0x7C, 0x00, 
  0x3E, 0x00, 0x1F, 0x00, 0x0F, 0x80, 0x07, 0xC0, 0x03, 0xE0, 0x01, 0xF1, 
  0xF8, 0xFB, 0xFF, 0x7F, 0xFF, 0xBF, 0xFF, 0xFF, 0xC3, 0xFF, 0xC0, 0xFF, 
  0xC0, 0x7F, 0xE0, 0x3F, 0xF0, 0x1F, 0xF8, 0x0F, 0xFC, 0x07, 0xFE, 0x03, 
  0xFF, 0x01, 0xFF, 0x80, 0xFF, 0xC0, 0x7F, 0xE0, 0x3F, 0xF0, 0x1F, 0xF8, 
  0x0F, 0xFC, 0x07, 0xC0, 0xFF, 0xFF, 0xFF, 0x80, 0x1F, 0xFF, 0xFF, 0xFF, 
  0xFF, 0xFF, 0xFF, 0xFF, 0xFF, 0xFF, 0xFF, 0xFF, 0xC0, 0x3E, 0x7C, 0xF9, 
  0xF3, 0xE0, 0x00, 0x1F, 0x3E, 0x7C, 0xF9, 0xF3, 0xE7, 0xCF, 0x9F, 0x3E, 
  0x7C, 0xF9, 0xF3, 0xE7, 0xCF, 0x9F, 0x3E, 0x7C, 0xF9, 0xF3, 0xE7, 0xFF, 
  0xFF, 0xFF, 0xF0, 0xF8, 0x00, 0x7C, 0x00, 0x3E, 0x00, 0x1F, 0x00, 0x0F, 
  0x80, 0x07, 0xC0, 0x03, 0xE0, 0x01, 0xF0, 0x3E, 0xF8, 0x3E, 0x7C, 0x3F, 
  0x3E, 0x3F, 0x1F, 0x3F, 0x0F, 0x9F, 0x07, 0xDF, 0x03, 0xFF, 0x81, 0xFF, 
  0xC0, 0xFF, 0xF0, 0x7F, 0xF8, 0x3F, 0x7E, 0x1F, 0x1F, 0x8F, 0x87, 0xC7, 
  0xC3, 0xF3, 0xE0, 0xF9, 0xF0, 0x7E, 0xF8, 0x1F, 0x7C, 0x0F, 0xC0, 0xFF, 
  0xFF, 0xFF, 0xFF, 0xFF, 0xFF, 0xFF, 0xFF, 0xFF, 0xFF, 0xFF, 0xFF, 0xFF, 
  0xFF, 0xFF, 0xFF, 0xC0, 0xF9, 0xFC, 0x3F, 0x1F, 0x7F, 0xDF, 0xFB, 0xFF, 
  0xFF, 0xFF, 0x7F, 0xFF, 0xFF, 0xFF, 0xC3, 0xF8, 0x7F, 0xF8, 0x3F, 0x07, 
  0xFE, 0x07, 0xC0, 0xFF, 0xC0, 0xF8, 0x1F, 0xF8, 0x1F, 0x03, 0xFF, 0x03, 
  0xE0, 0x7F, 0xE0, 0x7C, 0x0F, 0xFC, 0x0F, 0x81, 0xFF, 0x81, 0xF0, 0x3F, 
  0xF0, 0x3E, 0x07, 0xFE, 0x07, 0xC0, 0xFF, 0xC0, 0xF8, 0x1F, 0xF8, 0x1F, 
  0x03, 0xFF, 0x03, 0xE0, 0x7F, 0xE0, 0x7C, 0x0F, 0x80, 0xF9, 0xFC, 0x7D, 
  0xFF, 0xBF, 0xFF, 0xDF, 0xFF, 0xFF, 0xE1, 0xFF, 0xE0, 0x7F, 0xE0, 0x3F, 
  0xF0, 0x1F, 0xF8, 0x0F, 0xFC, 0x07, 0xFE, 0x03, 0xFF, 0x01, 0xFF, 0x80, 
  0xFF, 0xC0, 0x7F, 0xE0, 0x3F, 0xF0, 0x1F, 0xF8, 0x0F, 0xFC, 0x07, 0xFE, 
  0x03, 0xE0, 0x07, 0xFC, 0x01, 0xFF, 0xE0, 0x7F, 0xFE, 0x1F, 0xFF, 0xC7, 
  0xE0, 0xFC, 0xF8, 0x0F, 0x9F, 0x00, 0xFF, 0xC0, 0x1F, 0xF8, 0x03, 0xFF, 
  0x00, 0x7F, 0xE0, 0x0F, 0xFC, 0x01, 0xFF, 0xC0, 0x3E, 0xF8, 0x0F, 0xDF, 
  0x81, 0xF1, 0xF8, 0xFE, 0x3F, 0xFF, 0x83, 0xFF, 0xE0, 0x3F, 0xF8, 0x00, 
  0xF8, 0x00, 0xF9, 0xFC, 0x3E, 0xFF, 0x8F, 0xFF, 0xF3, 0xFF, 0xFE, 0xFE, 
  0x1F, 0xBF, 0x03, 0xFF, 0xC0, 0x7F, 0xE0, 0x1F, 0xF8, 0x07, 0xFE, 0x01, 
  0xFF, 0x80, 0x7F, 0xE0, 0x1F, 0xF8, 0x07, 0xFF, 0x03, 0xFF, 0xC0, 0xFB, 
  0xFC, 0xFE, 0xFF, 0xFF, 0x3F, 0xFF, 0xCF, 0xBF, 0xC3, 0xE3, 0xE0, 0xF8, 
  0x00, 0x3E, 0x00, 0x0F, 0x80, 0x03, 0xE0, 0x00, 0xF8, 0x00, 0x3E, 0x00, 
  0x0F, 0x80, 0x00, 0x07, 0xE7, 0xC7, 0xFD, 0xF3, 0xFF, 0xFC, 0xFF, 0xFF, 
  0x7E, 0x1F, 0xDF, 0x03, 0xFF, 0x80, 0x7F, 0xE0, 0x1F, 0xF8, 0x07, 0xFE, 
  0x01, 0xFF, 0x80, 0x7F, 0xE0, 0x1F, 0xF8, 0x07, 0xFF, 0x03, 0xF7, 0xC0, 
  0xFD, 0xFC, 0xFF, 0x3F, 0xFF, 0xC7, 0xFF, 0xF0, 0xFF, 0x7C, 0x0F, 0x1F, 
  0x00, 0x07, 0xC0, 0x01, 0xF0, 0x00, 0x7C, 0x00, 0x1F, 0x00, 0x07, 0xC0, 
  0x01, 0xF0, 0x00, 0x7C, 0xF8, 0xFF, 0x7F, 0xEF, 0xFF, 0xFF, 0xFF, 0xF8, 
  0x3F, 0x07, 0xC0, 0xF8, 0x1F, 0x03, 0xE0, 0x7C, 0x0F, 0x81, 0xF0, 0x3E, 
  0x07, 0xC0, 0xF8, 0x1F, 0x03, 0xE0, 0x00, 0x0F, 0xF8, 0x0F, 0xFF, 0x0F, 
  0xFF, 0xCF, 0xFF, 0xE7, 0xC1, 0xFB, 0xE0, 0x7D, 0xF8, 0x00, 0xFF, 0x80, 
  0x7F, 0xF8, 0x1F, 0xFF, 0x83, 0xFF, 0xE0, 0x3F, 0xF0, 0x01, 0xFF, 0xC0, 
  0x7F, 0xE0, 0x3F, 0xF8, 0x3F, 0x7F, 0xFF, 0x1F, 0xFF, 0x87, 0xFF, 0x80, 
  0xFE, 0x00, 0x1F, 0x03, 0xE0, 0x7C, 0x0F, 0x81, 0xF1, 0xFF, 0xFF, 0xFF, 
  0xFF, 0xFF, 0xE3, 0xE0, 0x7C, 0x0F, 0x81, 0xF0, 0x3E, 0x07, 0xC0, 0xF8, 
  0x1F, 0x03, 0xE0, 0x7C, 0x0F, 0x81, 0xF0, 0x3F, 0xC7, 0xF8, 0x7F, 0x07, 
  0xC0, 0xF8, 0x0F, 0xFC, 0x07, 0xFE, 0x03, 0xFF, 0x01, 0xFF, 0x80, 0xFF, 
  0xC0, 0x7F, 0xE0, 0x3F, 0xF0, 0x1F, 0xF8, 0x0F, 0xFC, 0x07, 0xFE, 0x03, 
  0xFF, 0x01, 0xFF, 0x80, 0xFF, 0xC0, 0x7F, 0xF0, 0x7F, 0xFC, 0xFF, 0x7F, 
  0xFF, 0xBF, 0xFF, 0xCF, 0xFB, 0xE0, 0xF0, 0x00, 0x7C, 0x03, 0xEF, 0x80, 
  0xF9, 0xF0, 0x1F, 0x1F, 0x03, 0xE3, 0xE0, 0xF8, 0x7C, 0x1F, 0x07, 0xC3, 
  0xE0, 0xF8, 0x78, 0x1F, 0x1F, 0x01, 0xF3, 0xE0, 0x3E, 0x78, 0x03, 0xDF, 
  0x00, 0x7B, 0xE0, 0x0F, 0xF8, 0x00, 0xFF, 0x00, 0x1F, 0xE0, 0x03, 0xF8, 
  0x00, 0x3F, 0x00, 0x07, 0xE0, 0x00, 0xF8, 0x1F, 0x03, 0xEF, 0x83, 0xE0, 
  0x7D, 0xF0, 0x7E, 0x1F, 0x3E, 0x1F, 0xC3, 0xE7, 0xC3, 0xF8, 0x7C, 0x7C, 
  0x7F, 0x0F, 0x0F, 0x8E, 0xF3, 0xE1, 0xF1, 0xDE, 0x7C, 0x1E, 0x7B, 0xCF, 
  0x83, 0xCF, 0x79, 0xE0, 0x7D, 0xE7, 0x3C, 0x0F, 0xB8, 0xFF, 0x80, 0xFF, 
  0x1F, 0xE0, 0x1F, 0xE3, 0xFC, 0x03, 0xFC, 0x3F, 0x80, 0x3F, 0x07, 0xF0, 
  0x07, 0xE0, 0xFC, 0x00, 0xFC, 0x1F, 0x80, 0x1F, 0x83, 0xF0, 0x00, 0xFC, 
  0x1F, 0x9F, 0x07, 0xE7, 0xE3, 0xF0, 0xFC, 0xF8, 0x1F, 0x7E, 0x07, 0xFF, 
  0x00, 0xFF, 0x80, 0x1F, 0xE0, 0x07, 0xF0, 0x00, 0xFC, 0x00, 0x7F, 0x00, 
  0x1F, 0xE0, 0x0F, 0xFC, 0x07, 0xFF, 0x01, 0xF7, 0xE0, 0xF8, 0xFC, 0x7E, 
  0x1F, 0x1F, 0x07, 0xEF, 0xC0, 0xFC, 0xFC, 0x03, 0xEF, 0x80, 0xF9, 0xF8, 
  0x1F, 0x1F, 0x03, 0xE3, 0xE0, 0x78, 0x7C, 0x1F, 0x07, 0xC3, 0xE0, 0xF8, 
  0x78, 0x1F, 0x1F, 0x01, 0xF3, 0xE0, 0x3E, 0x78, 0x07, 0xCF, 0x00, 0x7F, 
  0xE0, 0x0F, 0xF8, 0x01, 0xFF, 0x00, 0x1F, 0xE0, 0x03, 0xF8, 0x00, 0x3F, 
  0x00, 0x07, 0xE0, 0x00, 0xF8, 0x00, 0x1F, 0x00, 0x03, 0xC0, 0x00, 0xF8, 
  0x00, 0xFF, 0x00, 0x1F, 0xC0, 0x03, 0xF0, 0x00, 0x70, 0x00, 0x00, 0xFF, 
  0xFF, 0xFF, 0xFF, 0xFF, 0xFF, 0xFF, 0xF0, 0x07, 0xE0, 0x1F, 0x80, 0x7E, 
  0x01, 0xF8, 0x07, 0xE0, 0x1F, 0xC0, 0x3F, 0x00, 0xFC, 0x03, 0xF0, 0x0F, 
  0xC0, 0x3F, 0x00, 0x7F, 0xFF, 0xFF, 0xFF, 0xFF, 0xFF, 0xFF, 0xF8, 0x01, 
  0xC1, 0xF0, 0xFC, 0x7F, 0x1F, 0x07, 0x81, 0xE0, 0x78, 0x1E, 0x07, 0x81, 
  0xE0, 0x78, 0x1E, 0x07, 0x83, 0xE3, 0xF0, 0xF0, 0x3F, 0x03, 0xE0, 0x78, 
  0x1E, 0x07, 0x81, 0xE0, 0x78, 0x1E, 0x07, 0x81, 0xE0, 0x78, 0x1E, 0x07, 
  0xE0, 0xFC, 0x3F, 0x07, 0xC0, 0xFF, 0xFF, 0xFF, 0xFF, 0xFF, 0xFF, 0xFF, 
  0xFF, 0xC0, 0xE0, 0x7C, 0x3F, 0x1F, 0x83, 0xE1, 0xF0, 0xF8, 0x7C, 0x3E, 
  0x1F, 0x0F, 0x87, 0xC3, 0xE1, 0xF0, 0x78, 0x3F, 0x07, 0x87, 0xC7, 0xE7, 
  0xC3, 0xE1, 0xF0, 0xF8, 0x7C, 0x3E, 0x1F, 0x0F, 0x87, 0xC3, 0xE3, 0xE3, 
  0xF1, 0xF0, 0xF0, 0x00, 0x3E, 0x00, 0x7F, 0x07, 0x7F, 0xC7, 0xE1, 0xFF, 
  0xE0, 0xFE, 0x00, 0x3C, 0xFF, 0xFF, 0xFF, 0xFF, 0xFF, 0xFF, 0xFF, 0xFF, 
  0xFF, 0xFF, 0x80, 0x3F, 0xF0, 0x07, 0xFE, 0x00, 0xFF, 0xC0, 0x1F, 0xF8, 
  0x03, 0xFF, 0x00, 0x7F, 0xE0, 0x0F, 0xFC, 0x01, 0xFF, 0x80, 0x3F, 0xF0, 
  0x07, 0xFE, 0x00, 0xFF, 0xC0, 0x1F, 0xF8, 0x03, 0xFF, 0x00, 0x7F, 0xE0, 
  0x0F, 0xFC, 0x01, 0xFF, 0x80, 0x3F, 0xF0, 0x07, 0xFF, 0xFF, 0xFF, 0xFF, 
  0xFF, 0xFF, 0xFF, 0xFF, 0xFF, 0xFC, 0xFF, 0xFF, 0xFF, 0xFF, 0xFF, 0xFF, 
  0xFF, 0xFF, 0xFF, 0xFF, 0x80, 0x3F, 0xF0, 0x07, 0xFE, 0x00, 0xFF, 0xC0, 
  0x1F, 0xF8, 0x03, 0xFF, 0x00, 0x7F, 0xE0, 0x0F, 0xFC, 0x01, 0xFF, 0x80, 
  0x3F, 0xF0, 0x07, 0xFE, 0x00, 0xFF, 0xC0, 0x1F, 0xF8, 0x03, 0xFF, 0x00, 
  0x7F, 0xE0, 0x0F, 0xFC, 0x01, 0xFF, 0x80, 0x3F, 0xF0, 0x07, 0xFF, 0xFF, 
  0xFF, 0xFF, 0xFF, 0xFF, 0xFF, 0xFF, 0xFF, 0xFC, 0xFF, 0xFF, 0xFF, 0xFF, 
  0xFF, 0xFF, 0xFF, 0xFF, 0xFF, 0xFF, 0x80, 0x3F, 0xF0, 0x07, 0xFE, 0x00, 
  0xFF, 0xC0, 0x1F, 0xF8, 0x03, 0xFF, 0x00, 0x7F, 0xE0, 0x0F, 0xFC, 0x01, 
  0xFF, 0x80, 0x3F, 0xF0, 0x07, 0xFE, 0x00, 0xFF, 0xC0, 0x1F, 0xF8, 0x03, 
  0xFF, 0x00, 0x7F, 0xE0, 0x0F, 0xFC, 0x01, 0xFF, 0x80, 0x3F, 0xF0, 0x07, 
  0xFF, 0xFF, 0xFF, 0xFF, 0xFF, 0xFF, 0xFF, 0xFF, 0xFF, 0xFC, 0xFF, 0xFF, 
  0xFF, 0xFF, 0xFF, 0xFF, 0xFF, 0xFF, 0xFF, 0xFF, 0x80, 0x3F, 0xF0, 0x07, 
  0xFE, 0x00, 0xFF, 0xC0, 0x1F, 0xF8, 0x03, 0xFF, 0x00, 0x7F, 0xE0, 0x0F, 
  0xFC, 0x01, 0xFF, 0x80, 0x3F, 0xF0, 0x07, 0xFE, 0x00, 0xFF, 0xC0, 0x1F, 
  0xF8, 0x03, 0xFF, 0x00, 0x7F, 0xE0, 0x0F, 0xFC, 0x01, 0xFF, 0x80, 0x3F, 
  0xF0, 0x07, 0xFF, 0xFF, 0xFF, 0xFF, 0xFF, 0xFF, 0xFF, 0xFF, 0xFF, 0xFC, 
  0xFF, 0xFF, 0xFF, 0xFF, 0xFF, 0xFF, 0xFF, 0xFF, 0xFF, 0xFF, 0x80, 0x3F, 
  0xF0, 0x07, 0xFE, 0x00, 0xFF, 0xC0, 0x1F, 0xF8, 0x03, 0xFF, 0x00, 0x7F, 
  0xE0, 0x0F, 0xFC, 0x01, 0xFF, 0x80, 0x3F, 0xF0, 0x07, 0xFE, 0x00, 0xFF, 
  0xC0, 0x1F, 0xF8, 0x03, 0xFF, 0x00, 0x7F, 0xE0, 0x0F, 0xFC, 0x01, 0xFF, 
  0x80, 0x3F, 0xF0, 0x07, 0xFF, 0xFF, 0xFF, 0xFF, 0xFF, 0xFF, 0xFF, 0xFF, 
  0xFF, 0xFC, 0xFF, 0xFF, 0xFF, 0xFF, 0xFF, 0xFF, 0xFF, 0xFF, 0xFF, 0xFF, 
  0x80, 0x3F, 0xF0, 0x07, 0xFE, 0x00, 0xFF, 0xC0, 0x1F, 0xF8, 0x03, 0xFF, 
  0x00, 0x7F, 0xE0, 0x0F, 0xFC, 0x01, 0xFF, 0x80, 0x3F, 0xF0, 0x07, 0xFE, 
  0x00, 0xFF, 0xC0, 0x1F, 0xF8, 0x03, 0xFF, 0x00, 0x7F, 0xE0, 0x0F, 0xFC, 
  0x01, 0xFF, 0x80, 0x3F, 0xF0, 0x07, 0xFF, 0xFF, 0xFF, 0xFF, 0xFF, 0xFF, 
  0xFF, 0xFF, 0xFF, 0xFC, 0xFF, 0xFF, 0xFF, 0xFF, 0xFF, 0xFF, 0xFF, 0xFF, 
  0xFF, 0xFF, 0x80, 0x3F, 0xF0, 0x07, 0xFE, 0x00, 0xFF, 0xC0, 0x1F, 0xF8, 
  0x03, 0xFF, 0x00, 0x7F, 0xE0, 0x0F, 0xFC, 0x01, 0xFF, 0x80, 0x3F, 0xF0, 
  0x07, 0xFE, 0x00, 0xFF, 0xC0, 0x1F, 0xF8, 0x03, 0xFF, 0x00, 0x7F, 0xE0, 
  0x0F, 0xFC, 0x01, 0xFF, 0x80, 0x3F, 0xF0, 0x07, 0xFF, 0xFF, 0xFF, 0xFF, 
  0xFF, 0xFF, 0xFF, 0xFF, 0xFF, 0xFC, 0xFF, 0xFF, 0xFF, 0xFF, 0xFF, 0xFF, 
  0xFF, 0xFF, 0xFF, 0xFF, 0x80, 0x3F, 0xF0, 0x07, 0xFE, 0x00, 0xFF, 0xC0, 
  0x1F, 0xF8, 0x03, 0xFF, 0x00, 0x7F, 0xE0, 0x0F, 0xFC, 0x01, 0xFF, 0x80, 
  0x3F, 0xF0, 0x07, 0xFE, 0x00, 0xFF, 0xC0, 0x1F, 0xF8, 0x03, 0xFF, 0x00, 
  0x7F, 0xE0, 0x0F, 0xFC, 0x01, 0xFF, 0x80, 0x3F, 0xF0, 0x07, 0xFF, 0xFF, 
  0xFF, 0xFF, 0xFF, 0xFF, 0xFF, 0xFF, 0xFF, 0xFC, 0xFF, 0xFF, 0xFF, 0xFF, 
  0xFF, 0xFF, 0xFF, 0xFF, 0xFF, 0xFF, 0x80, 0x3F, 0xF0, 0x07, 0xFE, 0x00, 
  0xFF, 0xC0, 0x1F, 0xF8, 0x03, 0xFF, 0x00, 0x7F, 0xE0, 0x0F, 0xFC, 0x01, 
  0xFF, 0x80, 0x3F, 0xF0, 0x07, 0xFE, 0x00, 0xFF, 0xC0, 0x1F, 0xF8, 0x03, 
  0xFF, 0x00, 0x7F, 0xE0, 0x0F, 0xFC, 0x01, 0xFF, 0x80, 0x3F, 0xF0, 0x07, 
  0xFF, 0xFF, 0xFF, 0xFF, 0xFF, 0xFF, 0xFF, 0xFF, 0xFF, 0xFC, 0xFF, 0xFF, 
  0xFF, 0xFF, 0xFF, 0xFF, 0xFF, 0xFF, 0xFF, 0xFF, 0x80, 0x3F, 0xF0, 0x07, 
  0xFE, 0x00, 0xFF, 0xC0, 0x1F, 0xF8, 0x03, 0xFF, 0x00, 0x7F, 0xE0, 0x0F, 
  0xFC, 0x01, 0xFF, 0x80, 0x3F, 0xF0, 0x07, 0xFE, 0x00, 0xFF, 0xC0, 0x1F, 
  0xF8, 0x03, 0xFF, 0x00, 0x7F, 0xE0, 0x0F, 0xFC, 0x01, 0xFF, 0x80, 0x3F, 
  0xF0, 0x07, 0xFF, 0xFF, 0xFF, 0xFF, 0xFF, 0xFF, 0xFF, 0xFF, 0xFF, 0xFC, 
  0xFF, 0xFF, 0xFF, 0xFF, 0xFF, 0xFF, 0xFF, 0xFF, 0xFF, 0xFF, 0x80, 0x3F, 
  0xF0, 0x07, 0xFE, 0x00, 0xFF, 0xC0, 0x1F, 0xF8, 0x03, 0xFF, 0x00, 0x7F, 
  0xE0, 0x0F, 0xFC, 0x01, 0xFF, 0x80, 0x3F, 0xF0, 0x07, 0xFE, 0x00, 0xFF, 
  0xC0, 0x1F, 0xF8, 0x03, 0xFF, 0x00, 0x7F, 0xE0, 0x0F, 0xFC, 0x01, 0xFF, 
  0x80, 0x3F, 0xF0, 0x07, 0xFF, 0xFF, 0xFF, 0xFF, 0xFF, 0xFF, 0xFF, 0xFF, 
  0xFF, 0xFC, 0xFF, 0xFF, 0xFF, 0xFF, 0xFF, 0xFF, 0xFF, 0xFF, 0xFF, 0xFF, 
  0x80, 0x3F, 0xF0, 0x07, 0xFE, 0x00, 0xFF, 0xC0, 0x1F, 0xF8, 0x03, 0xFF, 
  0x00, 0x7F, 0xE0, 0x0F, 0xFC, 0x01, 0xFF, 0x80, 0x3F, 0xF0, 0x07, 0xFE, 
  0x00, 0xFF, 0xC0, 0x1F, 0xF8, 0x03, 0xFF, 0x00, 0x7F, 0xE0, 0x0F, 0xFC, 
  0x01, 0xFF, 0x80, 0x3F, 0xF0, 0x07, 0xFF, 0xFF, 0xFF, 0xFF, 0xFF, 0xFF, 
  0xFF, 0xFF, 0xFF, 0xFC, 0xFF, 0xFF, 0xFF, 0xFF, 0xFF, 0xFF, 0xFF, 0xFF, 
  0xFF, 0xFF, 0x80, 0x3F, 0xF0, 0x07, 0xFE, 0x00, 0xFF, 0xC0, 0x1F, 0xF8, 
  0x03, 0xFF, 0x00, 0x7F, 0xE0, 0x0F, 0xFC, 0x01, 0xFF, 0x80, 0x3F, 0xF0, 
  0x07, 0xFE, 0x00, 0xFF, 0xC0, 0x1F, 0xF8, 0x03, 0xFF, 0x00, 0x7F, 0xE0, 
  0x0F, 0xFC, 0x01, 0xFF, 0x80, 0x3F, 0xF0, 0x07, 0xFF, 0xFF, 0xFF, 0xFF, 
  0xFF, 0xFF, 0xFF, 0xFF, 0xFF, 0xFC, 0xFF, 0xFF, 0xFF, 0xFF, 0xFF, 0xFF, 
  0xFF, 0xFF, 0xFF, 0xFF, 0x80, 0x3F, 0xF0, 0x07, 0xFE, 0x00, 0xFF, 0xC0, 
  0x1F, 0xF8, 0x03, 0xFF, 0x00, 0x7F, 0xE0, 0x0F, 0xFC, 0x01, 0xFF, 0x80, 
  0x3F, 0xF0, 0x07, 0xFE, 0x00, 0xFF, 0xC0, 0x1F, 0xF8, 0x03, 0xFF, 0x00, 
  0x7F, 0xE0, 0x0F, 0xFC, 0x01, 0xFF, 0x80, 0x3F, 0xF0, 0x07, 0xFF, 0xFF, 
  0xFF, 0xFF, 0xFF, 0xFF, 0xFF, 0xFF, 0xFF, 0xFC, 0xFF, 0xFF, 0xFF, 0xFF, 
  0xFF, 0xFF, 0xFF, 0xFF, 0xFF, 0xFF, 0x80, 0x3F, 0xF0, 0x07, 0xFE, 0x00, 
  0xFF, 0xC0, 0x1F, 0xF8, 0x03, 0xFF, 0x00, 0x7F, 0xE0, 0x0F, 0xFC, 0x01, 
  0xFF, 0x80, 0x3F, 0xF0, 0x07, 0xFE, 0x00, 0xFF, 0xC0, 0x1F, 0xF8, 0x03, 
  0xFF, 0x00, 0x7F, 0xE0, 0x0F, 0xFC, 0x01, 0xFF, 0x80, 0x3F, 0xF0, 0x07, 
  0xFF, 0xFF, 0xFF, 0xFF, 0xFF, 0xFF, 0xFF, 0xFF, 0xFF, 0xFC, 0xFF, 0xFF, 
  0xFF, 0xFF, 0xFF, 0xFF, 0xFF, 0xFF, 0xFF, 0xFF, 0x80, 0x3F, 0xF0, 0x07, 
  0xFE, 0x00, 0xFF, 0xC0, 0x1F, 0xF8, 0x03, 0xFF, 0x00, 0x7F, 0xE0, 0x0F, 
  0xFC, 0x01, 0xFF, 0x80, 0x3F, 0xF0, 0x07, 0xFE, 0x00, 0xFF, 0xC0, 0x1F, 
  0xF8, 0x03, 0xFF, 0x00, 0x7F, 0xE0, 0x0F, 0xFC, 0x01, 0xFF, 0x80, 0x3F, 
  0xF0, 0x07, 0xFF, 0xFF, 0xFF, 0xFF, 0xFF, 0xFF, 0xFF, 0xFF, 0xFF, 0xFC, 
  0xFF, 0xFF, 0xFF, 0xFF, 0xFF, 0xFF, 0xFF, 0xFF, 0xFF, 0xFF, 0x80, 0x3F, 
  0xF0, 0x07, 0xFE, 0x00, 0xFF, 0xC0, 0x1F, 0xF8, 0x03, 0xFF, 0x00, 0x7F, 
  0xE0, 0x0F, 0xFC, 0x01, 0xFF, 0x80, 0x3F, 0xF0, 0x07, 0xFE, 0x00, 0xFF, 
  0xC0, 0x1F, 0xF8, 0x03, 0xFF, 0x00, 0x7F, 0xE0, 0x0F, 0xFC, 0x01, 0xFF, 
  0x80, 0x3F, 0xF0, 0x07, 0xFF, 0xFF, 0xFF, 0xFF, 0xFF, 0xFF, 0xFF, 0xFF, 
  0xFF, 0xFC, 0xFF, 0xFF, 0xFF, 0xFF, 0xFF, 0xFF, 0xFF, 0xFF, 0xFF, 0xFF, 
  0x80, 0x3F, 0xF0, 0x07, 0xFE, 0x00, 0xFF, 0xC0, 0x1F, 0xF8, 0x03, 0xFF, 
  0x00, 0x7F, 0xE0, 0x0F, 0xFC, 0x01, 0xFF, 0x80, 0x3F, 0xF0, 0x07, 0xFE, 
  0x00, 0xFF, 0xC0, 0x1F, 0xF8, 0x03, 0xFF, 0x00, 0x7F, 0xE0, 0x0F, 0xFC, 
  0x01, 0xFF, 0x80, 0x3F, 0xF0, 0x07, 0xFF, 0xFF, 0xFF, 0xFF, 0xFF, 0xFF, 
  0xFF, 0xFF, 0xFF, 0xFC, 0xFF, 0xFF, 0xFF, 0xFF, 0xFF, 0xFF, 0xFF, 0xFF, 
  0xFF, 0xFF, 0x80, 0x3F, 0xF0, 0x07, 0xFE, 0x00, 0xFF, 0xC0, 0x1F, 0xF8, 
  0x03, 0xFF, 0x00, 0x7F, 0xE0, 0x0F, 0xFC, 0x01, 0xFF, 0x80, 0x3F, 0xF0, 
  0x07, 0xFE, 0x00, 0xFF, 0xC0, 0x1F, 0xF8, 0x03, 0xFF, 0x00, 0x7F, 0xE0, 
  0x0F, 0xFC, 0x01, 0xFF, 0x80, 0x3F, 0xF0, 0x07, 0xFF, 0xFF, 0xFF, 0xFF, 
  0xFF, 0xFF, 0xFF, 0xFF, 0xFF, 0xFC, 0xFF, 0xFF, 0xFF, 0xFF, 0xFF, 0xFF, 
  0xFF, 0xFF, 0xFF, 0xFF, 0x80, 0x3F, 0xF0, 0x07, 0xFE, 0x00, 0xFF, 0xC0, 
  0x1F, 0xF8, 0x03, 0xFF, 0x00, 0x7F, 0xE0, 0x0F, 0xFC, 0x01, 0xFF, 0x80, 
  0x3F, 0xF0, 0x07, 0xFE, 0x00, 0xFF, 0xC0, 0x1F, 0xF8, 0x03, 0xFF, 0x00, 
  0x7F, 0xE0, 0x0F, 0xFC, 0x01, 0xFF, 0x80, 0x3F, 0xF0, 0x07, 0xFF, 0xFF, 
  0xFF, 0xFF, 0xFF, 0xFF, 0xFF, 0xFF, 0xFF, 0xFC, 0xFF, 0xFF, 0xFF, 0xFF, 
  0xFF, 0xFF, 0xFF, 0xFF, 0xFF, 0xFF, 0x80, 0x3F, 0xF0, 0x07, 0xFE, 0x00, 
  0xFF, 0xC0, 0x1F, 0xF8, 0x03, 0xFF, 0x00, 0x7F, 0xE0, 0x0F, 0xFC, 0x01, 
  0xFF, 0x80, 0x3F, 0xF0, 0x07, 0xFE, 0x00, 0xFF, 0xC0, 0x1F, 0xF8, 0x03, 
  0xFF, 0x00, 0x7F, 0xE0, 0x0F, 0xFC, 0x01, 0xFF, 0x80, 0x3F, 0xF0, 0x07, 
  0xFF, 0xFF, 0xFF, 0xFF, 0xFF, 0xFF, 0xFF, 0xFF, 0xFF, 0xFC, 0xFF, 0xFF, 
  0xFF, 0xFF, 0xFF, 0xFF, 0xFF, 0xFF, 0xFF, 0xFF, 0x80, 0x3F, 0xF0, 0x07, 
  0xFE, 0x00, 0xFF, 0xC0, 0x1F, 0xF8, 0x03, 0xFF, 0x00, 0x7F, 0xE0, 0x0F, 
  0xFC, 0x01, 0xFF, 0x80, 0x3F, 0xF0, 0x07, 0xFE, 0x00, 0xFF, 0xC0, 0x1F, 
  0xF8, 0x03, 0xFF, 0x00, 0x7F, 0xE0, 0x0F, 0xFC, 0x01, 0xFF, 0x80, 0x3F, 
  0xF0, 0x07, 0xFF, 0xFF, 0xFF, 0xFF, 0xFF, 0xFF, 0xFF, 0xFF, 0xFF, 0xFC, 
  0xFF, 0xFF, 0xFF, 0xFF, 0xFF, 0xFF, 0xFF, 0xFF, 0xFF, 0xFF, 0x80, 0x3F, 
  0xF0, 0x07, 0xFE, 0x00, 0xFF, 0xC0, 0x1F, 0xF8, 0x03, 0xFF, 0x00, 0x7F, 
  0xE0, 0x0F, 0xFC, 0x01, 0xFF, 0x80, 0x3F, 0xF0, 0x07, 0xFE, 0x00, 0xFF, 
  0xC0, 0x1F, 0xF8, 0x03, 0xFF, 0x00, 0x7F, 0xE0, 0x0F, 0xFC, 0x01, 0xFF, 
  0x80, 0x3F, 0xF0, 0x07, 0xFF, 0xFF, 0xFF, 0xFF, 0xFF, 0xFF, 0xFF, 0xFF, 
  0xFF, 0xFC, 0xFF, 0xFF, 0xFF, 0xFF, 0xFF, 0xFF, 0xFF, 0xFF, 0xFF, 0xFF, 
  0x80, 0x3F, 0xF0, 0x07, 0xFE, 0x00, 0xFF, 0xC0, 0x1F, 0xF8, 0x03, 0xFF, 
  0x00, 0x7F, 0xE0, 0x0F, 0xFC, 0x01, 0xFF, 0x80, 0x3F, 0xF0, 0x07, 0xFE, 
  0x00, 0xFF, 0xC0, 0x1F, 0xF8, 0x03, 0xFF, 0x00, 0x7F, 0xE0, 0x0F, 0xFC, 
  0x01, 0xFF, 0x80, 0x3F, 0xF0, 0x07, 0xFF, 0xFF, 0xFF, 0xFF, 0xFF, 0xFF, 
  0xFF, 0xFF, 0xFF, 0xFC, 0xFF, 0xFF, 0xFF, 0xFF, 0xFF, 0xFF, 0xFF, 0xFF, 
  0xFF, 0xFF, 0x80, 0x3F, 0xF0, 0x07, 0xFE, 0x00, 0xFF, 0xC0, 0x1F, 0xF8, 
  0x03, 0xFF, 0x00, 0x7F, 0xE0, 0x0F, 0xFC, 0x01, 0xFF, 0x80, 0x3F, 0xF0, 
  0x07, 0xFE, 0x00, 0xFF, 0xC0, 0x1F, 0xF8, 0x03, 0xFF, 0x00, 0x7F, 0xE0, 
  0x0F, 0xFC, 0x01, 0xFF, 0x80, 0x3F, 0xF0, 0x07, 0xFF, 0xFF, 0xFF, 0xFF, 
  0xFF, 0xFF, 0xFF, 0xFF, 0xFF, 0xFC, 0xFF, 0xFF, 0xFF, 0xFF, 0xFF, 0xFF, 
  0xFF, 0xFF, 0xFF, 0xFF, 0x80, 0x3F, 0xF0, 0x07, 0xFE, 0x00, 0xFF, 0xC0, 
  0x1F, 0xF8, 0x03, 0xFF, 0x00, 0x7F, 0xE0, 0x0F, 0xFC, 0x01, 0xFF, 0x80, 
  0x3F, 0xF0, 0x07, 0xFE, 0x00, 0xFF, 0xC0, 0x1F, 0xF8, 0x03, 0xFF, 0x00, 
  0x7F, 0xE0, 0x0F, 0xFC, 0x01, 0xFF, 0x80, 0x3F, 0xF0, 0x07, 0xFF, 0xFF, 
  0xFF, 0xFF, 0xFF, 0xFF, 0xFF, 0xFF, 0xFF, 0xFC, 0xFF, 0xFF, 0xFF, 0xFF, 
  0xFF, 0xFF, 0xFF, 0xFF, 0xFF, 0xFF, 0x80, 0x3F, 0xF0, 0x07, 0xFE, 0x00, 
  0xFF, 0xC0, 0x1F, 0xF8, 0x03, 0xFF, 0x00, 0x7F, 0xE0, 0x0F, 0xFC, 0x01, 
  0xFF, 0x80, 0x3F, 0xF0, 0x07, 0xFE, 0x00, 0xFF, 0xC0, 0x1F, 0xF8, 0x03, 
  0xFF, 0x00, 0x7F, 0xE0, 0x0F, 0xFC, 0x01, 0xFF, 0x80, 0x3F, 0xF0, 0x07, 
  0xFF, 0xFF, 0xFF, 0xFF, 0xFF, 0xFF, 0xFF, 0xFF, 0xFF, 0xFC, 0xFF, 0xFF, 
  0xFF, 0xFF, 0xFF, 0xFF, 0xFF, 0xFF, 0xFF, 0xFF, 0x80, 0x3F, 0xF0, 0x07, 
  0xFE, 0x00, 0xFF, 0xC0, 0x1F, 0xF8, 0x03, 0xFF, 0x00, 0x7F, 0xE0, 0x0F, 
  0xFC, 0x01, 0xFF, 0x80, 0x3F, 0xF0, 0x07, 0xFE, 0x00, 0xFF, 0xC0, 0x1F, 
  0xF8, 0x03, 0xFF, 0x00, 0x7F, 0xE0, 0x0F, 0xFC, 0x01, 0xFF, 0x80, 0x3F, 
  0xF0, 0x07, 0xFF, 0xFF, 0xFF, 0xFF, 0xFF, 0xFF, 0xFF, 0xFF, 0xFF, 0xFC, 
  0xFF, 0xFF, 0xFF, 0xFF, 0xFF, 0xFF, 0xFF, 0xFF, 0xFF, 0xFF, 0x80, 0x3F, 
  0xF0, 0x07, 0xFE, 0x00, 0xFF, 0xC0, 0x1F, 0xF8, 0x03, 0xFF, 0x00, 0x7F, 
  0xE0, 0x0F, 0xFC, 0x01, 0xFF, 0x80, 0x3F, 0xF0, 0x07, 0xFE, 0x00, 0xFF, 
  0xC0, 0x1F, 0xF8, 0x03, 0xFF, 0x00, 0x7F, 0xE0, 0x0F, 0xFC, 0x01, 0xFF, 
  0x80, 0x3F, 0xF0, 0x07, 0xFF, 0xFF, 0xFF, 0xFF, 0xFF, 0xFF, 0xFF, 0xFF, 
  0xFF, 0xFC, 0xFF, 0xFF, 0xFF, 0xFF, 0xFF, 0xFF, 0xFF, 0xFF, 0xFF, 0xFF, 
  0x80, 0x3F, 0xF0, 0x07, 0xFE, 0x00, 0xFF, 0xC0, 0x1F, 0xF8, 0x03, 0xFF, 
  0x00, 0x7F, 0xE0, 0x0F, 0xFC, 0x01, 0xFF, 0x80, 0x3F, 0xF0, 0x07, 0xFE, 
  0x00, 0xFF, 0xC0, 0x1F, 0xF8, 0x03, 0xFF, 0x00, 0x7F, 0xE0, 0x0F, 0xFC, 
  0x01, 0xFF, 0x80, 0x3F, 0xF0, 0x07, 0xFF, 0xFF, 0xFF, 0xFF, 0xFF, 0xFF, 
  0xFF, 0xFF, 0xFF, 0xFC, 0xFF, 0xFF, 0xFF, 0xFF, 0xFF, 0xFF, 0xFF, 0xFF, 
  0xFF, 0xFF, 0x80, 0x3F, 0xF0, 0x07, 0xFE, 0x00, 0xFF, 0xC0, 0x1F, 0xF8, 
  0x03, 0xFF, 0x00, 0x7F, 0xE0, 0x0F, 0xFC, 0x01, 0xFF, 0x80, 0x3F, 0xF0, 
  0x07, 0xFE, 0x00, 0xFF, 0xC0, 0x1F, 0xF8, 0x03, 0xFF, 0x00, 0x7F, 0xE0, 
  0x0F, 0xFC, 0x01, 0xFF, 0x80, 0x3F, 0xF0, 0x07, 0xFF, 0xFF, 0xFF, 0xFF, 
  0xFF, 0xFF, 0xFF, 0xFF, 0xFF, 0xFC, 0xFF, 0xFF, 0xFF, 0xFF, 0xFF, 0xFF, 
  0xFF, 0xFF, 0xFF, 0xFF, 0x80, 0x3F, 0xF0, 0x07, 0xFE, 0x00, 0xFF, 0xC0, 
  0x1F, 0xF8, 0x03, 0xFF, 0x00, 0x7F, 0xE0, 0x0F, 0xFC, 0x01, 0xFF, 0x80, 
  0x3F, 0xF0, 0x07, 0xFE, 0x00, 0xFF, 0xC0, 0x1F, 0xF8, 0x03, 0xFF, 0x00, 
  0x7F, 0xE0, 0x0F, 0xFC, 0x01, 0xFF, 0x80, 0x3F, 0xF0, 0x07, 0xFF, 0xFF, 
  0xFF, 0xFF, 0xFF, 0xFF, 0xFF, 0xFF, 0xFF, 0xFC, 0xFF, 0xFF, 0xFF, 0xFF, 
  0xFF, 0xFF, 0xFF, 0xFF, 0xFF, 0xFF, 0x80, 0x3F, 0xF0, 0x07, 0xFE, 0x00, 
  0xFF, 0xC0, 0x1F, 0xF8, 0x03, 0xFF, 0x00, 0x7F, 0xE0, 0x0F, 0xFC, 0x01, 
  0xFF, 0x80, 0x3F, 0xF0, 0x07, 0xFE, 0x00, 0xFF, 0xC0, 0x1F, 0xF8, 0x03, 
  0xFF, 0x00, 0x7F, 0xE0, 0x0F, 0xFC, 0x01, 0xFF, 0x80, 0x3F, 0xF0, 0x07, 
  0xFF, 0xFF, 0xFF, 0xFF, 0xFF, 0xFF, 0xFF, 0xFF, 0xFF, 0xFC, 0x00, 0xFF, 
  0xFF, 0xFF, 0xFC, 0x00, 0x0C, 0x31, 0xC7, 0x9E, 0x79, 0xE7, 0x9E, 0x7B, 
  0xFF, 0xFF, 0xFF, 0xFF, 0xFF, 0xFF, 0xF0, 0x00, 0xC0, 0x00, 0x60, 0x00, 
  0x30, 0x00, 0xFF, 0x01, 0xFF, 0xE1, 0xFF, 0xF8, 0xFF, 0xFC, 0xFD, 0xBF, 
  0x7C, 0xCF, 0xBE, 0x63, 0xFE, 0x30, 0x1F, 0x18, 0x0F, 0x8C, 0x07, 0xC6, 
  0x03, 0xE3, 0x01, 0xF1, 0x8F, 0x7C, 0xCF, 0xBE, 0x67, 0xDF, 0xF7, 0xE7, 
  0xFF, 0xE1, 0xFF, 0xE0, 0x7F, 0xE0, 0x0F, 0xC0, 0x01, 0x80, 0x00, 0xC0, 
  0x00, 0x60, 0x00, 0x07, 0xF8, 0x07, 0xFF, 0x83, 0xFF, 0xF1, 0xFF, 0xFC, 
  0x7C, 0x1F, 0xBF, 0x03, 0xEF, 0x80, 0xFB, 0xE0, 0x1E, 0x7C, 0x00, 0x1F, 
  0x00, 0x07, 0xE0, 0x00, 0xF8, 0x00, 0xFF, 0xF0, 0x3F, 0xFC, 0x01, 0xF0, 
  0x00, 0x3C, 0x00, 0x0F, 0x00, 0x03, 0xC0, 0x00, 0xF0, 0x00, 0x78, 0x00, 
  0x3C, 0x00, 0x9F, 0xFF, 0xEF, 0xFF, 0xF9, 0xFF, 0xFF, 0x7F, 0xFF, 0xC8, 
  0x0F, 0x80, 0x20, 0x01, 0x1C, 0x70, 0xEF, 0xFF, 0xF9, 0xFF, 0xFC, 0x3F, 
  0xFE, 0x0F, 0x87, 0x83, 0xC0, 0xF0, 0xE0, 0x3C, 0x38, 0x07, 0x0E, 0x03, 
  0xC3, 0xC0, 0xF0, 0xF0, 0x78, 0x1F, 0xFE, 0x0F, 0xFF, 0xC7, 0xFF, 0xFB, 
  0xC7, 0x9E, 0x60, 0x03, 0x00, 0xF8, 0x01, 0xEF, 0x80, 0x7D, 0xF0, 0x1F, 
  0x1F, 0x03, 0xE1, 0xE0, 0xF8, 0x3E, 0x1F, 0x03, 0xE7, 0xC0, 0x7C, 0xF0, 
  0x07, 0xFE, 0x00, 0x7F, 0x80, 0x0F, 0xF0, 0x00, 0xFC, 0x00, 0x1F, 0x80, 
  0x7F, 0xFF, 0x8F, 0xFF, 0xF0, 0x07, 0xC0, 0x00, 0xF8, 0x07, 0xFF, 0xF8, 
  0xFF, 0xFF, 0x00, 0x7C, 0x00, 0x0F, 0x80, 0x01, 0xF0, 0x00, 0x3E, 0x00, 
  0x07, 0xC0, 0x00, 0xF8, 0x00, 0xFF, 0xFF, 0xFF, 0xF0, 0x03, 0xFF, 0xFF, 
  0xFF, 0xC0, 0x0F, 0xF8, 0x0F, 0xFE, 0x0F, 0xFF, 0x87, 0xC7, 0xC7, 0xC1, 
  0xF3, 0xE0, 0xF9, 0xF8, 0x00, 0x7F, 0x00, 0x3F, 0xC0, 0x0F, 0xF8, 0x07, 
  0xFF, 0x07, 0xFF, 0xC7, 0x8F, 0xF7, 0x83, 0xFF, 0xC0, 0x7F, 0xF0, 0x0F, 
  0xFE, 0x07, 0xBF, 0x83, 0xDF, 0xF3, 0xE3, 0xFF, 0xE0, 0xFF, 0xC0, 0x1F, 
  0xF0, 0x03, 0xFC, 0x00, 0xFE, 0x00, 0x1F, 0x3E, 0x0F, 0x9F, 0x07, 0xC7, 
  0xC3, 0xE3, 0xFF, 0xF1, 0xFF, 0xF0, 0x7F, 0xF0, 0x0F, 0xE0, 0xF1, 0xFE, 
  0x3F, 0xC7, 0xF8, 0xF0, 0x00, 0x3F, 0xC0, 0x00, 0x3F, 0xFF, 0x00, 0x0F, 
  0xE7, 0xF0, 0x03, 0xC0, 0x0F, 0x00, 0xF0, 0x00, 0xF0, 0x38, 0x1E, 0x0F, 
  0x0F, 0x0F, 0xF0, 0xF1, 0xC7, 0xFF, 0x0E, 0x70, 0xF0, 0xF0, 0xEE, 0x3C, 
  0x0E, 0x1D, 0xC7, 0x01, 0xC3, 0xB0, 0xE0, 0x00, 0x36, 0x1C, 0x00, 0x07, 
  0xC3, 0x80, 0x00, 0xD8, 0x70, 0x00, 0x1B, 0x0E, 0x00, 0x07, 0x71, 0xE0, 
  0x70, 0xEE, 0x1C, 0x0E, 0x1C, 0xE3, 0xFF, 0xC7, 0x1C, 0x3F, 0xF0, 0xE1, 
  0xC3, 0xFC, 0x38, 0x3C, 0x0C, 0x0F, 0x03, 0xC0, 0x03, 0xC0, 0x3E, 0x01, 
  0xF0, 0x03, 0xFF, 0xFC, 0x00, 0x1F, 0xFE, 0x00, 0x00, 0x7E, 0x00, 0x00, 
  0x1E, 0x0F, 0xF1, 0xFF, 0x70, 0xE0, 0x1C, 0x3F, 0x9F, 0xF7, 0x8E, 0xE1, 
  0xDC, 0x7B, 0xFF, 0x3E, 0xF0, 0x00, 0x00, 0x3F, 0xF7, 0xFE, 0xFF, 0xC0, 
  0x04, 0x00, 0x60, 0x47, 0x06, 0x78, 0x77, 0xCF, 0xFC, 0x7B, 0x83, 0x9C, 
  0x18, 0xF0, 0xE7, 0xC7, 0x9F, 0x1E, 0x38, 0x70, 0xC1, 0x82, 0x04, 0xFF, 
  0xFF, 0xFF, 0xFF, 0xFF, 0xFF, 0xFF, 0xFF, 0xFF, 0x00, 0x03, 0xC0, 0x00, 
  0xF0, 0x00, 0x3C, 0x00, 0x0F, 0x00, 0x03, 0xC0, 0x00, 0xF0, 0xFF, 0xFF, 
  0xFF, 0xFF, 0xFF, 0xFF, 0xC0, 0x00, 0x3F, 0xC0, 0x00, 0x3F, 0xFF, 0x00, 
  0x0F, 0xE7, 0xF0, 0x03, 0xC0, 0x0F, 0x00, 0xF0, 0x00, 0xF0, 0x39, 0xFE, 
  0x0F, 0x0F, 0x3F, 0xF8, 0xF1, 0xC7, 0xFF, 0x8E, 0x70, 0xE0, 0xF0, 0xEE, 
  0x1C, 0x0E, 0x1D, 0xC3, 0x81, 0xC3, 0xB0, 0x70, 0x38, 0x36, 0x0F, 0xFE, 
  0x07, 0xC1, 0xFF, 0x80, 0xD8, 0x3F, 0xF8, 0x1B, 0x07, 0x07, 0x87, 0x70, 
  0xE0, 0xF0, 0xEE, 0x1C, 0x0E, 0x1C, 0xE3, 0x83, 0xC7, 0x1C, 0x70, 0x38, 
  0xE1, 0xCE, 0x07, 0xB8, 0x3C, 0x00, 0x0F, 0x03, 0xC0, 0x03, 0xC0, 0x3E, 
  0x01, 0xF0, 0x03, 0xFF, 0xFC, 0x00, 0x1F, 0xFE, 0x00, 0x00, 0x7E, 0x00, 
  0x00, 0xFF, 0xFF, 0xF0, 0x1F, 0x07, 0xF9, 0xC7, 0x30, 0x7E, 0x07, 0xC0, 
  0xF8, 0x3B, 0x86, 0x7F, 0xC7, 0xF0, 0x00, 0x00, 0x03, 0xC0, 0x01, 0xE0, 
  0x00, 0xF0, 0x00, 0x78, 0x00, 0x3C, 0x00, 0x1E, 0x03, 0xFF, 0xFF, 0xFF, 
  0xFF, 0xFF, 0xFF, 0xFF, 0xFF, 0xC0, 0xF0, 0x00, 0x78, 0x00, 0x3C, 0x00, 
  0x1E, 0x00, 0x0F, 0x00, 0x07, 0x80, 0x00, 0x00, 0x7F, 0xFF, 0xFF, 0xFF, 
  0xFF, 0xFF, 0xFF, 0xFF, 0xFF, 0xFF, 0xFC, 0x3F, 0x8F, 0xFB, 0xCF, 0x70, 
  0xEE, 0x1E, 0x03, 0x80, 0x70, 0x3C, 0x0F, 0x07, 0xC1, 0xF0, 0x78, 0x0F, 
  0xFD, 0xFF, 0xBF, 0xF0, 0x3F, 0x0F, 0xF3, 0xCF, 0x70, 0xEE, 0x1C, 0x07, 
  0x83, 0xE0, 0x7C, 0x07, 0xC0, 0x3B, 0x87, 0xF0, 0xFF, 0x3D, 0xFF, 0x9F, 
  0xE0, 0x1E, 0x78, 0xE3, 0x87, 0x1C, 0x00, 0xF8, 0x1F, 0x3E, 0x07, 0xCF, 
  0x81, 0xF3, 0xE0, 0x7C, 0xF8, 0x1F, 0x3E, 0x07, 0xCF, 0x81, 0xF3, 0xE0, 
  0x7C, 0xF8, 0x1F, 0x3E, 0x07, 0xCF, 0x81, 0xF3, 0xE0, 0x7C, 0xF8, 0x1F, 
  0x3E, 0x07, 0xCF, 0xC1, 0xF3, 0xF9, 0xFE, 0xFF, 0xFF, 0xFF, 0xFF, 0xFF, 
  0xFF, 0x7F, 0xEF, 0x0E, 0xF8, 0x00, 0x3E, 0x00, 0x0F, 0x80, 0x03, 0xE0, 
  0x00, 0xF8, 0x00, 0x3E, 0x00, 0x0F, 0x80, 0x00, 0x07, 0xFF, 0xC7, 0xFF, 
  0xF3, 0xFF, 0xFD, 0xFF, 0x1C, 0x7F, 0xC7, 0x3F, 0xF1, 0xCF, 0xFC, 0x73, 
  0xFF, 0x1C, 0xFF, 0xC7, 0x3F, 0xF1, 0xCF, 0xFC, 0x73, 0xFF, 0x1C, 0x7F, 
  0xC7, 0x1F, 0xF1, 0xC3, 0xFC, 0x70, 0x7F, 0x1C, 0x03, 0xC7, 0x00, 0x71, 
  0xC0, 0x1C, 0x70, 0x07, 0x1C, 0x01, 0xC7, 0x00, 0x71, 0xC0, 0x1C, 0x70, 
  0x07, 0x1C, 0x01, 0xC7, 0x00, 0x71, 0xC0, 0x1C, 0x70, 0x07, 0x1C, 0x01, 
  0xC7, 0x00, 0x71, 0xC0, 0x1C, 0x70, 0x07, 0x1C, 0x01, 0xC7, 0x00, 0xFF, 
  0xFF, 0xF0, 0x0C, 0x06, 0x07, 0xC2, 0xF0, 0x3E, 0x1F, 0xFE, 0x7C, 0x07, 
  0x0F, 0x3F, 0xFF, 0xFF, 0x0F, 0x0F, 0x0F, 0x0F, 0x0F, 0x0F, 0x0F, 0x0F, 
  0x0F, 0x0F, 0x0E, 0x07, 0xF1, 0xFF, 0x78, 0xFE, 0x0F, 0xC1, 0xF8, 0x3F, 
  0x07, 0xE0, 0xFE, 0x39, 0xFF, 0x1F, 0xC0, 0x00, 0x00, 0x3F, 0xFF, 0xFF, 
  0xFF, 0xE0, 0x81, 0x06, 0x0C, 0x38, 0x71, 0xE3, 0xC7, 0x8F, 0x1E, 0x3C, 
  0x70, 0xE3, 0x83, 0x3C, 0x7B, 0xE7, 0xFE, 0x7D, 0xC3, 0xCC, 0x1C, 0x40, 
  0xC0, 0x07, 0x00, 0x1E, 0x00, 0x78, 0x00, 0xE0, 0x0F, 0xC0, 0x0E, 0x01, 
  0xFE, 0x00, 0x70, 0x0F, 0xF0, 0x07, 0x00, 0x07, 0x80, 0x38, 0x00, 0x3C, 
  0x03, 0x80, 0x01, 0xE0, 0x3C, 0x00, 0x0F, 0x01, 0xC0, 0x00, 0x78, 0x1C, 
  0x00, 0x03, 0xC0, 0xE0, 0x78, 0x1E, 0x0E, 0x03, 0xC0, 0xF0, 0x70, 0x3E, 
  0x07, 0x87, 0x03, 0xF0, 0x3C, 0x78, 0x1B, 0x80, 0x03, 0x81, 0xDC, 0x00, 
  0x38, 0x1C, 0xE0, 0x01, 0xC0, 0xC7, 0x00, 0x1C, 0x0E, 0x38, 0x00, 0xE0, 
  0x7F, 0xF0, 0x0E, 0x03, 0xFF, 0x80, 0xE0, 0x1F, 0xFC, 0x07, 0x00, 0x03, 
  0x80, 0x70, 0x00, 0x1C, 0x03, 0x80, 0x00, 0xE0, 0x38, 0x00, 0x00, 0x00, 
  0x07, 0x00, 0x1C, 0x00, 0x78, 0x00, 0xE0, 0x0F, 0xC0, 0x0E, 0x01, 0xFE, 
  0x00, 0x70, 0x0F, 0xF0, 0x07, 0x00, 0x07, 0x80, 0x70, 0x00, 0x3C, 0x03, 
  0x80, 0x01, 0xE0, 0x38, 0x00, 0x0F, 0x01, 0xC0, 0x00, 0x78, 0x1C, 0x00, 
  0x03, 0xC0, 0xE3, 0xF8, 0x1E, 0x0E, 0x3F, 0xE0, 0xF0, 0xE3, 0xCF, 0x07, 
  0x87, 0x1C, 0x3C, 0x3C, 0x70, 0xE1, 0xE0, 0x03, 0x80, 0x0F, 0x00, 0x38, 
  0x00, 0x70, 0x03, 0xC0, 0x07, 0x80, 0x1C, 0x00, 0xF8, 0x01, 0xC0, 0x0F, 
  0x00, 0x0E, 0x00, 0xF0, 0x00, 0xE0, 0x0F, 0x00, 0x07, 0x00, 0xFF, 0xE0, 
  0x70, 0x07, 0xFF, 0x07, 0x80, 0x3F, 0xF8, 0x38, 0x00, 0x00, 0x00, 0x3F, 
  0x00, 0x07, 0x03, 0xFC, 0x00, 0x70, 0x3C, 0xF0, 0x07, 0x81, 0xC3, 0x80, 
  0x38, 0x0E, 0x1C, 0x03, 0x80, 0x01, 0xE0, 0x1C, 0x00, 0x3E, 0x01, 0xC0, 
  0x01, 0xF0, 0x0E, 0x00, 0x07, 0xC0, 0xE0, 0x00, 0x0E, 0x0F, 0x00, 0x38, 
  0x78, 0x70, 0x79, 0xC3, 0xC7, 0x03, 0xCF, 0x3C, 0x38, 0x3E, 0x7F, 0xE3, 
  0x83, 0xF1, 0xFE, 0x1C, 0x1B, 0x80, 0x01, 0xC1, 0xDC, 0x00, 0x1C, 0x1C, 
  0xE0, 0x00, 0xE0, 0xC7, 0x00, 0x0E, 0x0E, 0x38, 0x00, 0x70, 0x7F, 0xF0, 
  0x07, 0x03, 0xFF, 0x80, 0x38, 0x1F, 0xFC, 0x03, 0x80, 0x03, 0x80, 0x38, 
  0x00, 0x1C, 0x01, 0xC0, 0x00, 0xE0, 0x1C, 0x00, 0x00, 0x00, 0x03, 0xE0, 
  0x01, 0xF0, 0x00, 0xF8, 0x00, 0x7C, 0x00, 0x3E, 0x00, 0x00, 0x00, 0x00, 
  0x00, 0x07, 0xC0, 0x03, 0xE0, 0x01, 0xF0, 0x01, 0xF0, 0x01, 0xF8, 0x03, 
  0xF8, 0x03, 0xF8, 0x01, 0xF8, 0x01, 0xF8, 0x00, 0xF8, 0x00, 0x7C, 0x07, 
  0xFE, 0x03, 0xFF, 0x01, 0xFF, 0xC1, 0xFF, 0xF1, 0xF9, 0xFF, 0xFC, 0x7F, 
  0xFC, 0x1F, 0xFC, 0x03, 0xF8, 0x00, 0x01, 0xE0, 0x00, 0x00, 0xF0, 0x00, 
  0x00, 0x70, 0x00, 0x00, 0x38, 0x00, 0x00, 0x18, 0x00, 0x00, 0x00, 0x00, 
  0x00, 0x00, 0x00, 0x00, 0x7E, 0x00, 0x00, 0x7E, 0x00, 0x00, 0xFF, 0x00, 
  0x00, 0xFF, 0x00, 0x00, 0xFF, 0x00, 0x01, 0xFF, 0x80, 0x01, 0xFF, 0x80, 
  0x03, 0xEF, 0x80, 0x03, 0xE7, 0xC0, 0x03, 0xE7, 0xC0, 0x07, 0xC7, 0xC0, 
  0x07, 0xC3, 0xE0, 0x07, 0xC3, 0xE0, 0x0F, 0x83, 0xE0, 0x0F, 0x81, 0xF0, 
  0x0F, 0x81, 0xF0, 0x1F, 0xFF, 0xF0, 0x1F, 0xFF, 0xF8, 0x1F, 0xFF, 0xF8, 
  0x3F, 0xFF, 0xFC, 0x3F, 0xFF, 0xFC, 0x3E, 0x00, 0x7C, 0x7C, 0x00, 0x7E, 
  0x7C, 0x00, 0x3E, 0xFC, 0x00, 0x3E, 0xF8, 0x00, 0x3F, 0x00, 0x0F, 0x80, 
  0x00, 0x0F, 0x00, 0x00, 0x1E, 0x00, 0x00, 0x1C, 0x00, 0x00, 0x38, 0x00, 
  0x00, 0x00, 0x00, 0x00, 0x00, 0x00, 0x00, 0x7E, 0x00, 0x00, 0x7E, 0x00, 
  0x00, 0xFF, 0x00, 0x00, 0xFF, 0x00, 0x00, 0xFF, 0x00, 0x01, 0xFF, 0x80, 
  0x01, 0xFF, 0x80, 0x03, 0xEF, 0x80, 0x03, 0xE7, 0xC0, 0x03, 0xE7, 0xC0, 
  0x07, 0xC7, 0xC0, 0x07, 0xC3, 0xE0, 0x07, 0xC3, 0xE0, 0x0F, 0x83, 0xE0, 
  0x0F, 0x81, 0xF0, 0x0F, 0x81, 0xF0, 0x1F, 0xFF, 0xF0, 0x1F, 0xFF, 0xF8, 
  0x1F, 0xFF, 0xF8, 0x3F, 0xFF, 0xFC, 0x3F, 0xFF, 0xFC, 0x3E, 0x00, 0x7C, 
  0x7C, 0x00, 0x7E, 0x7C, 0x00, 0x3E, 0xFC, 0x00, 0x3E, 0xF8, 0x00, 0x3F, 
  0x00, 0x3C, 0x00, 0x00, 0x7E, 0x00, 0x00, 0xEE, 0x00, 0x01, 0xC7, 0x00, 
  0x01, 0xC3, 0x80, 0x00, 0x00, 0x00, 0x00, 0x00, 0x00, 0x00, 0x7E, 0x00, 
  0x00, 0x7E, 0x00, 0x00, 0xFF, 0x00, 0x00, 0xFF, 0x00, 0x00, 0xFF, 0x00, 
  0x01, 0xFF, 0x80, 0x01, 0xFF, 0x80, 0x03, 0xEF, 0x80, 0x03, 0xE7, 0xC0, 
  0x03, 0xE7, 0xC0, 0x07, 0xC7, 0xC0, 0x07, 0xC3, 0xE0, 0x07, 0xC3, 0xE0, 
  0x0F, 0x83, 0xE0, 0x0F, 0x81, 0xF0, 0x0F, 0x81, 0xF0, 0x1F, 0xFF, 0xF0, 
  0x1F, 0xFF, 0xF8, 0x1F, 0xFF, 0xF8, 0x3F, 0xFF, 0xFC, 0x3F, 0xFF, 0xFC, 
  0x3E, 0x00, 0x7C, 0x7C, 0x00, 0x7E, 0x7C, 0x00, 0x3E, 0xFC, 0x00, 0x3E, 
  0xF8, 0x00, 0x3F, 0x00, 0x80, 0xC0, 0x01, 0xF8, 0xC0, 0x03, 0xFF, 0xC0, 
  0x03, 0x9F, 0x80, 0x03, 0x03, 0x00, 0x00, 0x00, 0x00, 0x00, 0x00, 0x00, 
  0x00, 0x7E, 0x00, 0x00, 0x7E, 0x00, 0x00, 0xFF, 0x00, 0x00, 0xFF, 0x00, 
  0x00, 0xFF, 0x00, 0x01, 0xFF, 0x80, 0x01, 0xFF, 0x80, 0x03, 0xEF, 0x80, 
  0x03, 0xE7, 0xC0, 0x03, 0xE7, 0xC0, 0x07, 0xC7, 0xC0, 0x07, 0xC3, 0xE0, 
  0x07, 0xC3, 0xE0, 0x0F, 0x83, 0xE0, 0x0F, 0x81, 0xF0, 0x0F, 0x81, 0xF0, 
  0x1F, 0xFF, 0xF0, 0x1F, 0xFF, 0xF8, 0x1F, 0xFF, 0xF8, 0x3F, 0xFF, 0xFC, 
  0x3F, 0xFF, 0xFC, 0x3E, 0x00, 0x7C, 0x7C, 0x00, 0x7E, 0x7C, 0x00, 0x3E, 
  0xFC, 0x00, 0x3E, 0xF8, 0x00, 0x3F, 0x03, 0xC7, 0x80, 0x03, 0xC7, 0x80, 
  0x03, 0xC7, 0x80, 0x03, 0xC7, 0x80, 0x00, 0x00, 0x00, 0x00, 0x00, 0x00, 
  0x00, 0x7E, 0x00, 0x00, 0x7E, 0x00, 0x00, 0xFF, 0x00, 0x00, 0xFF, 0x00, 
  0x00, 0xFF, 0x00, 0x01, 0xFF, 0x80, 0x01, 0xFF, 0x80, 0x03, 0xEF, 0x80, 
  0x03, 0xE7, 0xC0, 0x03, 0xE7, 0xC0, 0x07, 0xC7, 0xC0, 0x07, 0xC3, 0xE0, 
  0x07, 0xC3, 0xE0, 0x0F, 0x83, 0xE0, 0x0F, 0x81, 0xF0, 0x0F, 0x81, 0xF0, 
  0x1F, 0xFF, 0xF0, 0x1F, 0xFF, 0xF8, 0x1F, 0xFF, 0xF8, 0x3F, 0xFF, 0xFC, 
  0x3F, 0xFF, 0xFC, 0x3E, 0x00, 0x7C, 0x7C, 0x00, 0x7E, 0x7C, 0x00, 0x3E, 
  0xFC, 0x00, 0x3E, 0xF8, 0x00, 0x3F, 0x00, 0x3C, 0x00, 0x00, 0x6E, 0x00, 
  0x00, 0x46, 0x00, 0x00, 0x66, 0x00, 0x00, 0x7C, 0x00, 0x00, 0x38, 0x00, 
  0x00, 0x00, 0x00, 0x00, 0x7E, 0x00, 0x00, 0x7E, 0x00, 0x00, 0xFF, 0x00, 
  0x00, 0xFF, 0x00, 0x00, 0xFF, 0x00, 0x01, 0xFF, 0x80, 0x01, 0xFF, 0x80, 
  0x03, 0xEF, 0x80, 0x03, 0xE7, 0xC0, 0x03, 0xE7, 0xC0, 0x07, 0xC7, 0xC0, 
  0x07, 0xC3, 0xE0, 0x07, 0xC3, 0xE0, 0x0F, 0x83, 0xE0, 0x0F, 0x81, 0xF0, 
  0x0F, 0x81, 0xF0, 0x1F, 0xFF, 0xF0, 0x1F, 0xFF, 0xF8, 0x1F, 0xFF, 0xF8, 
  0x3F, 0xFF, 0xFC, 0x3F, 0xFF, 0xFC, 0x3E, 0x00, 0x7C, 0x7C, 0x00, 0x7E, 
  0x7C, 0x00, 0x3E, 0xFC, 0x00, 0x3E, 0xF8, 0x00, 0x3F, 0x00, 0x7F, 0xFF, 
  0xFF, 0x80, 0x1F, 0xFF, 0xFF, 0xE0, 0x07, 0xFF, 0xFF, 0xF8, 0x03, 0xFF, 
  0xFF, 0xFE, 0x00, 0xFF, 0xFF, 0xFF, 0x80, 0x7E, 0x7C, 0x00, 0x00, 0x1F, 
  0x1F, 0x00, 0x00, 0x07, 0xC7, 0xC0, 0x00, 0x03, 0xE1, 0xF0, 0x00, 0x00, 
  0xF8, 0x7C, 0x00, 0x00, 0x3E, 0x1F, 0x00, 0x00, 0x1F, 0x07, 0xFF, 0xFC, 
  0x07, 0xC1, 0xFF, 0xFF, 0x01, 0xF0, 0x7F, 0xFF, 0xC0, 0xF8, 0x1F, 0xFF, 
  0xF0, 0x3E, 0x07, 0xC0, 0x00, 0x1F, 0xFF, 0xF0, 0x00, 0x07, 0xFF, 0xFC, 
  0x00, 0x01, 0xFF, 0xFF, 0x00, 0x00, 0xFF, 0xFF, 0xC0, 0x00, 0x3F, 0xFF, 
  0xF0, 0x00, 0x0F, 0x80, 0x7C, 0x00, 0x07, 0xE0, 0x1F, 0xFF, 0xFD, 0xF0, 
  0x07, 0xFF, 0xFF, 0x7C, 0x01, 0xFF, 0xFF, 0xFF, 0x00, 0x7F, 0xFF, 0xF0, 
  0x01, 0xFE, 0x00, 0x1F, 0xFF, 0x00, 0xFF, 0xFE, 0x07, 0xFF, 0xFC, 0x3F, 
  0xEF, 0xF9, 0xFC, 0x07, 0xE7, 0xE0, 0x0F, 0xFF, 0x00, 0x1F, 0xFC, 0x00, 
  0x7F, 0xE0, 0x00, 0x0F, 0x80, 0x00, 0x3E, 0x00, 0x00, 0xF8, 0x00, 0x03, 
  0xE0, 0x00, 0x0F, 0x80, 0x00, 0x3E, 0x00, 0x00, 0xF8, 0x00, 0x03, 0xE0, 
  0x01, 0xFF, 0xC0, 0x07, 0xDF, 0x00, 0x3F, 0x7E, 0x00, 0xF9, 0xFC, 0x07, 
  0xE3, 0xFF, 0xFF, 0x07, 0xFF, 0xFC, 0x0F, 0xFF, 0xE0, 0x1F, 0xFE, 0x00, 
  0x0F, 0xC0, 0x00, 0x18, 0x00, 0x00, 0x7C, 0x00, 0x02, 0x78, 0x00, 0x00, 
  0xE0, 0x00, 0x87, 0x80, 0x03, 0xFC, 0x00, 0x03, 0xE0, 0x00, 0x07, 0x80, 
  0x00, 0x70, 0x00, 0x0F, 0x00, 0x00, 0xE0, 0x00, 0x0E, 0x00, 0x00, 0x00, 
  0x00, 0x00, 0x07, 0xFF, 0xFE, 0xFF, 0xFF, 0xDF, 0xFF, 0xFB, 0xFF, 0xFF, 
  0x7F, 0xFF, 0xEF, 0x80, 0x01, 0xF0, 0x00, 0x3E, 0x00, 0x07, 0xC0, 0x00, 
  0xF8, 0x00, 0x1F, 0x00, 0x03, 0xFF, 0xFE, 0x7F, 0xFF, 0xCF, 0xFF, 0xF9, 
  0xFF, 0xFF, 0x3E, 0x00, 0x07, 0xC0, 0x00, 0xF8, 0x00, 0x1F, 0x00, 0x03, 
  0xE0, 0x00, 0x7C, 0x00, 0x0F, 0x80, 0x01, 0xFF, 0xFF, 0xFF, 0xFF, 0xFF, 
  0xFF, 0xFF, 0xFF, 0xFF, 0xE0, 0x00, 0x7C, 0x00, 0x0F, 0x00, 0x03, 0xC0, 
  0x00, 0x70, 0x00, 0x1C, 0x00, 0x00, 0x00, 0x00, 0x00, 0x07, 0xFF, 0xFE, 
  0xFF, 0xFF, 0xDF, 0xFF, 0xFB, 0xFF, 0xFF, 0x7F, 0xFF, 0xEF, 0x80, 0x01, 
  0xF0, 0x00, 0x3E, 0x00, 0x07, 0xC0, 0x00, 0xF8, 0x00, 0x1F, 0x00, 0x03, 
  0xFF, 0xFE, 0x7F, 0xFF, 0xCF, 0xFF, 0xF9, 0xFF, 0xFF, 0x3E, 0x00, 0x07, 
  0xC0, 0x00, 0xF8, 0x00, 0x1F, 0x00, 0x03, 0xE0, 0x00, 0x7C, 0x00, 0x0F, 
  0x80, 0x01, 0xFF, 0xFF, 0xFF, 0xFF, 0xFF, 0xFF, 0xFF, 0xFF, 0xFF, 0xE0, 
  0x01, 0xE0, 0x00, 0x7E, 0x00, 0x0E, 0xE0, 0x03, 0x8E, 0x00, 0xE1, 0xC0, 
  0x00, 0x00, 0x00, 0x00, 0x07, 0xFF, 0xFE, 0xFF, 0xFF, 0xDF, 0xFF, 0xFB, 
  0xFF, 0xFF, 0x7F, 0xFF, 0xEF, 0x80, 0x01, 0xF0, 0x00, 0x3E, 0x00, 0x07, 
  0xC0, 0x00, 0xF8, 0x00, 0x1F, 0x00, 0x03, 0xFF, 0xFE, 0x7F, 0xFF, 0xCF, 
  0xFF, 0xF9, 0xFF, 0xFF, 0x3E, 0x00, 0x07, 0xC0, 0x00, 0xF8, 0x00, 0x1F, 
  0x00, 0x03, 0xE0, 0x00, 0x7C, 0x00, 0x0F, 0x80, 0x01, 0xFF, 0xFF, 0xFF, 
  0xFF, 0xFF, 0xFF, 0xFF, 0xFF, 0xFF, 0xE0, 0x0F, 0x1E, 0x01, 0xE3, 0xC0, 
  0x3C, 0x78, 0x07, 0x8F, 0x00, 0x00, 0x00, 0x00, 0x00, 0x3F, 0xFF, 0xF7, 
  0xFF, 0xFE, 0xFF, 0xFF, 0xDF, 0xFF, 0xFB, 0xFF, 0xFF, 0x7C, 0x00, 0x0F, 
  0x80, 0x01, 0xF0, 0x00, 0x3E, 0x00, 0x07, 0xC0, 0x00, 0xF8, 0x00, 0x1F, 
  0xFF, 0xF3, 0xFF, 0xFE, 0x7F, 0xFF, 0xCF, 0xFF, 0xF9, 0xF0, 0x00, 0x3E, 
  0x00, 0x07, 0xC0, 0x00, 0xF8, 0x00, 0x1F, 0x00, 0x03, 0xE0, 0x00, 0x7C, 
  0x00, 0x0F, 0xFF, 0xFF, 0xFF, 0xFF, 0xFF, 0xFF, 0xFF, 0xFF, 0xFF, 0xF0, 
  0x78, 0x38, 0x1C, 0x1C, 0x00, 0x00, 0x3F, 0x3F, 0x3F, 0x3F, 0x3F, 0x3F, 
  0x3F, 0x3F, 0x3F, 0x3F, 0x3F, 0x3F, 0x3F, 0x3F, 0x3F, 0x3F, 0x3F, 0x3F, 
  0x3F, 0x3F, 0x3F, 0x3F, 0x3F, 0x3F, 0x3F, 0x3F, 0x0F, 0x1E, 0x1C, 0x38, 
  0x30, 0x00, 0x00, 0xFC, 0xFC, 0xFC, 0xFC, 0xFC, 0xFC, 0xFC, 0xFC, 0xFC, 
  0xFC, 0xFC, 0xFC, 0xFC, 0xFC, 0xFC, 0xFC, 0xFC, 0xFC, 0xFC, 0xFC, 0xFC, 
  0xFC, 0xFC, 0xFC, 0xFC, 0xFC, 0x0F, 0x01, 0xF8, 0x3B, 0xC3, 0x1C, 0x70, 
  0xE0, 0x00, 0x00, 0x01, 0xF8, 0x1F, 0x81, 0xF8, 0x1F, 0x81, 0xF8, 0x1F, 
  0x81, 0xF8, 0x1F, 0x81, 0xF8, 0x1F, 0x81, 0xF8, 0x1F, 0x81, 0xF8, 0x1F, 
  0x81, 0xF8, 0x1F, 0x81, 0xF8, 0x1F, 0x81, 0xF8, 0x1F, 0x81, 0xF8, 0x1F, 
  0x81, 0xF8, 0x1F, 0x81, 0xF8, 0x1F, 0x80, 0xF1, 0xFE, 0x3F, 0xC7, 0xF8, 
  0xF0, 0x00, 0x00, 0x07, 0xE0, 0xFC, 0x1F, 0x83, 0xF0, 0x7E, 0x0F, 0xC1, 
  0xF8, 0x3F, 0x07, 0xE0, 0xFC, 0x1F, 0x83, 0xF0, 0x7E, 0x0F, 0xC1, 0xF8, 
  0x3F, 0x07, 0xE0, 0xFC, 0x1F, 0x83, 0xF0, 0x7E, 0x0F, 0xC1, 0xF8, 0x3F, 
  0x07, 0xE0, 0xFC, 0x1F, 0xFF, 0x00, 0x1F, 0xFF, 0xE0, 0x1F, 0xFF, 0xF0, 
  0x1F, 0xFF, 0xF8, 0x1F, 0xFF, 0xFC, 0x1F, 0x00, 0xFC, 0x1F, 0x00, 0x7E, 
  0x1F, 0x00, 0x3E, 0x1F, 0x00, 0x3E, 0x1F, 0x00, 0x1F, 0x1F, 0x00, 0x1F, 
  0xFF, 0xF8, 0x1F, 0xFF, 0xF8, 0x1F, 0xFF, 0xF8, 0x1F, 0x1F, 0x00, 0x1F, 
  0x1F, 0x00, 0x1F, 0x1F, 0x00, 0x1F, 0x1F, 0x00, 0x3E, 0x1F, 0x00, 0x3E, 
  0x1F, 0x00, 0x7E, 0x1F, 0x00, 0xFC, 0x1F, 0x07, 0xFC, 0x1F, 0xFF, 0xF8, 
  0x1F, 0xFF, 0xF0, 0x1F, 0xFF, 0xE0, 0x1F, 0xFF, 0x80, 0x01, 0x01, 0x80, 
  0x1F, 0x8C, 0x01, 0xFF, 0xE0, 0x0E, 0x7E, 0x00, 0x60, 0x60, 0x00, 0x00, 
  0x00, 0x00, 0x00, 0x1F, 0x80, 0x1F, 0xFE, 0x00, 0xFF, 0xF0, 0x07, 0xFF, 
  0xC0, 0x3F, 0xFE, 0x01, 0xFF, 0xF8, 0x0F, 0xFF, 0xC0, 0x7F, 0xFF, 0x03, 
  0xFF, 0xFC, 0x1F, 0xFF, 0xE0, 0xFF, 0xEF, 0x87, 0xFF, 0x3C, 0x3F, 0xF9, 
  0xF1, 0xFF, 0xC7, 0xCF, 0xFE, 0x3E, 0x7F, 0xF0, 0xFB, 0xFF, 0x87, 0xDF, 
  0xFC, 0x1F, 0xFF, 0xE0, 0x7F, 0xFF, 0x03, 0xFF, 0xF8, 0x0F, 0xFF, 0xC0, 
  0x7F, 0xFE, 0x01, 0xFF, 0xF0, 0x07, 0xFF, 0x80, 0x3F, 0xFC, 0x00, 0xF8, 
  0x00, 0xF8, 0x00, 0x00, 0x3C, 0x00, 0x00, 0x0F, 0x00, 0x00, 0x03, 0x80, 
  0x00, 0x00, 0xC0, 0x00, 0x00, 0x00, 0x00, 0x00, 0x00, 0x00, 0x00, 0xFF, 
  0x00, 0x03, 0xFF, 0xE0, 0x03, 0xFF, 0xF8, 0x03, 0xFF, 0xFF, 0x03, 0xFE, 
  0x7F, 0x83, 0xF8, 0x0F, 0xE1, 0xF8, 0x01, 0xF9, 0xF8, 0x00, 0xFC, 0xFC, 
  0x00, 0x3E, 0x7C, 0x00, 0x1F, 0xBE, 0x00, 0x07, 0xFF, 0x00, 0x03, 0xFF, 
  0x80, 0x01, 0xFF, 0xC0, 0x00, 0xFF, 0xE0, 0x00, 0x7D, 0xF0, 0x00, 0x3E, 
  0xF8, 0x00, 0x3F, 0x7C, 0x00, 0x1F, 0xBF, 0x00, 0x0F, 0x8F, 0x80, 0x0F, 
  0xC7, 0xE0, 0x0F, 0xE1, 0xFC, 0x0F, 0xE0, 0xFF, 0xFF, 0xE0, 0x3F, 0xFF, 
  0xE0, 0x0F, 0xFF, 0xE0, 0x01, 0xFF, 0xE0, 0x00, 0x1F, 0x80, 0x00, 0x00, 
  0x07, 0x80, 0x00, 0x03, 0x80, 0x00, 0x03, 0xC0, 0x00, 0x01, 0xC0, 0x00, 
  0x01, 0xC0, 0x00, 0x00, 0x00, 0x00, 0x00, 0x00, 0x00, 0x00, 0xFF, 0x00, 
  0x03, 0xFF, 0xE0, 0x03, 0xFF, 0xF8, 0x03, 0xFF, 0xFF, 0x03, 0xFE, 0x7F, 
  0x83, 0xF8, 0x0F, 0xE1, 0xF8, 0x01, 0xF9, 0xF8, 0x00, 0xFC, 0xFC, 0x00, 
  0x3E, 0x7C, 0x00, 0x1F, 0xBE, 0x00, 0x07, 0xFF, 0x00, 0x03, 0xFF, 0x80, 
  0x01, 0xFF, 0xC0, 0x00, 0xFF, 0xE0, 0x00, 0x7D, 0xF0, 0x00, 0x3E, 0xF8, 
  0x00, 0x3F, 0x7C, 0x00, 0x1F, 0xBF, 0x00, 0x0F, 0x8F, 0x80, 0x0F, 0xC7, 
  0xE0, 0x0F, 0xE1, 0xFC, 0x0F, 0xE0, 0xFF, 0xFF, 0xE0, 0x3F, 0xFF, 0xE0, 
  0x0F, 0xFF, 0xE0, 0x01, 0xFF, 0xE0, 0x00, 0x1F, 0x80, 0x00, 0x00, 0x1E, 
  0x00, 0x00, 0x1F, 0x80, 0x00, 0x1D, 0xC0, 0x00, 0x1C, 0x70, 0x00, 0x0E, 
  0x1C, 0x00, 0x00, 0x00, 0x00, 0x00, 0x00, 0x00, 0x00, 0xFF, 0x00, 0x03, 
  0xFF, 0xE0, 0x03, 0xFF, 0xF8, 0x03, 0xFF, 0xFF, 0x03, 0xFE, 0x7F, 0x83, 
  0xF8, 0x0F, 0xE1, 0xF8, 0x01, 0xF9, 0xF8, 0x00, 0xFC, 0xFC, 0x00, 0x3E, 
  0x7C, 0x00, 0x1F, 0xBE, 0x00, 0x07, 0xFF, 0x00, 0x03, 0xFF, 0x80, 0x01, 
  0xFF, 0xC0, 0x00, 0xFF, 0xE0, 0x00, 0x7D, 0xF0, 0x00, 0x3E, 0xF8, 0x00, 
  0x3F, 0x7C, 0x00, 0x1F, 0xBF, 0x00, 0x0F, 0x8F, 0x80, 0x0F, 0xC7, 0xE0, 
  0x0F, 0xE1, 0xFC, 0x0F, 0xE0, 0xFF, 0xFF, 0xE0, 0x3F, 0xFF, 0xE0, 0x0F, 
  0xFF, 0xE0, 0x01, 0xFF, 0xE0, 0x00, 0x1F, 0x80, 0x00, 0x00, 0x40, 0x60, 
  0x00, 0x7E, 0x30, 0x00, 0x7F, 0xF8, 0x00, 0x39, 0xF8, 0x00, 0x18, 0x18, 
  0x00, 0x00, 0x00, 0x00, 0x00, 0x00, 0x00, 0x00, 0xFF, 0x00, 0x03, 0xFF, 
  0xE0, 0x03, 0xFF, 0xF8, 0x03, 0xFF, 0xFF, 0x03, 0xFE, 0x7F, 0x83, 0xF8, 
  0x0F, 0xE1, 0xF8, 0x01, 0xF9, 0xF8, 0x00, 0xFC, 0xFC, 0x00, 0x3E, 0x7C, 
  0x00, 0x1F, 0xBE, 0x00, 0x07, 0xFF, 0x00, 0x03, 0xFF, 0x80, 0x01, 0xFF, 
  0xC0, 0x00, 0xFF, 0xE0, 0x00, 0x7D, 0xF0, 0x00, 0x3E, 0xF8, 0x00, 0x3F, 
  0x7C, 0x00, 0x1F, 0xBF, 0x00, 0x0F, 0x8F, 0x80, 0x0F, 0xC7, 0xE0, 0x0F, 
  0xE1, 0xFC, 0x0F, 0xE0, 0xFF, 0xFF, 0xE0, 0x3F, 0xFF, 0xE0, 0x0F, 0xFF, 
  0xE0, 0x01, 0xFF, 0xE0, 0x00, 0x1F, 0x80, 0x00, 0x01, 0xE3, 0xC0, 0x00, 
  0xF1, 0xE0, 0x00, 0x78, 0xF0, 0x00, 0x3C, 0x78, 0x00, 0x1E, 0x3C, 0x00, 
  0x00, 0x00, 0x00, 0x00, 0x00, 0x00, 0x00, 0xFF, 0x00, 0x03, 0xFF, 0xE0, 
  0x03, 0xFF, 0xF8, 0x03, 0xFF, 0xFF, 0x03, 0xFE, 0x7F, 0x83, 0xF8, 0x0F, 
  0xE1, 0xF8, 0x01, 0xF9, 0xF8, 0x00, 0xFC, 0xFC, 0x00, 0x3E, 0x7C, 0x00, 
  0x1F, 0xBE, 0x00, 0x07, 0xFF, 0x00, 0x03, 0xFF, 0x80, 0x01, 0xFF, 0xC0, 
  0x00, 0xFF, 0xE0, 0x00, 0x7D, 0xF0, 0x00, 0x3E, 0xF8, 0x00, 0x3F, 0x7C, 
  0x00, 0x1F, 0xBF, 0x00, 0x0F, 0x8F, 0x80, 0x0F, 0xC7, 0xE0, 0x0F, 0xE1, 
  0xFC, 0x0F, 0xE0, 0xFF, 0xFF, 0xE0, 0x3F, 0xFF, 0xE0, 0x0F, 0xFF, 0xE0, 
  0x01, 0xFF, 0xE0, 0x00, 0x1F, 0x80, 0x00, 0x00, 0x00, 0x60, 0x31, 0xE0, 
  0xF7, 0xE3, 0xF7, 0xEF, 0xC7, 0xFF, 0x07, 0xFC, 0x07, 0xF0, 0x0F, 0xE0, 
  0x3F, 0xE0, 0xFF, 0xE3, 0xF7, 0xEF, 0xC7, 0xEF, 0x07, 0x8C, 0x06, 0x00, 
  0x00, 0x7F, 0x81, 0x80, 0xFF, 0xF8, 0xE0, 0x7F, 0xFF, 0x70, 0x3F, 0xFF, 
  0xFC, 0x1F, 0xF3, 0xFE, 0x0F, 0xE0, 0x3F, 0x83, 0xF0, 0x03, 0xF1, 0xF8, 
  0x01, 0xFC, 0x7C, 0x00, 0xFF, 0x1F, 0x00, 0x77, 0xEF, 0xC0, 0x39, 0xFB, 
  0xF0, 0x1C, 0x3E, 0xFC, 0x0E, 0x0F, 0xBF, 0x07, 0x03, 0xEF, 0xC3, 0xC0, 
  0xFB, 0xF1, 0xE0, 0x3E, 0xFC, 0xF0, 0x1F, 0x9F, 0x38, 0x07, 0xE7, 0xDC, 
  0x01, 0xF1, 0xFE, 0x00, 0xFC, 0x3F, 0x00, 0x7E, 0x0F, 0xE0, 0x3F, 0x81, 
  0xFF, 0xFF, 0xC0, 0xFF, 0xFF, 0xE0, 0x7F, 0xFF, 0xF0, 0x3C, 0x7F, 0xF0, 
  0x06, 0x07, 0xF0, 0x00, 0x07, 0xC0, 0x00, 0x3C, 0x00, 0x01, 0xE0, 0x00, 
  0x0E, 0x00, 0x00, 0x70, 0x00, 0x00, 0x00, 0x00, 0x00, 0x0F, 0x80, 0x1F, 
  0xF8, 0x01, 0xFF, 0x80, 0x1F, 0xF8, 0x01, 0xFF, 0x80, 0x1F, 0xF8, 0x01, 
  0xFF, 0x80, 0x1F, 0xF8, 0x01, 0xFF, 0x80, 0x1F, 0xF8, 0x01, 0xFF, 0x80, 
  0x1F, 0xF8, 0x01, 0xFF, 0x80, 0x1F, 0xF8, 0x01, 0xFF, 0x80, 0x1F, 0xF8, 
  0x01, 0xFF, 0x80, 0x1F, 0xF8, 0x01, 0xFF, 0x80, 0x1F, 0xF8, 0x03, 0xFF, 
  0xC0, 0x3F, 0xFE, 0x07, 0xE7, 0xFF, 0xFE, 0x7F, 0xFF, 0xC3, 0xFF, 0xF8, 
  0x0F, 0xFF, 0x00, 0x1F, 0x80, 0x00, 0x3C, 0x00, 0x03, 0xC0, 0x00, 0x78, 
  0x00, 0x07, 0x00, 0x00, 0xE0, 0x00, 0x00, 0x00, 0x00, 0x00, 0x0F, 0x80, 
  0x1F, 0xF8, 0x01, 0xFF, 0x80, 0x1F, 0xF8, 0x01, 0xFF, 0x80, 0x1F, 0xF8, 
  0x01, 0xFF, 0x80, 0x1F, 0xF8, 0x01, 0xFF, 0x80, 0x1F, 0xF8, 0x01, 0xFF, 
  0x80, 0x1F, 0xF8, 0x01, 0xFF, 0x80, 0x1F, 0xF8, 0x01, 0xFF, 0x80, 0x1F, 
  0xF8, 0x01, 0xFF, 0x80, 0x1F, 0xF8, 0x01, 0xFF, 0x80, 0x1F, 0xF8, 0x03, 
  0xFF, 0xC0, 0x3F, 0xFE, 0x07, 0xE7, 0xFF, 0xFE, 0x7F, 0xFF, 0xC3, 0xFF, 
  0xF8, 0x0F, 0xFF, 0x00, 0x1F, 0x80, 0x00, 0xF0, 0x00, 0x1F, 0x80, 0x03, 
  0xBC, 0x00, 0x31, 0xC0, 0x07, 0x0E, 0x00, 0x00, 0x00, 0x00, 0x00, 0x0F, 
  0x80, 0x1F, 0xF8, 0x01, 0xFF, 0x80, 0x1F, 0xF8, 0x01, 0xFF, 0x80, 0x1F, 
  0xF8, 0x01, 0xFF, 0x80, 0x1F, 0xF8, 0x01, 0xFF, 0x80, 0x1F, 0xF8, 0x01, 
  0xFF, 0x80, 0x1F, 0xF8, 0x01, 0xFF, 0x80, 0x1F, 0xF8, 0x01, 0xFF, 0x80, 
  0x1F, 0xF8, 0x01, 0xFF, 0x80, 0x1F, 0xF8, 0x01, 0xFF, 0x80, 0x1F, 0xF8, 
  0x03, 0xFF, 0xC0, 0x3F, 0xFE, 0x07, 0xE7, 0xFF, 0xFE, 0x7F, 0xFF, 0xC3, 
  0xFF, 0xF8, 0x0F, 0xFF, 0x00, 0x1F, 0x80, 0x0F, 0x1E, 0x00, 0xF1, 0xE0, 
  0x0F, 0x1E, 0x00, 0xF1, 0xE0, 0x00, 0x00, 0x00, 0x00, 0x00, 0xF8, 0x01, 
  0xFF, 0x80, 0x1F, 0xF8, 0x01, 0xFF, 0x80, 0x1F, 0xF8, 0x01, 0xFF, 0x80, 
  0x1F, 0xF8, 0x01, 0xFF, 0x80, 0x1F, 0xF8, 0x01, 0xFF, 0x80, 0x1F, 0xF8, 
  0x01, 0xFF, 0x80, 0x1F, 0xF8, 0x01, 0xFF, 0x80, 0x1F, 0xF8, 0x01, 0xFF, 
  0x80, 0x1F, 0xF8, 0x01, 0xFF, 0x80, 0x1F, 0xF8, 0x01, 0xFF, 0x80, 0x3F, 
  0xFC, 0x03, 0xFF, 0xE0, 0x7E, 0x7F, 0xFF, 0xE7, 0xFF, 0xFC, 0x3F, 0xFF, 
  0x80, 0xFF, 0xF0, 0x01, 0xF8, 0x00, 0x00, 0x1E, 0x00, 0x00, 0x78, 0x00, 
  0x03, 0xC0, 0x00, 0x0E, 0x00, 0x00, 0x70, 0x00, 0x00, 0x00, 0x00, 0x00, 
  0x00, 0x3F, 0x00, 0x3F, 0x7C, 0x01, 0xF9, 0xF8, 0x07, 0xE3, 0xE0, 0x1F, 
  0x0F, 0xC0, 0xFC, 0x1F, 0x03, 0xE0, 0x7E, 0x1F, 0x80, 0xF8, 0x7C, 0x03, 
  0xF3, 0xF0, 0x07, 0xCF, 0x80, 0x1F, 0xBE, 0x00, 0x3F, 0xF0, 0x00, 0xFF, 
  0xC0, 0x01, 0xFE, 0x00, 0x07, 0xF8, 0x00, 0x0F, 0xC0, 0x00, 0x3F, 0x00, 
  0x00, 0xFC, 0x00, 0x03, 0xF0, 0x00, 0x0F, 0xC0, 0x00, 0x3F, 0x00, 0x00, 
  0xFC, 0x00, 0x03, 0xF0, 0x00, 0x0F, 0xC0, 0x00, 0x3F, 0x00, 0x00, 0xFC, 
  0x00, 0xF8, 0x00, 0x1F, 0x00, 0x03, 0xE0, 0x00, 0x7C, 0x00, 0x0F, 0x80, 
  0x01, 0xFF, 0xFE, 0x3F, 0xFF, 0xE7, 0xFF, 0xFE, 0xFF, 0xFF, 0xFF, 0x01, 
  0xFF, 0xE0, 0x1F, 0xFC, 0x01, 0xFF, 0x80, 0x3F, 0xF0, 0x07, 0xFE, 0x00, 
  0xFF, 0xC0, 0x3F, 0xF8, 0x1F, 0xFF, 0xFF, 0xFB, 0xFF, 0xFE, 0x7F, 0xFF, 
  0x8F, 0xFF, 0xE1, 0xF0, 0x00, 0x3E, 0x00, 0x07, 0xC0, 0x00, 0xF8, 0x00, 
  0x1F, 0x00, 0x00, 0x03, 0xC0, 0x07, 0xFF, 0x03, 0xFF, 0xE1, 0xFF, 0xFC, 
  0x7E, 0x3F, 0x1F, 0x07, 0xEF, 0x80, 0xFB, 0xE0, 0x3E, 0xF8, 0x0F, 0xBE, 
  0x07, 0xCF, 0x8F, 0xE3, 0xE3, 0xF0, 0xF8, 0xFF, 0x3E, 0x3F, 0xEF, 0x81, 
  0xFF, 0xE0, 0x1F, 0xF8, 0x07, 0xFE, 0x01, 0xFF, 0x80, 0x7F, 0xE0, 0x1F, 
  0xF8, 0x07, 0xFE, 0x03, 0xFF, 0x8F, 0xFB, 0xE3, 0xFE, 0xF8, 0xFF, 0x3E, 
  0x3F, 0x80, 0x07, 0x00, 0x0F, 0x00, 0x03, 0xC0, 0x01, 0xE0, 0x00, 0x78, 
  0x00, 0x1C, 0x00, 0x07, 0x00, 0x00, 0x00, 0x00, 0x00, 0x0F, 0xF8, 0x1F, 
  0xFF, 0x0F, 0xFF, 0xCF, 0xFF, 0xE7, 0xC1, 0xF7, 0xC0, 0xF8, 0x00, 0x7C, 
  0x00, 0xFE, 0x0F, 0xFF, 0x1F, 0xFF, 0x9F, 0xF7, 0xDF, 0x83, 0xEF, 0x81, 
  0xF7, 0xC0, 0xFB, 0xE0, 0x7D, 0xF8, 0xFE, 0xFF, 0xFF, 0x3F, 0xF7, 0xCF, 
  0xF3, 0xE1, 0xE0, 0x00, 0x00, 0x78, 0x00, 0x7C, 0x00, 0x3C, 0x00, 0x1C, 
  0x00, 0x1C, 0x00, 0x0C, 0x00, 0x00, 0x00, 0x00, 0x00, 0x0F, 0xF8, 0x1F, 
  0xFF, 0x0F, 0xFF, 0xCF, 0xFF, 0xE7, 0xC1, 0xF7, 0xC0, 0xF8, 0x00, 0x7C, 
  0x00, 0xFE, 0x0F, 0xFF, 0x1F, 0xFF, 0x9F, 0xF7, 0xDF, 0x83, 0xEF, 0x81, 
  0xF7, 0xC0, 0xFB, 0xE0, 0x7D, 0xF8, 0xFE, 0xFF, 0xFF, 0x3F, 0xF7, 0xCF, 
  0xF3, 0xE1, 0xE0, 0x00, 0x01, 0xE0, 0x01, 0xF0, 0x01, 0xDC, 0x01, 0xC7, 
  0x00, 0xE1, 0x80, 0xE0, 0xE0, 0x00, 0x00, 0x00, 0x00, 0x0F, 0xF8, 0x1F, 
  0xFF, 0x0F, 0xFF, 0xCF, 0xFF, 0xE7, 0xC1, 0xF7, 0xC0, 0xF8, 0x00, 0x7C, 
  0x00, 0xFE, 0x0F, 0xFF, 0x1F, 0xFF, 0x9F, 0xF7, 0xDF, 0x83, 0xEF, 0x81, 
  0xF7, 0xC0, 0xFB, 0xE0, 0x7D, 0xF8, 0xFE, 0xFF, 0xFF, 0x3F, 0xF7, 0xCF, 
  0xF3, 0xE1, 0xE0, 0x00, 0x0F, 0x0E, 0x0F, 0xFF, 0x07, 0xFF, 0x07, 0x0F, 
  0x00, 0x00, 0x00, 0x00, 0x00, 0x00, 0x00, 0x1F, 0xF0, 0x3F, 0xFE, 0x1F, 
  0xFF, 0x9F, 0xFF, 0xCF, 0x83, 0xEF, 0x81, 0xF0, 0x00, 0xF8, 0x01, 0xFC, 
  0x1F, 0xFE, 0x3F, 0xFF, 0x3F, 0xEF, 0xBF, 0x07, 0xDF, 0x03, 0xEF, 0x81, 
  0xF7, 0xC0, 0xFB, 0xF1, 0xFD, 0xFF, 0xFE, 0x7F, 0xEF, 0x9F, 0xE7, 0xC3, 
  0xC0, 0x00, 0x1E, 0x3C, 0x0F, 0x1E, 0x07, 0x8F, 0x03, 0xC7, 0x80, 0x00, 
  0x00, 0x00, 0x00, 0x00, 0x00, 0x1F, 0xF0, 0x3F, 0xFE, 0x1F, 0xFF, 0x9F, 
  0xFF, 0xCF, 0x83, 0xEF, 0x81, 0xF0, 0x00, 0xF8, 0x01, 0xFC, 0x1F, 0xFE, 
  0x3F, 0xFF, 0x3F, 0xEF, 0xBF, 0x07, 0xDF, 0x03, 0xEF, 0x81, 0xF7, 0xC0, 
  0xFB, 0xF1, 0xFD, 0xFF, 0xFE, 0x7F, 0xEF, 0x9F, 0xE7, 0xC3, 0xC0, 0x00, 
  0x01, 0xC0, 0x01, 0xF0, 0x01, 0x8C, 0x00, 0xC6, 0x00, 0x3E, 0x00, 0x0F, 
  0x00, 0x00, 0x00, 0x00, 0x00, 0x0F, 0xF8, 0x1F, 0xFF, 0x0F, 0xFF, 0xCF, 
  0xFF, 0xE7, 0xC1, 0xF7, 0xC0, 0xF8, 0x00, 0x7C, 0x00, 0xFE, 0x0F, 0xFF, 
  0x1F, 0xFF, 0x9F, 0xF7, 0xDF, 0x83, 0xEF, 0x81, 0xF7, 0xC0, 0xFB, 0xE0, 
  0x7D, 0xF8, 0xFE, 0xFF, 0xFF, 0x3F, 0xF7, 0xCF, 0xF3, 0xE1, 0xE0, 0x00, 
  0x0F, 0xF8, 0xFF, 0x01, 0xFF, 0xFF, 0xFE, 0x0F, 0xFF, 0xFF, 0xF8, 0xFF, 
  0xFF, 0xEF, 0xE7, 0xC1, 0xFC, 0x1F, 0x3C, 0x0F, 0xC0, 0x7C, 0x00, 0x7E, 
  0x03, 0xE0, 0x1F, 0xE0, 0x1F, 0x0F, 0xFF, 0xFF, 0xF9, 0xFF, 0xFF, 0xFF, 
  0xDF, 0xF7, 0xFF, 0xFF, 0xF8, 0x3E, 0x00, 0x0F, 0x81, 0xF8, 0x00, 0x7C, 
  0x0F, 0xC0, 0x03, 0xE0, 0x7E, 0x03, 0xFF, 0x8F, 0xF8, 0x7E, 0xFF, 0xFF, 
  0xFF, 0xF3, 0xFF, 0x9F, 0xFF, 0x0F, 0xF8, 0x7F, 0xE0, 0x1F, 0x00, 0x78, 
  0x00, 0x07, 0xF8, 0x0F, 0xFF, 0x0F, 0xFF, 0xC7, 0xFF, 0xE7, 0xE1, 0xFB, 
  0xE0, 0x7D, 0xF0, 0x3F, 0xF0, 0x00, 0xF8, 0x00, 0x7C, 0x00, 0x3E, 0x00, 
  0x1F, 0x00, 0x0F, 0x80, 0x7B, 0xE0, 0x7D, 0xF0, 0x3E, 0xFE, 0x3F, 0x3F, 
  0xFF, 0x0F, 0xFF, 0x03, 0xFF, 0x00, 0x3E, 0x00, 0x18, 0x00, 0x0F, 0x80, 
  0x09, 0xE0, 0x00, 0x70, 0x08, 0x78, 0x0F, 0xF8, 0x00, 0xF0, 0x00, 0x0F, 
  0x00, 0x01, 0xE0, 0x00, 0x78, 0x00, 0x0F, 0x00, 0x01, 0xC0, 0x00, 0x38, 
  0x00, 0x00, 0x00, 0x00, 0x00, 0x07, 0xF8, 0x07, 0xFF, 0x03, 0xFF, 0xE1, 
  0xFD, 0xFC, 0x7C, 0x1F, 0x3E, 0x03, 0xEF, 0x80, 0xFB, 0xE0, 0x3E, 0xFF, 
  0xFF, 0xBF, 0xFF, 0xEF, 0xFF, 0xFB, 0xE0, 0x00, 0xF8, 0x00, 0x3E, 0x00, 
  0x0F, 0x80, 0xF9, 0xF0, 0x7C, 0x3F, 0xFF, 0x0F, 0xFF, 0x80, 0xFF, 0xC0, 
  0x0F, 0x80, 0x00, 0x7C, 0x00, 0x1E, 0x00, 0x0F, 0x00, 0x03, 0x80, 0x01, 
  0xC0, 0x00, 0x60, 0x00, 0x00, 0x00, 0x00, 0x00, 0x07, 0xF8, 0x07, 0xFF, 
  0x03, 0xFF, 0xE1, 0xFD, 0xFC, 0x7C, 0x1F, 0x3E, 0x03, 0xEF, 0x80, 0xFB, 
  0xE0, 0x3E, 0xFF, 0xFF, 0xBF, 0xFF, 0xEF, 0xFF, 0xFB, 0xE0, 0x00, 0xF8, 
  0x00, 0x3E, 0x00, 0x0F, 0x80, 0xF9, 0xF0, 0x7C, 0x3F, 0xFF, 0x0F, 0xFF, 
  0x80, 0xFF, 0xC0, 0x0F, 0x80, 0x01, 0xE0, 0x00, 0xFC, 0x00, 0x7F, 0x00, 
  0x1C, 0xE0, 0x0E, 0x1C, 0x07, 0x03, 0x00, 0x00, 0x00, 0x00, 0x00, 0x07, 
  0xF8, 0x07, 0xFF, 0x03, 0xFF, 0xE1, 0xFD, 0xFC, 0x7C, 0x1F, 0x3E, 0x03, 
  0xEF, 0x80, 0xFB, 0xE0, 0x3E, 0xFF, 0xFF, 0xBF, 0xFF, 0xEF, 0xFF, 0xFB, 
  0xE0, 0x00, 0xF8, 0x00, 0x3E, 0x00, 0x0F, 0x80, 0xF9, 0xF0, 0x7C, 0x3F, 
  0xFF, 0x0F, 0xFF, 0x80, 0xFF, 0xC0, 0x0F, 0x80, 0x1E, 0x3C, 0x07, 0x8F, 
  0x01, 0xE3, 0xC0, 0x78, 0xF0, 0x00, 0x00, 0x00, 0x00, 0x00, 0x00, 0x00, 
  0x1F, 0xE0, 0x1F, 0xFC, 0x0F, 0xFF, 0x87, 0xF7, 0xF1, 0xF0, 0x7C, 0xF8, 
  0x0F, 0xBE, 0x03, 0xEF, 0x80, 0xFB, 0xFF, 0xFE, 0xFF, 0xFF, 0xBF, 0xFF, 
  0xEF, 0x80, 0x03, 0xE0, 0x00, 0xF8, 0x00, 0x3E, 0x03, 0xE7, 0xC1, 0xF0, 
  0xFF, 0xFC, 0x3F, 0xFE, 0x03, 0xFF, 0x00, 0x3E, 0x00, 0xF0, 0xF1, 0xE1, 
  0xE1, 0xC1, 0xC0, 0x00, 0x3E, 0x7C, 0xF9, 0xF3, 0xE7, 0xCF, 0x9F, 0x3E, 
  0x7C, 0xF9, 0xF3, 0xE7, 0xCF, 0x9F, 0x3E, 0x7C, 0xF8, 0x0F, 0x1E, 0x1C, 
  0x3C, 0x38, 0x70, 0x00, 0x00, 0xF8, 0xF8, 0xF8, 0xF8, 0xF8, 0xF8, 0xF8, 
  0xF8, 0xF8, 0xF8, 0xF8, 0xF8, 0xF8, 0xF8, 0xF8, 0xF8, 0xF8, 0xF8, 0xF8, 
  0x0F, 0x01, 0xF8, 0x1F, 0x83, 0x9C, 0x70, 0xEE, 0x06, 0x00, 0x00, 0x00, 
  0x1F, 0x01, 0xF0, 0x1F, 0x01, 0xF0, 0x1F, 0x01, 0xF0, 0x1F, 0x01, 0xF0, 
  0x1F, 0x01, 0xF0, 0x1F, 0x01, 0xF0, 0x1F, 0x01, 0xF0, 0x1F, 0x01, 0xF0, 
  0x1F, 0x01, 0xF0, 0x1F, 0x00, 0xF1, 0xFE, 0x3F, 0xC7, 0xF8, 0xF0, 0x00, 
  0x00, 0x00, 0x00, 0xF8, 0x1F, 0x03, 0xE0, 0x7C, 0x0F, 0x81, 0xF0, 0x3E, 
  0x07, 0xC0, 0xF8, 0x1F, 0x03, 0xE0, 0x7C, 0x0F, 0x81, 0xF0, 0x3E, 0x07, 
  0xC0, 0xF8, 0x1F, 0x03, 0xE0, 0x06, 0x1C, 0x03, 0xF7, 0x00, 0x1F, 0xC0, 
  0x01, 0xF8, 0x00, 0x7F, 0xC0, 0x0C, 0x7C, 0x00, 0x07, 0xC0, 0x1F, 0xF8, 
  0x0F, 0xFF, 0x83, 0xFF, 0xF8, 0xFF, 0xFF, 0x3F, 0x87, 0xE7, 0xC0, 0x7E, 
  0xF8, 0x0F, 0xFE, 0x00, 0xFF, 0xC0, 0x1F, 0xF8, 0x03, 0xFF, 0x00, 0x7F, 
  0xE0, 0x0F, 0xFE, 0x01, 0xF7, 0xC0, 0x7E, 0xFC, 0x0F, 0x8F, 0xC7, 0xF1, 
  0xFF, 0xFC, 0x1F, 0xFF, 0x01, 0xFF, 0xC0, 0x07, 0xE0, 0x00, 0x0F, 0x8E, 
  0x0F, 0xFF, 0x07, 0xFF, 0x07, 0x0F, 0x00, 0x00, 0x00, 0x00, 0x00, 0x00, 
  0x01, 0xF3, 0xF8, 0xFB, 0xFF, 0x7F, 0xFF, 0xBF, 0xFF, 0xFF, 0xC3, 0xFF, 
  0xC0, 0xFF, 0xC0, 0x7F, 0xE0, 0x3F, 0xF0, 0x1F, 0xF8, 0x0F, 0xFC, 0x07, 
  0xFE, 0x03, 0xFF, 0x01, 0xFF, 0x80, 0xFF, 0xC0, 0x7F, 0xE0, 0x3F, 0xF0, 
  0x1F, 0xF8, 0x0F, 0xFC, 0x07, 0xC0, 0x07, 0x80, 0x00, 0x78, 0x00, 0x07, 
  0x00, 0x00, 0xF0, 0x00, 0x0E, 0x00, 0x00, 0xE0, 0x00, 0x00, 0x00, 0x00, 
  0x00, 0x07, 0xFC, 0x01, 0xFF, 0xE0, 0x7F, 0xFE, 0x1F, 0xFF, 0xC7, 0xE0, 
  0xFC, 0xF8, 0x0F, 0x9F, 0x00, 0xFF, 0xC0, 0x1F, 0xF8, 0x03, 0xFF, 0x00, 
  0x7F, 0xE0, 0x0F, 0xFC, 0x01, 0xFF, 0xC0, 0x3E, 0xF8, 0x0F, 0xDF, 0x81, 
  0xF1, 0xF8, 0xFE, 0x3F, 0xFF, 0x83, 0xFF, 0xE0, 0x3F, 0xF8, 0x00, 0xF8, 
  0x00, 0x00, 0x3C, 0x00, 0x07, 0x80, 0x01, 0xE0, 0x00, 0x38, 0x00, 0x0E, 
  0x00, 0x01, 0x80, 0x00, 0x00, 0x00, 0x00, 0x00, 0x07, 0xFC, 0x01, 0xFF, 
  0xE0, 0x7F, 0xFE, 0x1F, 0xFF, 0xC7, 0xE0, 0xFC, 0xF8, 0x0F, 0x9F, 0x00, 
  0xFF, 0xC0, 0x1F, 0xF8, 0x03, 0xFF, 0x00, 0x7F, 0xE0, 0x0F, 0xFC, 0x01, 
  0xFF, 0xC0, 0x3E, 0xF8, 0x0F, 0xDF, 0x81, 0xF1, 0xF8, 0xFE, 0x3F, 0xFF, 
  0x83, 0xFF, 0xE0, 0x3F, 0xF8, 0x00, 0xF8, 0x00, 0x00, 0xF0, 0x00, 0x3E, 
  0x00, 0x0E, 0xE0, 0x03, 0x8E, 0x00, 0x70, 0xE0, 0x1C, 0x1C, 0x00, 0x00, 
  0x00, 0x00, 0x00, 0x07, 0xFC, 0x01, 0xFF, 0xE0, 0x7F, 0xFE, 0x1F, 0xFF, 
  0xC7, 0xE0, 0xFC, 0xF8, 0x0F, 0x9F, 0x00, 0xFF, 0xC0, 0x1F, 0xF8, 0x03, 
  0xFF, 0x00, 0x7F, 0xE0, 0x0F, 0xFC, 0x01, 0xFF, 0xC0, 0x3E, 0xF8, 0x0F, 
  0xDF, 0x81, 0xF1, 0xF8, 0xFE, 0x3F, 0xFF, 0x83, 0xFF, 0xE0, 0x3F, 0xF8, 
  0x00, 0xF8, 0x00, 0x07, 0xC3, 0x01, 0xFF, 0xE0, 0x3F, 0xF8, 0x06, 0x1F, 
  0x00, 0x00, 0x00, 0x00, 0x00, 0x00, 0x00, 0x00, 0x3F, 0xE0, 0x0F, 0xFF, 
  0x03, 0xFF, 0xF0, 0xFF, 0xFE, 0x3F, 0x07, 0xE7, 0xC0, 0x7C, 0xF8, 0x07, 
  0xFE, 0x00, 0xFF, 0xC0, 0x1F, 0xF8, 0x03, 0xFF, 0x00, 0x7F, 0xE0, 0x0F, 
  0xFE, 0x01, 0xF7, 0xC0, 0x7E, 0xFC, 0x0F, 0x8F, 0xC7, 0xF1, 0xFF, 0xFC, 
  0x1F, 0xFF, 0x01, 0xFF, 0xC0, 0x07, 0xC0, 0x00, 0x0F, 0x1E, 0x01, 0xE3, 
  0xC0, 0x3C, 0x78, 0x07, 0x8F, 0x00, 0x00, 0x00, 0x00, 0x00, 0x00, 0x00, 
  0x00, 0x3F, 0xE0, 0x0F, 0xFF, 0x03, 0xFF, 0xF0, 0xFF, 0xFE, 0x3F, 0x07, 
  0xE7, 0xC0, 0x7C, 0xF8, 0x07, 0xFE, 0x00, 0xFF, 0xC0, 0x1F, 0xF8, 0x03, 
  0xFF, 0x00, 0x7F, 0xE0, 0x0F, 0xFE, 0x01, 0xF7, 0xC0, 0x7E, 0xFC, 0x0F, 
  0x8F, 0xC7, 0xF1, 0xFF, 0xFC, 0x1F, 0xFF, 0x01, 0xFF, 0xC0, 0x07, 0xC0, 
  0x00, 0x03, 0xC0, 0x01, 0xE0, 0x00, 0xF0, 0x00, 0x78, 0x00, 0x3C, 0x00, 
  0x00, 0x00, 0x00, 0x01, 0xFF, 0xFF, 0xFF, 0xFF, 0xFF, 0xFF, 0xFF, 0xFF, 
  0xE0, 0x00, 0x00, 0x00, 0x00, 0x1E, 0x00, 0x0F, 0x00, 0x07, 0x80, 0x03, 
  0xC0, 0x00, 0x00, 0x00, 0x10, 0x1F, 0xF1, 0xC1, 0xFF, 0xFC, 0x1F, 0xFF, 
  0xC1, 0xFF, 0xFE, 0x1F, 0x83, 0xF0, 0xF8, 0x0F, 0xC7, 0xC0, 0xFE, 0x7C, 
  0x0F, 0xF3, 0xE0, 0xEF, 0x9F, 0x0E, 0x7C, 0xF8, 0xE3, 0xE7, 0xCE, 0x1F, 
  0x3F, 0xE0, 0xF8, 0xFE, 0x0F, 0xC7, 0xE0, 0x7C, 0x1F, 0x8F, 0xE0, 0xFF, 
  0xFE, 0x0F, 0xFF, 0xE0, 0xEF, 0xFE, 0x06, 0x0F, 0x80, 0x00, 0x0F, 0x00, 
  0x03, 0xC0, 0x00, 0xE0, 0x00, 0x78, 0x00, 0x1C, 0x00, 0x07, 0x00, 0x00, 
  0x00, 0x00, 0x00, 0xF8, 0x0F, 0xFC, 0x07, 0xFE, 0x03, 0xFF, 0x01, 0xFF, 
  0x80, 0xFF, 0xC0, 0x7F, 0xE0, 0x3F, 0xF0, 0x1F, 0xF8, 0x0F, 0xFC, 0x07, 
  0xFE, 0x03, 0xFF, 0x01, 0xFF, 0x80, 0xFF, 0xC0, 0x7F, 0xF0, 0x7F, 0xFC, 
  0xFF, 0x7F, 0xFF, 0xBF, 0xFF, 0xCF, 0xFB, 0xE0, 0xF0, 0x00, 0x00, 0x78, 
  0x00, 0x78, 0x00, 0x3C, 0x00, 0x1C, 0x00, 0x1C, 0x00, 0x0C, 0x00, 0x00, 
  0x00, 0x00, 0x00, 0xF8, 0x0F, 0xFC, 0x07, 0xFE, 0x03, 0xFF, 0x01, 0xFF, 
  0x80, 0xFF, 0xC0, 0x7F, 0xE0, 0x3F, 0xF0, 0x1F, 0xF8, 0x0F, 0xFC, 0x07, 
  0xFE, 0x03, 0xFF, 0x01, 0xFF, 0x80, 0xFF, 0xC0, 0x7F, 0xF0, 0x7F, 0xFC, 
  0xFF, 0x7F, 0xFF, 0xBF, 0xFF, 0xCF, 0xFB, 0xE0, 0xF0, 0x00, 0x01, 0xE0, 
  0x01, 0xF0, 0x01, 0xDC, 0x01, 0xC7, 0x00, 0xE3, 0x80, 0xE0, 0xE0, 0x00, 
  0x00, 0x00, 0x00, 0xF8, 0x0F, 0xFC, 0x07, 0xFE, 0x03, 0xFF, 0x01, 0xFF, 
  0x80, 0xFF, 0xC0, 0x7F, 0xE0, 0x3F, 0xF0, 0x1F, 0xF8, 0x0F, 0xFC, 0x07, 
  0xFE, 0x03, 0xFF, 0x01, 0xFF, 0x80, 0xFF, 0xC0, 0x7F, 0xF0, 0x7F, 0xFC, 
  0xFF, 0x7F, 0xFF, 0xBF, 0xFF, 0xCF, 0xFB, 0xE0, 0xF0, 0x00, 0x1E, 0x3C, 
  0x0F, 0x1E, 0x07, 0x8F, 0x03, 0xC7, 0x80, 0x00, 0x00, 0x00, 0x00, 0x00, 
  0x01, 0xF0, 0x1F, 0xF8, 0x0F, 0xFC, 0x07, 0xFE, 0x03, 0xFF, 0x01, 0xFF, 
  0x80, 0xFF, 0xC0, 0x7F, 0xE0, 0x3F, 0xF0, 0x1F, 0xF8, 0x0F, 0xFC, 0x07, 
  0xFE, 0x03, 0xFF, 0x01, 0xFF, 0x80, 0xFF, 0xE0, 0xFF, 0xF9, 0xFE, 0xFF, 
  0xFF, 0x7F, 0xFF, 0x9F, 0xF7, 0xC1, 0xE0, 0x00, 0x00, 0x3C, 0x00, 0x0F, 
  0x80, 0x01, 0xE0, 0x00, 0x38, 0x00, 0x0E, 0x00, 0x01, 0x80, 0x00, 0x00, 
  0x00, 0x00, 0x00, 0xFC, 0x03, 0xEF, 0x80, 0xF9, 0xF8, 0x1F, 0x1F, 0x03, 
  0xE3, 0xE0, 0x78, 0x7C, 0x1F, 0x07, 0xC3, 0xE0, 0xF8, 0x78, 0x1F, 0x1F, 
  0x01, 0xF3, 0xE0, 0x3E, 0x78, 0x07, 0xCF, 0x00, 0x7F, 0xE0, 0x0F, 0xF8, 
  0x01, 0xFF, 0x00, 0x1F, 0xE0, 0x03, 0xF8, 0x00, 0x3F, 0x00, 0x07, 0xE0, 
  0x00, 0xF8, 0x00, 0x1F, 0x00, 0x03, 0xC0, 0x00, 0xF8, 0x00, 0xFF, 0x00, 
  0x1F, 0xC0, 0x03, 0xF0, 0x00, 0x70, 0x00, 0x00, 0xF8, 0x00, 0x3E, 0x00, 
  0x0F, 0x80, 0x03, 0xE0, 0x00, 0xF8, 0x00, 0x3E, 0x00, 0x0F, 0x80, 0x03, 
  0xE7, 0xF0, 0xFB, 0xFE, 0x3F, 0xFF, 0xCF, 0xFF, 0xFB, 0xF8, 0x7E, 0xFC, 
  0x0F, 0xFF, 0x01, 0xFF, 0x80, 0x7F, 0xE0, 0x1F, 0xF8, 0x07, 0xFE, 0x01, 
  0xFF, 0x80, 0x7F, 0xE0, 0x1F, 0xFC, 0x0F, 0xFF, 0x03, 0xEF, 0xF3, 0xFB, 
  0xFF, 0xFC, 0xFF, 0xFF, 0x3E, 0xFF, 0x0F, 0x8F, 0x03, 0xE0, 0x00, 0xF8, 
  0x00, 0x3E, 0x00, 0x0F, 0x80, 0x03, 0xE0, 0x00, 0xF8, 0x00, 0x3E, 0x00, 
  0x00, 0x0F, 0x1E, 0x01, 0xE3, 0xC0, 0x3C, 0x78, 0x07, 0x8F, 0x00, 0x00, 
  0x00, 0x00, 0x00, 0x00, 0x00, 0x07, 0xE0, 0x1F, 0x7C, 0x07, 0xCF, 0xC0, 
  0xF8, 0xF8, 0x1F, 0x1F, 0x03, 0xC3, 0xE0, 0xF8, 0x3E, 0x1F, 0x07, 0xC3, 
  0xC0, 0xF8, 0xF8, 0x0F, 0x9F, 0x01, 0xF3, 0xC0, 0x3E, 0x78, 0x03, 0xFF, 
  0x00, 0x7F, 0xC0, 0x0F, 0xF8, 0x00, 0xFF, 0x00, 0x1F, 0xC0, 0x01, 0xF8, 
  0x00, 0x3F, 0x00, 0x07, 0xC0, 0x00, 0xF8, 0x00, 0x1E, 0x00, 0x07, 0xC0, 
  0x07, 0xF8, 0x00, 0xFE, 0x00, 0x1F, 0x80, 0x03, 0x80, 0x00, 
};

const GFXglyph FreeSansBold18pt8bGlyphs[] PROGMEM = {
  { 0, 1, 1, 10, 0, -1 },
  { 1, 5, 26, 12, 4, -26 },
  { 18, 13, 9, 17, 2, -26 },
  { 33, 19, 26, 20, 0, -25 },
  { 95, 18, 31, 20, 1, -27 },
  { 165, 29, 26, 31, 1, -25 },
  { 260, 22, 26, 25, 2, -25 },
  { 332, 5, 9, 8, 2, -26 },
  { 338, 10, 33, 12, 1, -26 },
  { 380, 9, 33, 12, 1, -26 },
  { 418, 12, 12, 14, 1, -26 },
  { 436, 17, 17, 21, 2, -17 },
  { 473, 6, 11, 10, 2, -5 },
  { 482, 10, 5, 12, 1, -12 },
  { 489, 6, 5, 10, 2, -5 },
  { 493, 10, 26, 10, 0, -25 },
  { 526, 17, 27, 20, 1, -26 },
  { 584, 11, 25, 20, 2, -25 },
  { 619, 17, 26, 20, 1, -26 },
  { 675, 17, 27, 20, 1, -26 },
  { 733, 17, 25, 20, 1, -25 },
  { 787, 17, 26, 20, 1, -25 },
  { 843, 17, 27, 20, 1, -26 },
  { 901, 18, 25, 20, 1, -25 },
  { 958, 18, 27, 20, 1, -26 },
  { 1019, 17, 27, 20, 1, -26 },
  { 1077, 5, 18, 12, 4, -18 },
  { 1089, 5, 24, 12, 4, -18 },
  { 1104, 18, 17, 21, 1, -17 },
  { 1143, 17, 12, 21, 2, -14 },
  { 1169, 18, 17, 21, 1, -17 },
  { 1208, 18, 26, 22, 2, -26 },
  { 1267, 32, 31, 34, 1, -26 },
  { 1391, 24, 26, 25, 1, -26 },
  { 1469, 20, 26, 25, 3, -26 },
  { 1534, 22, 27, 25, 2, -26 },
  { 1609, 21, 26, 25, 3, -26 },
  { 1678, 19, 26, 24, 3, -26 },
  { 1740, 18, 26, 22, 3, -26 },
  { 1799, 24, 27, 27, 1, -26 },
  { 1880, 21, 26, 25, 2, -26 },
  { 1949, 6, 26, 10, 2, -26 },
  { 1969, 16, 27, 20, 1, -26 },
  { 2023, 22, 26, 25, 3, -26 },
  { 2095, 17, 26, 22, 3, -26 },
  { 2151, 25, 26, 29, 2, -26 },
  { 2233, 21, 26, 25, 2, -26 },
  { 2302, 25, 27, 27, 1, -26 },
  { 2387, 19, 26, 24, 3, -26 },
  { 2449, 24, 28, 27, 2, -26 },
  { 2533, 21, 26, 25, 3, -26 },
  { 2602, 21, 27, 24, 1, -26 },
  { 2673, 21, 26, 22, 0, -26 },
  { 2742, 20, 27, 25, 3, -26 },
  { 2810, 22, 26, 24, 1, -26 },
  { 2882, 33, 26, 33, 0, -26 },
  { 2990, 22, 26, 24, 1, -26 },
  { 3062, 22, 26, 24, 1, -26 },
  { 3134, 19, 26, 22, 1, -26 },
  { 3196, 9, 33, 12, 2, -26 },
  { 3234, 10, 26, 10, 0, -25 },
  { 3267, 8, 33, 12, 1, -26 },
  { 3300, 16, 14, 21, 2, -24 },
  { 3328, 21, 3, 20, -1, 4 },
  { 3336, 7, 6, 12, 1, -27 },
  { 3342, 17, 20, 20, 1, -19 },
  { 3385, 18, 27, 22, 2, -26 },
  { 3446, 17, 20, 20, 1, -19 },
  { 3489, 18, 27, 22, 1, -26 },
  { 3550, 18, 20, 20, 1, -19 },
  { 3595, 11, 26, 12, 0, -26 },
  { 3631, 18, 27, 22, 1, -19 },
  { 3692, 17, 26, 22, 2, -26 },
  { 3748, 5, 26, 10, 2, -26 },
  { 3765, 7, 34, 10, 0, -26 },
  { 3795, 17, 26, 20, 2, -26 },
  { 3851, 5, 26, 10, 2, -26 },
  { 3868, 27, 19, 31, 2, -19 },
  { 3933, 17, 19, 22, 2, -19 },
  { 3974, 19, 20, 22, 1, -19 },
  { 4022, 18, 27, 22, 2, -19 },
  { 4083, 18, 27, 22, 1, -19 },
  { 4144, 11, 19, 14, 2, -19 },
  { 4171, 17, 20, 20, 1, -19 },
  { 4214, 11, 25, 12, 0, -24 },
  { 4249, 17, 20, 22, 2, -19 },
  { 4292, 19, 19, 20, 0, -19 },
  { 4338, 27, 19, 27, 0, -19 },
  { 4403, 18, 19, 20, 1, -19 },
  { 4446, 19, 27, 20, 0, -19 },
  { 4511, 15, 19, 18, 1, -19 },
  { 4547, 10, 33, 14, 1, -26 },
  { 4589, 2, 33, 10, 4, -26 },
  { 4598, 9, 33, 14, 3, -26 },
  { 4636, 16, 6, 21, 2, -11 },
  { 4648, 19, 26, 25, 3, -26 },
  { 4710, 19, 26, 25, 3, -26 },
  { 4772, 19, 26, 25, 3, -26 },
  { 4834, 19, 26, 25, 3, -26 },
  { 4896, 19, 26, 25, 3, -26 },
  { 4958, 19, 26, 25, 3, -26 },
  { 5020, 19, 26, 25, 3, -26 },
  { 5082, 19, 26, 25, 3, -26 },
  { 5144, 19, 26, 25, 3, -26 },
  { 5206, 19, 26, 25, 3, -26 },
  { 5268, 19, 26, 25, 3, -26 },
  { 5330, 19, 26, 25, 3, -26 },
  { 5392, 19, 26, 25, 3, -26 },
  { 5454, 19, 26, 25, 3, -26 },
  { 5516, 19, 26, 25, 3, -26 },
  { 5578, 19, 26, 25, 3, -26 },
  { 5640, 19, 26, 25, 3, -26 },
  { 5702, 19, 26, 25, 3, -26 },
  { 5764, 19, 26, 25, 3, -26 },
  { 5826, 19, 26, 25, 3, -26 },
  { 5888, 19, 26, 25, 3, -26 },
  { 5950, 19, 26, 25, 3, -26 },
  { 6012, 19, 26, 25, 3, -26 },
  { 6074, 19, 26, 25, 3, -26 },
  { 6136, 19, 26, 25, 3, -26 },
  { 6198, 19, 26, 25, 3, -26 },
  { 6260, 19, 26, 25, 3, -26 },
  { 6322, 19, 26, 25, 3, -26 },
  { 6384, 19, 26, 25, 3, -26 },
  { 6446, 19, 26, 25, 3, -26 },
  { 6508, 19, 26, 25, 3, -26 },
  { 6570, 19, 26, 25, 3, -26 },
  { 6632, 19, 26, 25, 3, -26 },
  { 6694, 1, 1, 10, 0, -1 },
  { 6695, 6, 26, 12, 2, -19 },
  { 6715, 17, 26, 20, 1, -22 },
  { 6771, 18, 26, 20, 1, -25 },
  { 6830, 18, 17, 20, 1, -21 },
  { 6869, 19, 25, 20, 0, -25 },
  { 6929, 2, 33, 10, 4, -26 },
  { 6938, 17, 32, 20, 1, -25 },
  { 7006, 11, 4, 12, 0, -26 },
  { 7012, 27, 27, 26, -1, -26 },
  { 7104, 11, 17, 13, 1, -26 },
  { 7128, 13, 14, 20, 3, -17 },
  { 7151, 18, 10, 21, 1, -13 },
  { 7174, 10, 5, 12, 1, -12 },
  { 7181, 27, 27, 26, -1, -26 },
  { 7273, 10, 2, 12, 1, -25 },
  { 7276, 11, 11, 21, 5, -24 },
  { 7292, 17, 22, 21, 2, -21 },
  { 7339, 11, 15, 12, 1, -25 },
  { 7360, 11, 15, 12, 1, -25 },
  { 7381, 7, 6, 12, 4, -27 },
  { 7387, 18, 27, 22, 2, -19 },
  { 7448, 18, 33, 20, 1, -26 },
  { 7523, 5, 4, 10, 2, -10 },
  { 7526, 9, 8, 12, 1, 0 },
  { 7535, 8, 15, 11, 1, -25 },
  { 7550, 11, 17, 13, 1, -26 },
  { 7574, 13, 14, 20, 3, -17 },
  { 7597, 29, 26, 31, 1, -25 },
  { 7692, 29, 26, 31, 1, -25 },
  { 7787, 29, 26, 31, 1, -25 },
  { 7882, 17, 26, 22, 2, -19 },
  { 7938, 24, 33, 25, 1, -33 },
  { 8037, 24, 33, 25, 1, -33 },
  { 8136, 24, 33, 25, 1, -33 },
  { 8235, 24, 33, 25, 1, -33 },
  { 8334, 24, 32, 25, 1, -32 },
  { 8430, 24, 33, 25, 1, -33 },
  { 8529, 34, 26, 35, 0, -26 },
  { 8640, 22, 34, 25, 2, -26 },
  { 8734, 19, 33, 24, 3, -33 },
  { 8813, 19, 33, 24, 3, -33 },
  { 8892, 19, 33, 24, 3, -33 },
  { 8971, 19, 32, 24, 3, -32 },
  { 9047, 8, 33, 10, 0, -33 },
  { 9080, 8, 33, 10, 2, -33 },
  { 9113, 12, 33, 10, -1, -33 },
  { 9163, 11, 32, 10, -1, -32 },
  { 9207, 24, 26, 25, 0, -26 },
  { 9285, 21, 33, 25, 2, -33 },
  { 9372, 25, 34, 27, 1, -33 },
  { 9479, 25, 34, 27, 1, -33 },
  { 9586, 25, 34, 27, 1, -33 },
  { 9693, 25, 34, 27, 1, -33 },
  { 9800, 25, 34, 27, 1, -33 },
  { 9907, 15, 15, 21, 3, -16 },
  { 9936, 26, 27, 27, 1, -26 },
  { 10024, 20, 34, 25, 3, -33 },
  { 10109, 20, 34, 25, 3, -33 },
  { 10194, 20, 34, 25, 3, -33 },
  { 10279, 20, 33, 25, 3, -32 },
  { 10362, 22, 33, 24, 1, -33 },
  { 10453, 19, 26, 24, 3, -26 },
  { 10515, 18, 27, 22, 2, -26 },
  { 10576, 17, 28, 20, 1, -27 },
  { 10636, 17, 28, 20, 1, -27 },
  { 10696, 17, 28, 20, 1, -27 },
  { 10756, 17, 27, 20, 1, -26 },
  { 10814, 17, 27, 20, 1, -26 },
  { 10872, 17, 28, 20, 1, -27 },
  { 10932, 29, 20, 31, 1, -19 },
  { 11005, 17, 27, 20, 1, -19 },
  { 11063, 18, 28, 20, 1, -27 },
  { 11126, 18, 28, 20, 1, -27 },
  { 11189, 18, 28, 20, 1, -27 },
  { 11252, 18, 27, 20, 1, -26 },
  { 11313, 7, 27, 10, 0, -27 },
  { 11337, 8, 27, 10, 2, -27 },
  { 11364, 12, 27, 10, -1, -27 },
  { 11405, 11, 26, 10, -1, -26 },
  { 11441, 19, 27, 22, 1, -26 },
  { 11506, 17, 26, 22, 2, -26 },
  { 11562, 19, 28, 22, 1, -27 },
  { 11629, 19, 28, 22, 1, -27 },
  { 11696, 19, 28, 22, 1, -27 },
  { 11763, 19, 27, 22, 1, -26 },
  { 11828, 19, 27, 22, 1, -26 },
  { 11893, 17, 17, 21, 2, -17 },
  { 11930, 21, 21, 22, 0, -20 },
  { 11986, 17, 28, 22, 2, -27 },
  { 12046, 17, 28, 22, 2, -27 },
  { 12106, 17, 28, 22, 2, -27 },
  { 12166, 17, 27, 22, 2, -26 },
  { 12224, 19, 35, 20, 0, -27 },
  { 12308, 18, 34, 22, 2, -26 },
  { 12385, 19, 34, 20, 0, -26 },
};

const GFXfont FreeSansBold18pt8b PROGMEM = {
  (uint8_t *)FreeSansBold18pt8bBitmaps,
  (GFXglyph *)FreeSansBold18pt8bGlyphs,
  0x20, 0xFF, 49
};

const uint8_t FreeSansBold24pt8bBitmaps[] PROGMEM = {
  0x00, 0xFF, 0xFF, 0xFF, 0xFF, 0xFF, 0xFF, 0xFF, 0xFF, 0xFF, 0xFF, 0xF7, 
  0xEF, 0xDF, 0xBF, 0x7C, 0xF9, 0xF1, 0xE3, 0xC7, 0x8F, 0x1C, 0x00, 0x00, 
  0x07, 0xFF, 0xFF, 0xFF, 0xFF, 0xFF, 0xFC, 0xFE, 0x1F, 0xFF, 0x87, 0xFF, 
  0xE1, 0xFF, 0xF8, 0x7F, 0xFE, 0x1F, 0xFF, 0x87, 0xF7, 0xE0, 0xFD, 0xF0, 
  0x3E, 0x7C, 0x0F, 0x9F, 0x01, 0xE3, 0x80, 0x70, 0xE0, 0x1C, 0x00, 0x7C, 
  0x3E, 0x00, 0x3E, 0x0F, 0x80, 0x0F, 0x83, 0xE0, 0x03, 0xE0, 0xF8, 0x00, 
  0xF8, 0x3E, 0x00, 0x3E, 0x1F, 0x00, 0x1F, 0x07, 0xC0, 0x07, 0xC1, 0xF0, 
  0x7F, 0xFF, 0xFF, 0xDF, 0xFF, 0xFF, 0xF7, 0xFF, 0xFF, 0xFD, 0xFF, 0xFF, 
  0xFF, 0x7F, 0xFF, 0xFF, 0xC0, 0xF8, 0x3E, 0x00, 0x3E, 0x0F, 0x80, 0x0F, 
  0x87, 0xC0, 0x07, 0xC1, 0xF0, 0x01, 0xF0, 0x7C, 0x00, 0x7C, 0x1F, 0x00, 
  0x1F, 0x07, 0xC0, 0xFF, 0xFF, 0xFF, 0x3F, 0xFF, 0xFF, 0xCF, 0xFF, 0xFF, 
  0xF3, 0xFF, 0xFF, 0xFC, 0xFF, 0xFF, 0xFF, 0x03, 0xE1, 0xF0, 0x01, 0xF0, 
  0x7C, 0x00, 0x7C, 0x1F, 0x00, 0x1F, 0x07, 0xC0, 0x07, 0xC1, 0xF0, 0x01, 
  0xF0, 0xF8, 0x00, 0xF8, 0x3E, 0x00, 0x3E, 0x0F, 0x80, 0x0F, 0x83, 0xE0, 
  0x03, 0xE0, 0xF8, 0x00, 0x00, 0x3C, 0x00, 0x00, 0x3C, 0x00, 0x00, 0x3C, 
  0x00, 0x01, 0xFF, 0x80, 0x07, 0xFF, 0xE0, 0x1F, 0xFF, 0xF8, 0x3F, 0xFF, 
  0xF8, 0x3F, 0xFF, 0xFC, 0x7F, 0x3C, 0xFE, 0x7E, 0x3C, 0x7E, 0x7E, 0x3C, 
  0x7E, 0x7E, 0x3C, 0x7E, 0x7E, 0x3C, 0x7E, 0x7E, 0x3C, 0x00, 0x7F, 0x3C, 
  0x00, 0x7F, 0xBC, 0x00, 0x3F, 0xFC, 0x00, 0x3F, 0xFF, 0x00, 0x1F, 0xFF, 
  0xC0, 0x07, 0xFF, 0xF0, 0x03, 0xFF, 0xF8, 0x00, 0x7F, 0xFC, 0x00, 0x3F, 
  0xFE, 0x00, 0x3D, 0xFE, 0x00, 0x3C, 0x7F, 0x00, 0x3C, 0x7F, 0xFC, 0x3C, 
  0x7F, 0xFC, 0x3C, 0x3F, 0xFE, 0x3C, 0x7F, 0xFE, 0x3C, 0x7E, 0x7F, 0x3C, 
  0xFE, 0x7F, 0xBD, 0xFE, 0x3F, 0xFF, 0xFC, 0x3F, 0xFF, 0xFC, 0x0F, 0xFF, 
  0xF0, 0x07, 0xFF, 0xE0, 0x00, 0xFF, 0x00, 0x00, 0x3C, 0x00, 0x00, 0x3C, 
  0x00, 0x00, 0x3C, 0x00, 0x00, 0x3C, 0x00, 0x00, 0x3C, 0x00, 0x03, 0xE0, 
  0x00, 0x1E, 0x00, 0x0F, 0xFC, 0x00, 0x3C, 0x00, 0x1F, 0xFE, 0x00, 0x3C, 
  0x00, 0x3F, 0xFF, 0x00, 0x78, 0x00, 0x7F, 0xFF, 0x00, 0x70, 0x00, 0x7C, 
  0x1F, 0x80, 0xF0, 0x00, 0xF8, 0x0F, 0x80, 0xE0, 0x00, 0xF8, 0x0F, 0x81, 
  0xE0, 0x00, 0xF8, 0x07, 0x81, 0xC0, 0x00, 0xF8, 0x07, 0x83, 0xC0, 0x00, 
  0xF8, 0x0F, 0x83, 0x80, 0x00, 0x7C, 0x1F, 0x87, 0x80, 0x00, 0x7F, 0x7F, 
  0x07, 0x00, 0x00, 0x3F, 0xFF, 0x0F, 0x00, 0x00, 0x3F, 0xFE, 0x1E, 0x00, 
  0x00, 0x0F, 0xFC, 0x1C, 0x00, 0x00, 0x07, 0xF0, 0x3C, 0x01, 0x00, 0x00, 
  0x00, 0x38, 0x1F, 0xE0, 0x00, 0x00, 0x78, 0x7F, 0xF0, 0x00, 0x00, 0x70, 
  0xFF, 0xF8, 0x00, 0x00, 0xF0, 0xFF, 0xFC, 0x00, 0x00, 0xE1, 0xF8, 0x7E, 
  0x00, 0x01, 0xE1, 0xF0, 0x3E, 0x00, 0x01, 0xC3, 0xE0, 0x1E, 0x00, 0x03, 
  0xC3, 0xE0, 0x1F, 0x00, 0x07, 0x83, 0xE0, 0x1F, 0x00, 0x07, 0x83, 0xE0, 
  0x1E, 0x00, 0x0F, 0x01, 0xF0, 0x3E, 0x00, 0x0E, 0x01, 0xF8, 0x7E, 0x00, 
  0x1E, 0x01, 0xFF, 0xFC, 0x00, 0x1C, 0x00, 0xFF, 0xFC, 0x00, 0x3C, 0x00, 
  0x7F, 0xF8, 0x00, 0x38, 0x00, 0x1F, 0xE0, 0x00, 0x78, 0x00, 0x03, 0x80, 
  0x00, 0x7E, 0x00, 0x00, 0x07, 0xFE, 0x00, 0x00, 0x7F, 0xFE, 0x00, 0x01, 
  0xFF, 0xF8, 0x00, 0x0F, 0xFF, 0xF0, 0x00, 0x7F, 0x9F, 0xC0, 0x01, 0xFC, 
  0x3F, 0x00, 0x07, 0xE0, 0x7C, 0x00, 0x1F, 0x81, 0xF0, 0x00, 0x7F, 0x0F, 
  0xC0, 0x00, 0xFE, 0x3F, 0x00, 0x03, 0xFD, 0xF8, 0x00, 0x07, 0xFF, 0xE0, 
  0x00, 0x0F, 0xFF, 0x00, 0x00, 0x3F, 0xF0, 0x00, 0x00, 0xFF, 0x80, 0x00, 
  0x07, 0xFF, 0x03, 0xE0, 0x7F, 0xFC, 0x0F, 0x83, 0xFF, 0xF8, 0x3E, 0x1F, 
  0xEF, 0xF1, 0xF8, 0x7F, 0x1F, 0xE7, 0xE3, 0xF8, 0x3F, 0xDF, 0x0F, 0xC0, 
  0x7F, 0xFC, 0x3F, 0x00, 0xFF, 0xF0, 0xFC, 0x03, 0xFF, 0x83, 0xF0, 0x07, 
  0xFE, 0x0F, 0xC0, 0x0F, 0xF0, 0x3F, 0x80, 0x3F, 0xC0, 0xFF, 0x03, 0xFF, 
  0x81, 0xFF, 0x3F, 0xFF, 0x07, 0xFF, 0xFF, 0xFE, 0x0F, 0xFF, 0xFF, 0xFC, 
  0x1F, 0xFF, 0xC7, 0xF0, 0x3F, 0xFE, 0x0F, 0xE0, 0x3F, 0xE0, 0x00, 0x00, 
  0xFF, 0xFF, 0xFF, 0xFF, 0xFF, 0xDF, 0xBE, 0x7C, 0xF8, 0xE1, 0xC0, 0x01, 
  0xF0, 0x3E, 0x03, 0xE0, 0x7C, 0x07, 0xC0, 0xF8, 0x0F, 0x81, 0xF8, 0x1F, 
  0x03, 0xF0, 0x3E, 0x07, 0xE0, 0x7E, 0x07, 0xE0, 0x7C, 0x0F, 0xC0, 0xFC, 
  0x0F, 0xC0, 0xFC, 0x0F, 0xC0, 0xFC, 0x0F, 0xC0, 0xFC, 0x0F, 0xC0, 0xFC, 
  0x0F, 0xC0, 0xFC, 0x0F, 0xC0, 0x7C, 0x07, 0xE0, 0x7E, 0x07, 0xE0, 0x3E, 
  0x03, 0xF0, 0x1F, 0x01, 0xF8, 0x1F, 0x80, 0xF8, 0x07, 0xC0, 0x7C, 0x03, 
  0xE0, 0x3E, 0x01, 0xF0, 0xF8, 0x07, 0xC0, 0x7C, 0x03, 0xE0, 0x3F, 0x01, 
  0xF0, 0x1F, 0x80, 0xF8, 0x0F, 0xC0, 0xFC, 0x07, 0xC0, 0x7E, 0x07, 0xE0, 
  0x3E, 0x03, 0xF0, 0x3F, 0x03, 0xF0, 0x3F, 0x03, 0xF0, 0x1F, 0x01, 0xF0, 
  0x1F, 0x01, 0xF0, 0x1F, 0x03, 0xF0, 0x3F, 0x03, 0xF0, 0x3F, 0x03, 0xF0, 
  0x3E, 0x07, 0xE0, 0x7E, 0x07, 0xC0, 0xFC, 0x0F, 0xC0, 0xF8, 0x1F, 0x81, 
  0xF0, 0x3F, 0x03, 0xE0, 0x7E, 0x07, 0xC0, 0xF8, 0x00, 0x03, 0xC0, 0x03, 
  0xC0, 0x03, 0xC0, 0x03, 0xC0, 0x73, 0xCE, 0xFF, 0xFE, 0xFF, 0xFF, 0x3F, 
  0xFC, 0x07, 0xE0, 0x0F, 0xE0, 0x0F, 0xF0, 0x1E, 0x78, 0x3C, 0x7C, 0x1C, 
  0x38, 0x08, 0x10, 0x00, 0x7C, 0x00, 0x00, 0xF8, 0x00, 0x01, 0xF0, 0x00, 
  0x03, 0xE0, 0x00, 0x07, 0xC0, 0x00, 0x0F, 0x80, 0x00, 0x1F, 0x00, 0x00, 
  0x3E, 0x00, 0xFF, 0xFF, 0xFF, 0xFF, 0xFF, 0xFF, 0xFF, 0xFF, 0xFF, 0xFF, 
  0xFF, 0xFF, 0xFF, 0xFF, 0xFF, 0xFF, 0xFF, 0xC0, 0x1F, 0x00, 0x00, 0x3E, 
  0x00, 0x00, 0x7C, 0x00, 0x00, 0xF8, 0x00, 0x01, 0xF0, 0x00, 0x03, 0xE0, 
  0x00, 0x07, 0xC0, 0x00, 0x0F, 0x80, 0x00, 0xFF, 0xFF, 0xFF, 0xFF, 0xFF, 
  0xFF, 0x87, 0x0E, 0x1C, 0x79, 0xEF, 0xDF, 0x38, 0x00, 0xFF, 0xFF, 0xFF, 
  0xFF, 0xFF, 0xFF, 0xFF, 0xFF, 0xFF, 0xFC, 0xFF, 0xFF, 0xFF, 0xFF, 0xFF, 
  0xFF, 0x80, 0x00, 0x38, 0x03, 0xC0, 0x1C, 0x00, 0xE0, 0x07, 0x00, 0x70, 
  0x03, 0x80, 0x1C, 0x01, 0xE0, 0x0E, 0x00, 0x70, 0x03, 0x80, 0x3C, 0x01, 
  0xC0, 0x0E, 0x00, 0x70, 0x07, 0x00, 0x38, 0x01, 0xC0, 0x1E, 0x00, 0xE0, 
  0x07, 0x00, 0x38, 0x03, 0x80, 0x1C, 0x00, 0xE0, 0x0F, 0x00, 0x70, 0x03, 
  0x80, 0x1C, 0x01, 0xC0, 0x0E, 0x00, 0x70, 0x07, 0x80, 0x38, 0x00, 0x00, 
  0xFE, 0x00, 0x07, 0xFF, 0x80, 0x1F, 0xFF, 0x80, 0x7F, 0xFF, 0x81, 0xFF, 
  0xFF, 0x87, 0xFC, 0xFF, 0x0F, 0xE0, 0x7F, 0x1F, 0x80, 0xFE, 0x7F, 0x00, 
  0xFC, 0xFE, 0x01, 0xFD, 0xF8, 0x03, 0xFB, 0xF0, 0x07, 0xF7, 0xE0, 0x0F, 
  0xFF, 0xC0, 0x0F, 0xFF, 0x80, 0x1F, 0xFF, 0x00, 0x3F, 0xFE, 0x00, 0x7F, 
  0xFC, 0x00, 0xFF, 0xF8, 0x01, 0xFF, 0xF0, 0x03, 0xFF, 0xE0, 0x07, 0xFF, 
  0xC0, 0x0F, 0xDF, 0x80, 0x3F, 0xBF, 0x00, 0x7F, 0x7E, 0x00, 0xFE, 0xFE, 
  0x01, 0xFD, 0xFC, 0x03, 0xF1, 0xF8, 0x0F, 0xE3, 0xF8, 0x3F, 0xC7, 0xFF, 
  0xFF, 0x07, 0xFF, 0xFE, 0x07, 0xFF, 0xF8, 0x07, 0xFF, 0xE0, 0x07, 0xFF, 
  0x80, 0x03, 0xFC, 0x00, 0x00, 0x3E, 0x00, 0x7C, 0x01, 0xF8, 0x07, 0xF0, 
  0x3F, 0xE7, 0xFF, 0xFF, 0xFF, 0xFF, 0xFF, 0xFF, 0xFF, 0xFF, 0xFC, 0x03, 
  0xF8, 0x07, 0xF0, 0x0F, 0xE0, 0x1F, 0xC0, 0x3F, 0x80, 0x7F, 0x00, 0xFE, 
  0x01, 0xFC, 0x03, 0xF8, 0x07, 0xF0, 0x0F, 0xE0, 0x1F, 0xC0, 0x3F, 0x80, 
  0x7F, 0x00, 0xFE, 0x01, 0xFC, 0x03, 0xF8, 0x07, 0xF0, 0x0F, 0xE0, 0x1F, 
  0xC0, 0x3F, 0x80, 0x7F, 0x00, 0xFE, 0x00, 0xFF, 0x00, 0x0F, 0xFF, 0x80, 
  0x3F, 0xFF, 0xC0, 0xFF, 0xFF, 0xC3, 0xFF, 0xFF, 0xC7, 0xFC, 0xFF, 0x8F, 
  0xE0, 0x7F, 0x3F, 0x80, 0x7F, 0x7F, 0x00, 0xFE, 0xFC, 0x00, 0xFD, 0xF8, 
  0x01, 0xFB, 0xF0, 0x03, 0xF0, 0x00, 0x0F, 0xE0, 0x00, 0x1F, 0xC0, 0x00, 
  0x3F, 0x80, 0x00, 0xFE, 0x00, 0x03, 0xF8, 0x00, 0x0F, 0xF0, 0x00, 0x3F, 
  0xC0, 0x01, 0xFF, 0x00, 0x07, 0xFC, 0x00, 0x3F, 0xE0, 0x00, 0xFF, 0x80, 
  0x03, 0xFC, 0x00, 0x0F, 0xF0, 0x00, 0x3F, 0xC0, 0x00, 0xFF, 0x00, 0x01, 
  0xFC, 0x00, 0x07, 0xFF, 0xFF, 0xEF, 0xFF, 0xFF, 0xDF, 0xFF, 0xFF, 0xBF, 
  0xFF, 0xFF, 0xFF, 0xFF, 0xFF, 0xFF, 0xFF, 0xFC, 0x00, 0xFF, 0x00, 0x0F, 
  0xFF, 0x80, 0x3F, 0xFF, 0x80, 0xFF, 0xFF, 0x83, 0xFF, 0xFF, 0x87, 0xF8, 
  0xFF, 0x1F, 0xC0, 0x7F, 0x3F, 0x00, 0xFE, 0x7E, 0x01, 0xFC, 0xFC, 0x01, 
  0xF9, 0xF8, 0x03, 0xF0, 0x00, 0x0F, 0xE0, 0x00, 0x1F, 0x80, 0x00, 0x7F, 
  0x00, 0x07, 0xFC, 0x00, 0x3F, 0xF0, 0x00, 0x7F, 0xC0, 0x00, 0xFF, 0xE0, 
  0x01, 0xFF, 0xE0, 0x00, 0x3F, 0xE0, 0x00, 0x1F, 0xC0, 0x00, 0x1F, 0xC0, 
  0x00, 0x3F, 0x80, 0x00, 0x3F, 0xFE, 0x00, 0x7F, 0xFC, 0x00, 0xFD, 0xF8, 
  0x03, 0xFB, 0xF8, 0x07, 0xF7, 0xF8, 0x1F, 0xEF, 0xFF, 0xFF, 0x8F, 0xFF, 
  0xFF, 0x0F, 0xFF, 0xFC, 0x0F, 0xFF, 0xF0, 0x0F, 0xFF, 0x80, 0x07, 0xFC, 
  0x00, 0x00, 0x0F, 0xF0, 0x00, 0x1F, 0xF0, 0x00, 0x1F, 0xF0, 0x00, 0x3F, 
  0xF0, 0x00, 0x7F, 0xF0, 0x00, 0x7F, 0xF0, 0x00, 0xFF, 0xF0, 0x00, 0xFF, 
  0xF0, 0x01, 0xF7, 0xF0, 0x03, 0xE7, 0xF0, 0x03, 0xE7, 0xF0, 0x07, 0xC7, 
  0xF0, 0x07, 0x87, 0xF0, 0x0F, 0x87, 0xF0, 0x1F, 0x07, 0xF0, 0x1F, 0x07, 
  0xF0, 0x3E, 0x07, 0xF0, 0x3C, 0x07, 0xF0, 0x7C, 0x07, 0xF0, 0xF8, 0x07, 
  0xF0, 0xFF, 0xFF, 0xFF, 0xFF, 0xFF, 0xFF, 0xFF, 0xFF, 0xFF, 0xFF, 0xFF, 
  0xFF, 0xFF, 0xFF, 0xFF, 0xFF, 0xFF, 0xFF, 0x00, 0x07, 0xF0, 0x00, 0x07, 
  0xF0, 0x00, 0x07, 0xF0, 0x00, 0x07, 0xF0, 0x00, 0x07, 0xF0, 0x00, 0x07, 
  0xF0, 0x00, 0x07, 0xF0, 0x0F, 0xFF, 0xFC, 0x1F, 0xFF, 0xF8, 0x3F, 0xFF, 
  0xF0, 0x7F, 0xFF, 0xE1, 0xFF, 0xFF, 0xC3, 0xFF, 0xFF, 0x87, 0xC0, 0x00, 
  0x0F, 0x80, 0x00, 0x1F, 0x00, 0x00, 0x3E, 0x00, 0x00, 0xF8, 0x00, 0x01, 
  0xF3, 0xFC, 0x03, 0xFF, 0xFE, 0x07, 0xFF, 0xFE, 0x0F, 0xFF, 0xFE, 0x1F, 
  0xFF, 0xFE, 0x7F, 0x83, 0xFC, 0xFE, 0x03, 0xFC, 0x00, 0x03, 0xF8, 0x00, 
  0x07, 0xF0, 0x00, 0x07, 0xE0, 0x00, 0x0F, 0xC0, 0x00, 0x1F, 0x80, 0x00, 
  0x3F, 0xFE, 0x00, 0xFF, 0xFC, 0x01, 0xFF, 0xF8, 0x07, 0xFB, 0xF8, 0x1F, 
  0xE7, 0xFF, 0xFF, 0xC7, 0xFF, 0xFF, 0x0F, 0xFF, 0xFC, 0x0F, 0xFF, 0xF0, 
  0x07, 0xFF, 0xC0, 0x03, 0xFC, 0x00, 0x00, 0x7F, 0x00, 0x03, 0xFF, 0xC0, 
  0x1F, 0xFF, 0xC0, 0x7F, 0xFF, 0xC0, 0xFF, 0xFF, 0xC3, 0xFE, 0x7F, 0x8F, 
  0xE0, 0x3F, 0x1F, 0xC0, 0x7F, 0x3F, 0x00, 0x00, 0xFE, 0x00, 0x01, 0xF8, 
  0x00, 0x03, 0xF0, 0x00, 0x07, 0xE1, 0xF8, 0x0F, 0xCF, 0xFC, 0x1F, 0xBF, 
  0xFC, 0x3F, 0xFF, 0xFC, 0x7F, 0xFF, 0xFD, 0xFF, 0xCF, 0xFB, 0xFE, 0x07, 
  0xFF, 0xF8, 0x07, 0xF7, 0xE0, 0x07, 0xEF, 0xC0, 0x0F, 0xDF, 0x80, 0x1F, 
  0xBF, 0x00, 0x3F, 0x7E, 0x00, 0x7E, 0xFC, 0x00, 0xFD, 0xFC, 0x03, 0xF9, 
  0xF8, 0x07, 0xF3, 0xF8, 0x1F, 0xC7, 0xFF, 0xFF, 0x87, 0xFF, 0xFE, 0x07, 
  0xFF, 0xF8, 0x07, 0xFF, 0xE0, 0x07, 0xFF, 0x80, 0x01, 0xFC, 0x00, 0xFF, 
  0xFF, 0xFF, 0xFF, 0xFF, 0xFF, 0xFF, 0xFF, 0xFF, 0xFF, 0xFF, 0xFF, 0xFF, 
  0xFF, 0xFF, 0xFF, 0xFF, 0xFE, 0x00, 0x00, 0xFC, 0x00, 0x01, 0xFC, 0x00, 
  0x01, 0xF8, 0x00, 0x03, 0xF0, 0x00, 0x07, 0xF0, 0x00, 0x07, 0xE0, 0x00, 
  0x0F, 0xC0, 0x00, 0x1F, 0xC0, 0x00, 0x1F, 0x80, 0x00, 0x3F, 0x80, 0x00, 
  0x3F, 0x00, 0x00, 0x7F, 0x00, 0x00, 0x7E, 0x00, 0x00, 0xFE, 0x00, 0x00, 
  0xFC, 0x00, 0x00, 0xFC, 0x00, 0x01, 0xFC, 0x00, 0x01, 0xF8, 0x00, 0x01, 
  0xF8, 0x00, 0x03, 0xF8, 0x00, 0x03, 0xF8, 0x00, 0x03, 0xF0, 0x00, 0x03, 
  0xF0, 0x00, 0x03, 0xF0, 0x00, 0x03, 0xF0, 0x00, 0x07, 0xF0, 0x00, 0x07, 
  0xF0, 0x00, 0x00, 0xFF, 0x00, 0x03, 0xFF, 0xC0, 0x0F, 0xFF, 0xE0, 0x1F, 
  0xFF, 0xF0, 0x3F, 0xFF, 0xF8, 0x3F, 0xE7, 0xFC, 0x3F, 0x01, 0xFC, 0x7E, 
  0x00, 0xFC, 0x7E, 0x00, 0x7E, 0x7E, 0x00, 0x7E, 0x7E, 0x00, 0x7C, 0x7E, 
  0x00, 0xFC, 0x3F, 0x00, 0xFC, 0x3F, 0x83, 0xF8, 0x1F, 0xFF, 0xF0, 0x07, 
  0xFF, 0xE0, 0x0F, 0xFF, 0xE0, 0x1F, 0xFF, 0xF8, 0x3F, 0xFF, 0xFC, 0x7F, 
  0x81, 0xFC, 0x7F, 0x00, 0xFE, 0xFE, 0x00, 0x7E, 0xFE, 0x00, 0x7F, 0xFE, 
  0x00, 0x7F, 0xFE, 0x00, 0x7F, 0xFE, 0x00, 0x7F, 0xFE, 0x00, 0x7E, 0xFF, 
  0x00, 0xFE, 0x7F, 0x81, 0xFE, 0x7F, 0xFF, 0xFC, 0x3F, 0xFF, 0xFC, 0x1F, 
  0xFF, 0xF8, 0x0F, 0xFF, 0xF0, 0x07, 0xFF, 0xC0, 0x00, 0xFF, 0x00, 0x00, 
  0xFE, 0x00, 0x07, 0xFF, 0x00, 0x3F, 0xFF, 0x80, 0xFF, 0xFF, 0x83, 0xFF, 
  0xFF, 0x07, 0xFD, 0xFF, 0x1F, 0xC0, 0x7E, 0x3F, 0x80, 0xFE, 0x7E, 0x00, 
  0xFD, 0xFC, 0x01, 0xFB, 0xF8, 0x03, 0xFF, 0xF0, 0x07, 0xFF, 0xE0, 0x0F, 
  0xFF, 0xC0, 0x1F, 0xDF, 0x80, 0x3F, 0xBF, 0x00, 0x7F, 0x7F, 0x01, 0xFE, 
  0xFF, 0x8F, 0xFC, 0xFF, 0xFF, 0xF8, 0xFF, 0xFF, 0xF1, 0xFF, 0xF7, 0xE0, 
  0xFF, 0xCF, 0xC0, 0xFF, 0x1F, 0x80, 0x00, 0x7F, 0x00, 0x00, 0xFC, 0x00, 
  0x01, 0xF9, 0xF8, 0x03, 0xF3, 0xF0, 0x0F, 0xE7, 0xF0, 0x3F, 0x8F, 0xFF, 
  0xFF, 0x0F, 0xFF, 0xFC, 0x0F, 0xFF, 0xF0, 0x0F, 0xFF, 0xC0, 0x0F, 0xFF, 
  0x00, 0x07, 0xF8, 0x00, 0xFF, 0xFF, 0xFF, 0xFF, 0xFF, 0xC0, 0x00, 0x00, 
  0x00, 0x00, 0x00, 0x00, 0x00, 0x00, 0x01, 0xFF, 0xFF, 0xFF, 0xFF, 0xFF, 
  0xFF, 0xFF, 0xFF, 0xFF, 0xFF, 0xFF, 0xC0, 0x00, 0x00, 0x00, 0x00, 0x00, 
  0x00, 0x00, 0x00, 0x01, 0xFF, 0xFF, 0xFF, 0xFF, 0xFF, 0xFF, 0x0E, 0x1C, 
  0x38, 0x71, 0xDF, 0xBE, 0x70, 0x00, 0x00, 0x06, 0x00, 0x00, 0x7C, 0x00, 
  0x07, 0xF8, 0x00, 0x3F, 0xF0, 0x03, 0xFF, 0xE0, 0x3F, 0xFF, 0x01, 0xFF, 
  0xF0, 0x1F, 0xFF, 0x00, 0xFF, 0xF0, 0x01, 0xFF, 0x80, 0x03, 0xF8, 0x00, 
  0x07, 0xE0, 0x00, 0x0F, 0xF8, 0x00, 0x1F, 0xFE, 0x00, 0x1F, 0xFF, 0x80, 
  0x07, 0xFF, 0xE0, 0x01, 0xFF, 0xF8, 0x00, 0xFF, 0xFC, 0x00, 0x3F, 0xF8, 
  0x00, 0x0F, 0xF0, 0x00, 0x03, 0xE0, 0x00, 0x01, 0xC0, 0xFF, 0xFF, 0xFF, 
  0xFF, 0xFF, 0xFF, 0xFF, 0xFF, 0xFF, 0xFF, 0xFF, 0xFF, 0xFF, 0xFF, 0xE0, 
  0x00, 0x00, 0x00, 0x00, 0x00, 0x00, 0x00, 0x00, 0x00, 0x00, 0x00, 0x00, 
  0x00, 0x00, 0x00, 0x00, 0x07, 0xFF, 0xFF, 0xFF, 0xFF, 0xFF, 0xFF, 0xFF, 
  0xFF, 0xFF, 0xFF, 0xFF, 0xFF, 0xFF, 0xFF, 0xFF, 0xFF, 0xFE, 0xC0, 0x00, 
  0x01, 0xF0, 0x00, 0x03, 0xF8, 0x00, 0x07, 0xFE, 0x00, 0x0F, 0xFF, 0x80, 
  0x0F, 0xFF, 0xC0, 0x03, 0xFF, 0xF0, 0x00, 0xFF, 0xFC, 0x00, 0x3F, 0xFE, 
  0x00, 0x0F, 0xFC, 0x00, 0x03, 0xF8, 0x00, 0x03, 0xF0, 0x00, 0x3F, 0xE0, 
  0x03, 0xFF, 0xC0, 0x3F, 0xFE, 0x03, 0xFF, 0xF0, 0x3F, 0xFF, 0x01, 0xFF, 
  0xF0, 0x03, 0xFF, 0x80, 0x07, 0xF8, 0x00, 0x0F, 0x80, 0x00, 0x1C, 0x00, 
  0x00, 0x00, 0x00, 0xFE, 0x00, 0x0F, 0xFF, 0x80, 0x3F, 0xFF, 0x80, 0xFF, 
  0xFF, 0x83, 0xFF, 0xFF, 0x8F, 0xFF, 0xFF, 0x9F, 0xE0, 0xFF, 0x3F, 0x80, 
  0xFF, 0xFE, 0x00, 0xFF, 0xFC, 0x01, 0xFF, 0xF0, 0x03, 0xFF, 0xE0, 0x07, 
  0xF0, 0x00, 0x0F, 0xE0, 0x00, 0x1F, 0xC0, 0x00, 0x7F, 0x80, 0x01, 0xFE, 
  0x00, 0x07, 0xF8, 0x00, 0x1F, 0xF0, 0x00, 0x7F, 0x80, 0x01, 0xFE, 0x00, 
  0x07, 0xF8, 0x00, 0x0F, 0xE0, 0x00, 0x1F, 0x80, 0x00, 0x3E, 0x00, 0x00, 
  0xFC, 0x00, 0x01, 0xF8, 0x00, 0x00, 0x00, 0x00, 0x00, 0x00, 0x00, 0x0F, 
  0xE0, 0x00, 0x1F, 0xC0, 0x00, 0x3F, 0x80, 0x00, 0x7F, 0x00, 0x00, 0xFE, 
  0x00, 0x01, 0xFC, 0x00, 0x03, 0xF8, 0x00, 0x00, 0x00, 0x3F, 0xF0, 0x00, 
  0x00, 0x00, 0x1F, 0xFF, 0xE0, 0x00, 0x00, 0x07, 0xFF, 0xFF, 0xC0, 0x00, 
  0x01, 0xFF, 0xFF, 0xFE, 0x00, 0x00, 0x7F, 0x80, 0x07, 0xF8, 0x00, 0x0F, 
  0xE0, 0x00, 0x1F, 0xC0, 0x01, 0xF8, 0x00, 0x00, 0x7E, 0x00, 0x3F, 0x00, 
  0x00, 0x03, 0xF0, 0x07, 0xE0, 0x00, 0x00, 0x1F, 0x80, 0x7C, 0x00, 0x00, 
  0x00, 0xF8, 0x0F, 0x80, 0x00, 0x00, 0x07, 0xC1, 0xF0, 0x01, 0xFC, 0x78, 
  0x3C, 0x1E, 0x00, 0x7F, 0xF7, 0x83, 0xE3, 0xE0, 0x0F, 0xFF, 0x78, 0x1E, 
  0x3C, 0x01, 0xF8, 0x7F, 0x81, 0xE3, 0xC0, 0x3E, 0x03, 0xF0, 0x1E, 0x7C, 
  0x03, 0xC0, 0x1F, 0x01, 0xE7, 0x80, 0x7C, 0x01, 0xF0, 0x1E, 0x78, 0x0F, 
  0x80, 0x1E, 0x01, 0xE7, 0x80, 0xF0, 0x01, 0xE0, 0x1E, 0xF8, 0x0F, 0x00, 
  0x1E, 0x01, 0xEF, 0x80, 0xF0, 0x03, 0xE0, 0x1E, 0xF8, 0x1F, 0x00, 0x3C, 
  0x03, 0xEF, 0x81, 0xF0, 0x03, 0xC0, 0x3E, 0xF8, 0x1F, 0x00, 0x7C, 0x07, 
  0xCF, 0x81, 0xF0, 0x07, 0xC0, 0x7C, 0x78, 0x1F, 0x00, 0xF8, 0x0F, 0x87, 
  0xC0, 0xF8, 0x1F, 0xC3, 0xF0, 0x7C, 0x0F, 0xFF, 0xFE, 0xFF, 0x03, 0xC0, 
  0x7F, 0xFB, 0xFF, 0xE0, 0x3E, 0x03, 0xFF, 0x1F, 0xF8, 0x03, 0xF0, 0x1F, 
  0xE0, 0xFF, 0x00, 0x1F, 0x80, 0x00, 0x00, 0x00, 0x00, 0xFC, 0x00, 0x00, 
  0x00, 0x00, 0x07, 0xE0, 0x00, 0x00, 0x00, 0x00, 0x3F, 0x80, 0x00, 0x00, 
  0x00, 0x01, 0xFE, 0x00, 0x03, 0x00, 0x00, 0x0F, 0xFC, 0x03, 0xF0, 0x00, 
  0x00, 0x3F, 0xFF, 0xFF, 0x80, 0x00, 0x00, 0xFF, 0xFF, 0xF8, 0x00, 0x00, 
  0x03, 0xFF, 0xFC, 0x00, 0x00, 0x00, 0x00, 0x60, 0x00, 0x00, 0x00, 0x0F, 
  0xF0, 0x00, 0x00, 0x0F, 0xF8, 0x00, 0x00, 0x1F, 0xF8, 0x00, 0x00, 0x1F, 
  0xFC, 0x00, 0x00, 0x1F, 0xFC, 0x00, 0x00, 0x3F, 0xFC, 0x00, 0x00, 0x3F, 
  0xFE, 0x00, 0x00, 0x3F, 0xFE, 0x00, 0x00, 0x7F, 0xFE, 0x00, 0x00, 0x7F, 
  0x7F, 0x00, 0x00, 0x7E, 0x7F, 0x00, 0x00, 0xFE, 0x7F, 0x00, 0x00, 0xFE, 
  0x3F, 0x80, 0x01, 0xFC, 0x3F, 0x80, 0x01, 0xFC, 0x3F, 0x80, 0x01, 0xFC, 
  0x1F, 0xC0, 0x03, 0xF8, 0x1F, 0xC0, 0x03, 0xF8, 0x1F, 0xC0, 0x03, 0xF8, 
  0x0F, 0xE0, 0x07, 0xF0, 0x0F, 0xE0, 0x07, 0xF0, 0x0F, 0xE0, 0x07, 0xFF, 
  0xFF, 0xF0, 0x0F, 0xFF, 0xFF, 0xF0, 0x0F, 0xFF, 0xFF, 0xF0, 0x0F, 0xFF, 
  0xFF, 0xF8, 0x1F, 0xFF, 0xFF, 0xF8, 0x1F, 0xFF, 0xFF, 0xF8, 0x1F, 0xC0, 
  0x01, 0xFC, 0x3F, 0x80, 0x01, 0xFC, 0x3F, 0x80, 0x01, 0xFC, 0x7F, 0x80, 
  0x00, 0xFE, 0x7F, 0x00, 0x00, 0xFE, 0x7F, 0x00, 0x00, 0xFF, 0xFF, 0x00, 
  0x00, 0x7F, 0xFF, 0xFF, 0xF0, 0x1F, 0xFF, 0xFF, 0x83, 0xFF, 0xFF, 0xF8, 
  0x7F, 0xFF, 0xFF, 0x8F, 0xFF, 0xFF, 0xF9, 0xFF, 0xFF, 0xFF, 0xBF, 0x80, 
  0x0F, 0xF7, 0xF0, 0x00, 0xFE, 0xFE, 0x00, 0x1F, 0xDF, 0xC0, 0x01, 0xFB, 
  0xF8, 0x00, 0x7F, 0x7F, 0x00, 0x0F, 0xEF, 0xE0, 0x03, 0xF9, 0xFF, 0xFF, 
  0xFF, 0x3F, 0xFF, 0xFF, 0x87, 0xFF, 0xFF, 0xE0, 0xFF, 0xFF, 0xFE, 0x1F, 
  0xFF, 0xFF, 0xE3, 0xFF, 0xFF, 0xFE, 0x7F, 0x00, 0x3F, 0xEF, 0xE0, 0x01, 
  0xFD, 0xFC, 0x00, 0x1F, 0xFF, 0x80, 0x03, 0xFF, 0xF0, 0x00, 0x3F, 0xFE, 
  0x00, 0x0F, 0xFF, 0xC0, 0x01, 0xFF, 0xF8, 0x00, 0x3F, 0xFF, 0x00, 0x1F, 
  0xFF, 0xFF, 0xFF, 0xFD, 0xFF, 0xFF, 0xFF, 0xBF, 0xFF, 0xFF, 0xE7, 0xFF, 
  0xFF, 0xF8, 0xFF, 0xFF, 0xFC, 0x1F, 0xFF, 0xFE, 0x00, 0x00, 0x0F, 0xE0, 
  0x00, 0x01, 0xFF, 0xF8, 0x00, 0x1F, 0xFF, 0xF0, 0x00, 0xFF, 0xFF, 0xF0, 
  0x07, 0xFF, 0xFF, 0xE0, 0x3F, 0xFF, 0xFF, 0xC1, 0xFF, 0xC3, 0xFF, 0x07, 
  0xF8, 0x03, 0xFE, 0x3F, 0xC0, 0x03, 0xF8, 0xFE, 0x00, 0x0F, 0xF7, 0xF8, 
  0x00, 0x1F, 0xDF, 0xC0, 0x00, 0x7F, 0x7F, 0x00, 0x00, 0x03, 0xFC, 0x00, 
  0x00, 0x0F, 0xE0, 0x00, 0x00, 0x3F, 0x80, 0x00, 0x00, 0xFE, 0x00, 0x00, 
  0x03, 0xF8, 0x00, 0x00, 0x0F, 0xE0, 0x00, 0x00, 0x3F, 0x80, 0x00, 0x00, 
  0xFE, 0x00, 0x00, 0x03, 0xF8, 0x00, 0x00, 0x0F, 0xE0, 0x00, 0x00, 0x1F, 
  0xC0, 0x00, 0x7F, 0x7F, 0x00, 0x01, 0xFD, 0xFE, 0x00, 0x07, 0xF7, 0xF8, 
  0x00, 0x3F, 0xCF, 0xF0, 0x00, 0xFE, 0x3F, 0xE0, 0x07, 0xF8, 0x7F, 0xC0, 
  0x7F, 0xC0, 0xFF, 0xFF, 0xFF, 0x03, 0xFF, 0xFF, 0xF8, 0x07, 0xFF, 0xFF, 
  0xC0, 0x07, 0xFF, 0xFE, 0x00, 0x0F, 0xFF, 0xE0, 0x00, 0x07, 0xFC, 0x00, 
  0xFF, 0xFF, 0xE0, 0x0F, 0xFF, 0xFF, 0x80, 0xFF, 0xFF, 0xFE, 0x0F, 0xFF, 
  0xFF, 0xF0, 0xFF, 0xFF, 0xFF, 0x0F, 0xFF, 0xFF, 0xF8, 0xFE, 0x00, 0x7F, 
  0xCF, 0xE0, 0x03, 0xFC, 0xFE, 0x00, 0x1F, 0xEF, 0xE0, 0x00, 0xFE, 0xFE, 
  0x00, 0x0F, 0xEF, 0xE0, 0x00, 0xFE, 0xFE, 0x00, 0x07, 0xFF, 0xE0, 0x00, 
  0x7F, 0xFE, 0x00, 0x07, 0xFF, 0xE0, 0x00, 0x7F, 0xFE, 0x00, 0x07, 0xFF, 
  0xE0, 0x00, 0x7F, 0xFE, 0x00, 0x07, 0xFF, 0xE0, 0x00, 0x7F, 0xFE, 0x00, 
  0x07, 0xFF, 0xE0, 0x00, 0x7F, 0xFE, 0x00, 0x0F, 0xEF, 0xE0, 0x00, 0xFE, 
  0xFE, 0x00, 0x1F, 0xEF, 0xE0, 0x01, 0xFC, 0xFE, 0x00, 0x3F, 0xCF, 0xE0, 
  0x0F, 0xFC, 0xFF, 0xFF, 0xFF, 0x8F, 0xFF, 0xFF, 0xF0, 0xFF, 0xFF, 0xFE, 
  0x0F, 0xFF, 0xFF, 0xC0, 0xFF, 0xFF, 0xF8, 0x0F, 0xFF, 0xFC, 0x00, 0xFF, 
  0xFF, 0xFF, 0x7F, 0xFF, 0xFF, 0xBF, 0xFF, 0xFF, 0xDF, 0xFF, 0xFF, 0xEF, 
  0xFF, 0xFF, 0xF7, 0xFF, 0xFF, 0xFB, 0xF8, 0x00, 0x01, 0xFC, 0x00, 0x00, 
  0xFE, 0x00, 0x00, 0x7F, 0x00, 0x00, 0x3F, 0x80, 0x00, 0x1F, 0xC0, 0x00, 
  0x0F, 0xE0, 0x00, 0x07, 0xFF, 0xFF, 0xF3, 0xFF, 0xFF, 0xF9, 0xFF, 0xFF, 
  0xFC, 0xFF, 0xFF, 0xFE, 0x7F, 0xFF, 0xFF, 0x3F, 0xFF, 0xFF, 0x9F, 0xC0, 
  0x00, 0x0F, 0xE0, 0x00, 0x07, 0xF0, 0x00, 0x03, 0xF8, 0x00, 0x01, 0xFC, 
  0x00, 0x00, 0xFE, 0x00, 0x00, 0x7F, 0x00, 0x00, 0x3F, 0x80, 0x00, 0x1F, 
  0xC0, 0x00, 0x0F, 0xFF, 0xFF, 0xFF, 0xFF, 0xFF, 0xFF, 0xFF, 0xFF, 0xFF, 
  0xFF, 0xFF, 0xFF, 0xFF, 0xFF, 0xFF, 0xFF, 0xFF, 0xFF, 0xC0, 0xFF, 0xFF, 
  0xFF, 0xFF, 0xFF, 0xFF, 0xFF, 0xFF, 0xFF, 0xFF, 0xFF, 0xFF, 0xFF, 0xFF, 
  0xFF, 0xFF, 0xFF, 0xFF, 0xFF, 0xFC, 0x00, 0x01, 0xFE, 0x00, 0x00, 0xFF, 
  0x00, 0x00, 0x7F, 0x80, 0x00, 0x3F, 0xC0, 0x00, 0x1F, 0xE0, 0x00, 0x0F, 
  0xF0, 0x00, 0x07, 0xFF, 0xFF, 0xF3, 0xFF, 0xFF, 0xF9, 0xFF, 0xFF, 0xFC, 
  0xFF, 0xFF, 0xFE, 0x7F, 0xFF, 0xFF, 0x3F, 0xFF, 0xFF, 0x9F, 0xE0, 0x00, 
  0x0F, 0xF0, 0x00, 0x07, 0xF8, 0x00, 0x03, 0xFC, 0x00, 0x01, 0xFE, 0x00, 
  0x00, 0xFF, 0x00, 0x00, 0x7F, 0x80, 0x00, 0x3F, 0xC0, 0x00, 0x1F, 0xE0, 
  0x00, 0x0F, 0xF0, 0x00, 0x07, 0xF8, 0x00, 0x03, 0xFC, 0x00, 0x01, 0xFE, 
  0x00, 0x00, 0xFF, 0x00, 0x00, 0x7F, 0x80, 0x00, 0x00, 0x00, 0x07, 0xF8, 
  0x00, 0x00, 0x7F, 0xFE, 0x00, 0x03, 0xFF, 0xFF, 0x00, 0x1F, 0xFF, 0xFF, 
  0x00, 0x7F, 0xFF, 0xFF, 0x01, 0xFF, 0xFF, 0xFF, 0x07, 0xFF, 0x07, 0xFF, 
  0x0F, 0xF8, 0x01, 0xFE, 0x3F, 0xC0, 0x01, 0xFE, 0x7F, 0x00, 0x01, 0xFD, 
  0xFE, 0x00, 0x03, 0xFB, 0xF8, 0x00, 0x03, 0xF7, 0xF0, 0x00, 0x00, 0x1F, 
  0xE0, 0x00, 0x00, 0x3F, 0x80, 0x00, 0x00, 0x7F, 0x00, 0x00, 0x00, 0xFE, 
  0x00, 0x3F, 0xFF, 0xFC, 0x00, 0x7F, 0xFF, 0xF8, 0x00, 0xFF, 0xFF, 0xF0, 
  0x01, 0xFF, 0xFF, 0xE0, 0x03, 0xFF, 0xFF, 0xC0, 0x07, 0xFF, 0xFF, 0xC0, 
  0x00, 0x1F, 0xBF, 0x80, 0x00, 0x3F, 0x7F, 0x00, 0x00, 0x7E, 0xFF, 0x00, 
  0x00, 0xFC, 0xFF, 0x00, 0x03, 0xF9, 0xFF, 0x00, 0x0F, 0xF1, 0xFF, 0x00, 
  0x3F, 0xE3, 0xFF, 0x83, 0xFF, 0xC3, 0xFF, 0xFF, 0xFF, 0x83, 0xFF, 0xFF, 
  0xEF, 0x03, 0xFF, 0xFF, 0x9E, 0x01, 0xFF, 0xFE, 0x3C, 0x01, 0xFF, 0xF0, 
  0x78, 0x00, 0x7F, 0x80, 0x00, 0xFE, 0x00, 0x07, 0xFF, 0xE0, 0x00, 0x7F, 
  0xFE, 0x00, 0x07, 0xFF, 0xE0, 0x00, 0x7F, 0xFE, 0x00, 0x07, 0xFF, 0xE0, 
  0x00, 0x7F, 0xFE, 0x00, 0x07, 0xFF, 0xE0, 0x00, 0x7F, 0xFE, 0x00, 0x07, 
  0xFF, 0xE0, 0x00, 0x7F, 0xFE, 0x00, 0x07, 0xFF, 0xE0, 0x00, 0x7F, 0xFE, 
  0x00, 0x07, 0xFF, 0xFF, 0xFF, 0xFF, 0xFF, 0xFF, 0xFF, 0xFF, 0xFF, 0xFF, 
  0xFF, 0xFF, 0xFF, 0xFF, 0xFF, 0xFF, 0xFF, 0xFF, 0xFE, 0x00, 0x07, 0xFF, 
  0xE0, 0x00, 0x7F, 0xFE, 0x00, 0x07, 0xFF, 0xE0, 0x00, 0x7F, 0xFE, 0x00, 
  0x07, 0xFF, 0xE0, 0x00, 0x7F, 0xFE, 0x00, 0x07, 0xFF, 0xE0, 0x00, 0x7F, 
  0xFE, 0x00, 0x07, 0xFF, 0xE0, 0x00, 0x7F, 0xFE, 0x00, 0x07, 0xFF, 0xE0, 
  0x00, 0x7F, 0xFE, 0x00, 0x07, 0xFF, 0xE0, 0x00, 0x7F, 0xFE, 0x00, 0x07, 
  0xFF, 0xE0, 0x00, 0x7F, 0xFF, 0xFF, 0xFF, 0xFF, 0xFF, 0xFF, 0xFF, 0xFF, 
  0xFF, 0xFF, 0xFF, 0xFF, 0xFF, 0xFF, 0xFF, 0xFF, 0xFF, 0xFF, 0xFF, 0xFF, 
  0xFF, 0xFF, 0xFF, 0xFF, 0xFF, 0xFF, 0xFF, 0xFF, 0xFF, 0xFC, 0x00, 0x01, 
  0xFC, 0x00, 0x07, 0xF0, 0x00, 0x1F, 0xC0, 0x00, 0x7F, 0x00, 0x01, 0xFC, 
  0x00, 0x07, 0xF0, 0x00, 0x1F, 0xC0, 0x00, 0x7F, 0x00, 0x01, 0xFC, 0x00, 
  0x07, 0xF0, 0x00, 0x1F, 0xC0, 0x00, 0x7F, 0x00, 0x01, 0xFC, 0x00, 0x07, 
  0xF0, 0x00, 0x1F, 0xC0, 0x00, 0x7F, 0x00, 0x01, 0xFC, 0x00, 0x07, 0xF0, 
  0x00, 0x1F, 0xC0, 0x00, 0x7F, 0x00, 0x01, 0xFF, 0xF8, 0x07, 0xFF, 0xE0, 
  0x1F, 0xFF, 0x80, 0x7F, 0xFE, 0x01, 0xFF, 0xF8, 0x07, 0xFF, 0xE0, 0x1F, 
  0xFF, 0xC0, 0xFF, 0x7F, 0x87, 0xF9, 0xFF, 0xFF, 0xE7, 0xFF, 0xFF, 0x8F, 
  0xFF, 0xFC, 0x1F, 0xFF, 0xE0, 0x3F, 0xFF, 0x00, 0x1F, 0xE0, 0x00, 0xFF, 
  0x00, 0x0F, 0xF9, 0xFE, 0x00, 0x3F, 0xE3, 0xFC, 0x00, 0xFF, 0x87, 0xF8, 
  0x01, 0xFE, 0x0F, 0xF0, 0x07, 0xF8, 0x1F, 0xE0, 0x1F, 0xE0, 0x3F, 0xC0, 
  0x7F, 0x80, 0x7F, 0x81, 0xFE, 0x00, 0xFF, 0x07, 0xF8, 0x01, 0xFE, 0x1F, 
  0xE0, 0x03, 0xFC, 0x7F, 0x80, 0x07, 0xF9, 0xFE, 0x00, 0x0F, 0xF3, 0xF8, 
  0x00, 0x1F, 0xEF, 0xE0, 0x00, 0x3F, 0xFF, 0xC0, 0x00, 0x7F, 0xFF, 0x80, 
  0x00, 0xFF, 0xFF, 0x80, 0x01, 0xFF, 0xFF, 0x80, 0x03, 0xFF, 0xFF, 0x80, 
  0x07, 0xFE, 0x7F, 0x00, 0x0F, 0xF8, 0xFF, 0x00, 0x1F, 0xF0, 0xFF, 0x00, 
  0x3F, 0xC0, 0xFF, 0x00, 0x7F, 0x81, 0xFF, 0x00, 0xFF, 0x01, 0xFE, 0x01, 
  0xFE, 0x01, 0xFE, 0x03, 0xFC, 0x01, 0xFE, 0x07, 0xF8, 0x03, 0xFE, 0x0F, 
  0xF0, 0x03, 0xFC, 0x1F, 0xE0, 0x03, 0xFC, 0x3F, 0xC0, 0x03, 0xFC, 0x7F, 
  0x80, 0x07, 0xFC, 0xFF, 0x00, 0x07, 0xFD, 0xFE, 0x00, 0x07, 0xF8, 0xFE, 
  0x00, 0x01, 0xFC, 0x00, 0x03, 0xF8, 0x00, 0x07, 0xF0, 0x00, 0x0F, 0xE0, 
  0x00, 0x1F, 0xC0, 0x00, 0x3F, 0x80, 0x00, 0x7F, 0x00, 0x00, 0xFE, 0x00, 
  0x01, 0xFC, 0x00, 0x03, 0xF8, 0x00, 0x07, 0xF0, 0x00, 0x0F, 0xE0, 0x00, 
  0x1F, 0xC0, 0x00, 0x3F, 0x80, 0x00, 0x7F, 0x00, 0x00, 0xFE, 0x00, 0x01, 
  0xFC, 0x00, 0x03, 0xF8, 0x00, 0x07, 0xF0, 0x00, 0x0F, 0xE0, 0x00, 0x1F, 
  0xC0, 0x00, 0x3F, 0x80, 0x00, 0x7F, 0x00, 0x00, 0xFE, 0x00, 0x01, 0xFC, 
  0x00, 0x03, 0xF8, 0x00, 0x07, 0xF0, 0x00, 0x0F, 0xFF, 0xFF, 0xFF, 0xFF, 
  0xFF, 0xFF, 0xFF, 0xFF, 0xFF, 0xFF, 0xFF, 0xFF, 0xFF, 0xFF, 0xFF, 0xFF, 
  0xFC, 0xFF, 0xE0, 0x01, 0xFF, 0xFF, 0xF0, 0x01, 0xFF, 0xFF, 0xF8, 0x00, 
  0xFF, 0xFF, 0xFC, 0x00, 0x7F, 0xFF, 0xFF, 0x00, 0x3F, 0xFF, 0xFF, 0x80, 
  0x1F, 0xFF, 0xFF, 0xC0, 0x1F, 0xFF, 0xFF, 0xE0, 0x0F, 0xFF, 0xFF, 0xF8, 
  0x07, 0xFF, 0xFF, 0x7C, 0x03, 0xFF, 0xFF, 0xBE, 0x03, 0xFF, 0xFF, 0xDF, 
  0x01, 0xF7, 0xFF, 0xEF, 0xC0, 0xFB, 0xFF, 0xF3, 0xE0, 0x7D, 0xFF, 0xF9, 
  0xF0, 0x3E, 0xFF, 0xFC, 0xF8, 0x3F, 0x7F, 0xFE, 0x7C, 0x1F, 0x3F, 0xFF, 
  0x3F, 0x0F, 0x9F, 0xFF, 0x8F, 0x87, 0xCF, 0xFF, 0xC7, 0xC7, 0xE7, 0xFF, 
  0xE3, 0xE3, 0xE3, 0xFF, 0xF1, 0xF9, 0xF1, 0xFF, 0xF8, 0x7C, 0xF8, 0xFF, 
  0xFC, 0x3E, 0x7C, 0x7F, 0xFE, 0x1F, 0x7C, 0x3F, 0xFF, 0x0F, 0xFE, 0x1F, 
  0xFF, 0x83, 0xFF, 0x0F, 0xFF, 0xC1, 0xFF, 0x87, 0xFF, 0xE0, 0xFF, 0xC3, 
  0xFF, 0xF0, 0x7F, 0xC1, 0xFF, 0xF8, 0x3F, 0xE0, 0xFF, 0xFC, 0x0F, 0xF0, 
  0x7F, 0xFE, 0x07, 0xF8, 0x3F, 0xFF, 0x03, 0xF8, 0x1F, 0xC0, 0xFF, 0x00, 
  0x07, 0xFF, 0xF0, 0x00, 0x7F, 0xFF, 0x80, 0x07, 0xFF, 0xFC, 0x00, 0x7F, 
  0xFF, 0xC0, 0x07, 0xFF, 0xFE, 0x00, 0x7F, 0xFF, 0xE0, 0x07, 0xFF, 0xFF, 
  0x00, 0x7F, 0xFF, 0xF8, 0x07, 0xFF, 0xFF, 0x80, 0x7F, 0xFF, 0xFC, 0x07, 
  0xFF, 0xEF, 0xC0, 0x7F, 0xFE, 0xFE, 0x07, 0xFF, 0xE7, 0xE0, 0x7F, 0xFE, 
  0x3F, 0x07, 0xFF, 0xE3, 0xF8, 0x7F, 0xFE, 0x1F, 0x87, 0xFF, 0xE1, 0xFC, 
  0x7F, 0xFE, 0x0F, 0xC7, 0xFF, 0xE0, 0x7E, 0x7F, 0xFE, 0x07, 0xF7, 0xFF, 
  0xE0, 0x3F, 0x7F, 0xFE, 0x03, 0xFF, 0xFF, 0xE0, 0x1F, 0xFF, 0xFE, 0x01, 
  0xFF, 0xFF, 0xE0, 0x0F, 0xFF, 0xFE, 0x00, 0x7F, 0xFF, 0xE0, 0x07, 0xFF, 
  0xFE, 0x00, 0x3F, 0xFF, 0xE0, 0x03, 0xFF, 0xFE, 0x00, 0x1F, 0xFF, 0xE0, 
  0x00, 0xFF, 0xFE, 0x00, 0x0F, 0xFF, 0xE0, 0x00, 0x7F, 0x00, 0x07, 0xF0, 
  0x00, 0x00, 0x1F, 0xFF, 0x00, 0x00, 0x3F, 0xFF, 0xE0, 0x00, 0x7F, 0xFF, 
  0xF8, 0x00, 0x7F, 0xFF, 0xFF, 0x00, 0x7F, 0xFF, 0xFF, 0xC0, 0x7F, 0xF0, 
  0x7F, 0xE0, 0x3F, 0xE0, 0x0F, 0xF8, 0x3F, 0xC0, 0x03, 0xFE, 0x1F, 0xE0, 
  0x00, 0xFF, 0x1F, 0xE0, 0x00, 0x3F, 0x8F, 0xE0, 0x00, 0x1F, 0xE7, 0xF0, 
  0x00, 0x07, 0xF7, 0xF8, 0x00, 0x03, 0xFB, 0xF8, 0x00, 0x01, 0xFF, 0xFC, 
  0x00, 0x00, 0x7F, 0xFE, 0x00, 0x00, 0x3F, 0xFF, 0x00, 0x00, 0x1F, 0xFF, 
  0x80, 0x00, 0x0F, 0xFF, 0xC0, 0x00, 0x07, 0xFF, 0xE0, 0x00, 0x03, 0xFF, 
  0xF0, 0x00, 0x03, 0xFF, 0xF8, 0x00, 0x01, 0xFD, 0xFE, 0x00, 0x00, 0xFE, 
  0x7F, 0x00, 0x00, 0x7F, 0x3F, 0xC0, 0x00, 0x7F, 0x9F, 0xE0, 0x00, 0x7F, 
  0x87, 0xF8, 0x00, 0x3F, 0xC3, 0xFE, 0x00, 0x7F, 0xC0, 0xFF, 0xC0, 0x7F, 
  0xE0, 0x3F, 0xFF, 0xFF, 0xE0, 0x0F, 0xFF, 0xFF, 0xE0, 0x03, 0xFF, 0xFF, 
  0xE0, 0x00, 0xFF, 0xFF, 0xE0, 0x00, 0x1F, 0xFF, 0xC0, 0x00, 0x01, 0xFF, 
  0x00, 0x00, 0xFF, 0xFF, 0xF0, 0x3F, 0xFF, 0xFF, 0x0F, 0xFF, 0xFF, 0xE3, 
  0xFF, 0xFF, 0xFC, 0xFF, 0xFF, 0xFF, 0x3F, 0xFF, 0xFF, 0xEF, 0xE0, 0x07, 
  0xFB, 0xF8, 0x00, 0xFE, 0xFE, 0x00, 0x3F, 0xFF, 0x80, 0x07, 0xFF, 0xE0, 
  0x01, 0xFF, 0xF8, 0x00, 0x7F, 0xFE, 0x00, 0x3F, 0xFF, 0x80, 0x0F, 0xEF, 
  0xE0, 0x07, 0xFB, 0xF8, 0x03, 0xFE, 0xFF, 0xFF, 0xFF, 0x3F, 0xFF, 0xFF, 
  0xCF, 0xFF, 0xFF, 0xE3, 0xFF, 0xFF, 0xF0, 0xFF, 0xFF, 0xF8, 0x3F, 0xFF, 
  0xF0, 0x0F, 0xE0, 0x00, 0x03, 0xF8, 0x00, 0x00, 0xFE, 0x00, 0x00, 0x3F, 
  0x80, 0x00, 0x0F, 0xE0, 0x00, 0x03, 0xF8, 0x00, 0x00, 0xFE, 0x00, 0x00, 
  0x3F, 0x80, 0x00, 0x0F, 0xE0, 0x00, 0x03, 0xF8, 0x00, 0x00, 0xFE, 0x00, 
  0x00, 0x3F, 0x80, 0x00, 0x00, 0x00, 0x07, 0xF0, 0x00, 0x00, 0x1F, 0xFF, 
  0x00, 0x00, 0x3F, 0xFF, 0xE0, 0x00, 0x7F, 0xFF, 0xFC, 0x00, 0x7F, 0xFF, 
  0xFF, 0x00, 0x7F, 0xFF, 0xFF, 0xC0, 0x7F, 0xF0, 0x7F, 0xE0, 0x3F, 0xE0, 
  0x0F, 0xF8, 0x3F, 0xE0, 0x03, 0xFE, 0x1F, 0xE0, 0x00, 0xFF, 0x1F, 0xE0, 
  0x00, 0x3F, 0xCF, 0xE0, 0x00, 0x0F, 0xE7, 0xF0, 0x00, 0x07, 0xF7, 0xF8, 
  0x00, 0x03, 0xFF, 0xF8, 0x00, 0x00, 0xFF, 0xFC, 0x00, 0x00, 0x7F, 0xFE, 
  0x00, 0x00, 0x3F, 0xFF, 0x00, 0x00, 0x1F, 0xFF, 0x80, 0x00, 0x0F, 0xFF, 
  0xC0, 0x00, 0x07, 0xFF, 0xE0, 0x00, 0x03, 0xFF, 0xF0, 0x00, 0x01, 0xFF, 
  0xFC, 0x00, 0x21, 0xFE, 0xFE, 0x00, 0x38, 0xFE, 0x7F, 0x00, 0x3E, 0x7F, 
  0x3F, 0xC0, 0x3F, 0xFF, 0x8F, 0xE0, 0x0F, 0xFF, 0x87, 0xF8, 0x03, 0xFF, 
  0xC1, 0xFE, 0x00, 0xFF, 0xC0, 0xFF, 0xC0, 0x7F, 0xE0, 0x3F, 0xFF, 0xFF, 
  0xF0, 0x0F, 0xFF, 0xFF, 0xFC, 0x03, 0xFF, 0xFF, 0xFF, 0x00, 0xFF, 0xFF, 
  0xFF, 0xC0, 0x1F, 0xFF, 0xCF, 0xC0, 0x01, 0xFF, 0x03, 0xC0, 0x00, 0x00, 
  0x00, 0xC0, 0x00, 0x00, 0x00, 0x00, 0xFF, 0xFF, 0xFC, 0x0F, 0xFF, 0xFF, 
  0xF0, 0xFF, 0xFF, 0xFF, 0x8F, 0xFF, 0xFF, 0xFC, 0xFF, 0xFF, 0xFF, 0xCF, 
  0xFF, 0xFF, 0xFE, 0xFE, 0x00, 0x1F, 0xEF, 0xE0, 0x00, 0xFE, 0xFE, 0x00, 
  0x0F, 0xEF, 0xE0, 0x00, 0xFE, 0xFE, 0x00, 0x0F, 0xEF, 0xE0, 0x00, 0xFE, 
  0xFE, 0x00, 0x0F, 0xEF, 0xE0, 0x01, 0xFC, 0xFE, 0x00, 0xFF, 0xCF, 0xFF, 
  0xFF, 0xF8, 0xFF, 0xFF, 0xFF, 0x0F, 0xFF, 0xFF, 0xC0, 0xFF, 0xFF, 0xFF, 
  0x0F, 0xFF, 0xFF, 0xF8, 0xFE, 0x00, 0xFF, 0x8F, 0xE0, 0x03, 0xFC, 0xFE, 
  0x00, 0x1F, 0xCF, 0xE0, 0x01, 0xFC, 0xFE, 0x00, 0x1F, 0xCF, 0xE0, 0x01, 
  0xFC, 0xFE, 0x00, 0x1F, 0xCF, 0xE0, 0x01, 0xFC, 0xFE, 0x00, 0x1F, 0xCF, 
  0xE0, 0x01, 0xFC, 0xFE, 0x00, 0x1F, 0xCF, 0xE0, 0x01, 0xFE, 0xFE, 0x00, 
  0x0F, 0xEF, 0xE0, 0x00, 0xFF, 0x00, 0x3F, 0x80, 0x00, 0x0F, 0xFF, 0xC0, 
  0x01, 0xFF, 0xFF, 0x80, 0x1F, 0xFF, 0xFF, 0x01, 0xFF, 0xFF, 0xF8, 0x1F, 
  0xFF, 0xFF, 0xE0, 0xFF, 0x00, 0xFF, 0x8F, 0xF0, 0x03, 0xFC, 0x7F, 0x00, 
  0x0F, 0xE3, 0xF8, 0x00, 0x3F, 0x1F, 0xC0, 0x01, 0xFC, 0xFE, 0x00, 0x00, 
  0x07, 0xF8, 0x00, 0x00, 0x3F, 0xE0, 0x00, 0x00, 0xFF, 0xF0, 0x00, 0x07, 
  0xFF, 0xFC, 0x00, 0x1F, 0xFF, 0xFE, 0x00, 0x7F, 0xFF, 0xFC, 0x00, 0xFF, 
  0xFF, 0xF0, 0x00, 0xFF, 0xFF, 0xC0, 0x00, 0x3F, 0xFF, 0x00, 0x00, 0x1F, 
  0xF8, 0x00, 0x00, 0x3F, 0xC0, 0x00, 0x00, 0xFF, 0x00, 0x00, 0x03, 0xFB, 
  0xF0, 0x00, 0x1F, 0xDF, 0xC0, 0x00, 0xFE, 0xFE, 0x00, 0x07, 0xE7, 0xF8, 
  0x00, 0x7F, 0x1F, 0xE0, 0x07, 0xF8, 0xFF, 0xFF, 0xFF, 0x83, 0xFF, 0xFF, 
  0xFC, 0x0F, 0xFF, 0xFF, 0xC0, 0x3F, 0xFF, 0xFC, 0x00, 0x7F, 0xFF, 0x80, 
  0x00, 0xFF, 0xE0, 0x00, 0xFF, 0xFF, 0xFF, 0xFF, 0xFF, 0xFF, 0xFF, 0xFF, 
  0xFF, 0xFF, 0xFF, 0xFF, 0xFF, 0xFF, 0xFF, 0xFF, 0xFF, 0xFF, 0xFF, 0xFF, 
  0xC0, 0x0F, 0xE0, 0x00, 0x01, 0xFC, 0x00, 0x00, 0x3F, 0x80, 0x00, 0x07, 
  0xF0, 0x00, 0x00, 0xFE, 0x00, 0x00, 0x1F, 0xC0, 0x00, 0x03, 0xF8, 0x00, 
  0x00, 0x7F, 0x00, 0x00, 0x0F, 0xE0, 0x00, 0x01, 0xFC, 0x00, 0x00, 0x3F, 
  0x80, 0x00, 0x07, 0xF0, 0x00, 0x00, 0xFE, 0x00, 0x00, 0x1F, 0xC0, 0x00, 
  0x03, 0xF8, 0x00, 0x00, 0x7F, 0x00, 0x00, 0x0F, 0xE0, 0x00, 0x01, 0xFC, 
  0x00, 0x00, 0x3F, 0x80, 0x00, 0x07, 0xF0, 0x00, 0x00, 0xFE, 0x00, 0x00, 
  0x1F, 0xC0, 0x00, 0x03, 0xF8, 0x00, 0x00, 0x7F, 0x00, 0x00, 0x0F, 0xE0, 
  0x00, 0x01, 0xFC, 0x00, 0x00, 0x3F, 0x80, 0x00, 0x07, 0xF0, 0x00, 0xFE, 
  0x00, 0x0F, 0xFF, 0xC0, 0x01, 0xFF, 0xF8, 0x00, 0x3F, 0xFF, 0x00, 0x07, 
  0xFF, 0xE0, 0x00, 0xFF, 0xFC, 0x00, 0x1F, 0xFF, 0x80, 0x03, 0xFF, 0xF0, 
  0x00, 0x7F, 0xFE, 0x00, 0x0F, 0xFF, 0xC0, 0x01, 0xFF, 0xF8, 0x00, 0x3F, 
  0xFF, 0x00, 0x07, 0xFF, 0xE0, 0x00, 0xFF, 0xFC, 0x00, 0x1F, 0xFF, 0x80, 
  0x03, 0xFF, 0xF0, 0x00, 0x7F, 0xFE, 0x00, 0x0F, 0xFF, 0xC0, 0x01, 0xFF, 
  0xF8, 0x00, 0x3F, 0xFF, 0x00, 0x07, 0xFF, 0xE0, 0x00, 0xFF, 0xFC, 0x00, 
  0x1F, 0xFF, 0x80, 0x03, 0xFF, 0xF0, 0x00, 0x7F, 0xFE, 0x00, 0x0F, 0xFF, 
  0xC0, 0x03, 0xFF, 0xF8, 0x00, 0x7F, 0x7F, 0x80, 0x1F, 0xE7, 0xFC, 0x0F, 
  0xFC, 0xFF, 0xFF, 0xFF, 0x0F, 0xFF, 0xFF, 0xC0, 0xFF, 0xFF, 0xF8, 0x0F, 
  0xFF, 0xFC, 0x00, 0x7F, 0xFF, 0x00, 0x03, 0xFF, 0x00, 0x00, 0xFE, 0x00, 
  0x03, 0xFB, 0xF8, 0x00, 0x1F, 0xDF, 0xC0, 0x01, 0xFC, 0xFE, 0x00, 0x0F, 
  0xE3, 0xF8, 0x00, 0x7F, 0x1F, 0xC0, 0x03, 0xF0, 0xFE, 0x00, 0x3F, 0x83, 
  0xF8, 0x01, 0xFC, 0x1F, 0xC0, 0x0F, 0xC0, 0xFE, 0x00, 0xFE, 0x03, 0xF0, 
  0x07, 0xF0, 0x1F, 0xC0, 0x3F, 0x00, 0xFE, 0x01, 0xF8, 0x03, 0xF0, 0x1F, 
  0xC0, 0x1F, 0xC0, 0xFC, 0x00, 0xFE, 0x07, 0xE0, 0x03, 0xF0, 0x7F, 0x00, 
  0x1F, 0x83, 0xF0, 0x00, 0xFE, 0x1F, 0x80, 0x03, 0xF0, 0xFC, 0x00, 0x1F, 
  0x8F, 0xC0, 0x00, 0xFE, 0x7E, 0x00, 0x03, 0xF3, 0xF0, 0x00, 0x1F, 0xBF, 
  0x00, 0x00, 0xFF, 0xF8, 0x00, 0x03, 0xFF, 0xC0, 0x00, 0x1F, 0xFC, 0x00, 
  0x00, 0xFF, 0xE0, 0x00, 0x03, 0xFF, 0x00, 0x00, 0x1F, 0xF0, 0x00, 0x00, 
  0xFF, 0x80, 0x00, 0x03, 0xFC, 0x00, 0x00, 0x1F, 0xC0, 0x00, 0x00, 0xFE, 
  0x00, 0x00, 0xFE, 0x00, 0x3F, 0x80, 0x1F, 0xFF, 0xC0, 0x0F, 0xF0, 0x03, 
  0xFB, 0xFC, 0x01, 0xFE, 0x00, 0x7F, 0x3F, 0x80, 0x3F, 0xC0, 0x0F, 0xE7, 
  0xF0, 0x07, 0xFC, 0x03, 0xF8, 0xFE, 0x00, 0xFF, 0x80, 0x7F, 0x0F, 0xC0, 
  0x3F, 0xF0, 0x0F, 0xE1, 0xFC, 0x07, 0xFE, 0x01, 0xFC, 0x3F, 0x80, 0xFF, 
  0xE0, 0x3F, 0x07, 0xF0, 0x1F, 0x7C, 0x0F, 0xE0, 0x7E, 0x07, 0xEF, 0x81, 
  0xFC, 0x0F, 0xE0, 0xF9, 0xF0, 0x3F, 0x81, 0xFC, 0x1F, 0x3E, 0x07, 0xE0, 
  0x3F, 0x83, 0xE3, 0xE0, 0xFC, 0x03, 0xF0, 0x7C, 0x7C, 0x3F, 0x80, 0x7E, 
  0x1F, 0x8F, 0x87, 0xE0, 0x0F, 0xE3, 0xE1, 0xF0, 0xFC, 0x00, 0xFC, 0x7C, 
  0x3F, 0x1F, 0x80, 0x1F, 0x8F, 0x83, 0xE3, 0xF0, 0x03, 0xF1, 0xF0, 0x7C, 
  0xFC, 0x00, 0x7E, 0x7C, 0x0F, 0x9F, 0x80, 0x07, 0xEF, 0x81, 0xF3, 0xF0, 
  0x00, 0xFD, 0xF0, 0x3F, 0x7C, 0x00, 0x1F, 0xBE, 0x03, 0xEF, 0x80, 0x01, 
  0xF7, 0xC0, 0x7F, 0xF0, 0x00, 0x3F, 0xF0, 0x0F, 0xFE, 0x00, 0x07, 0xFE, 
  0x01, 0xFF, 0x80, 0x00, 0xFF, 0xC0, 0x1F, 0xF0, 0x00, 0x0F, 0xF8, 0x03, 
  0xFE, 0x00, 0x01, 0xFF, 0x00, 0x7F, 0xC0, 0x00, 0x3F, 0xC0, 0x0F, 0xF0, 
  0x00, 0x03, 0xF8, 0x01, 0xFE, 0x00, 0x00, 0x7F, 0x00, 0x1F, 0xC0, 0x00, 
  0x0F, 0xE0, 0x03, 0xF0, 0x00, 0x7F, 0x80, 0x07, 0xF9, 0xFF, 0x00, 0x3F, 
  0xC3, 0xFC, 0x00, 0xFF, 0x07, 0xF8, 0x07, 0xF8, 0x1F, 0xE0, 0x3F, 0xC0, 
  0x3F, 0xC0, 0xFF, 0x00, 0x7F, 0x07, 0xF8, 0x01, 0xFE, 0x1F, 0xC0, 0x03, 
  0xF8, 0xFF, 0x00, 0x0F, 0xF3, 0xF8, 0x00, 0x1F, 0xFF, 0xE0, 0x00, 0x3F, 
  0xFF, 0x00, 0x00, 0xFF, 0xF8, 0x00, 0x01, 0xFF, 0xE0, 0x00, 0x07, 0xFF, 
  0x00, 0x00, 0x0F, 0xF8, 0x00, 0x00, 0x1F, 0xE0, 0x00, 0x00, 0xFF, 0x80, 
  0x00, 0x03, 0xFF, 0x00, 0x00, 0x1F, 0xFE, 0x00, 0x00, 0xFF, 0xF8, 0x00, 
  0x03, 0xFF, 0xF0, 0x00, 0x1F, 0xFF, 0xC0, 0x00, 0x7F, 0x7F, 0x80, 0x03, 
  0xF8, 0xFF, 0x00, 0x1F, 0xE1, 0xFC, 0x00, 0x7F, 0x07, 0xF8, 0x03, 0xFC, 
  0x0F, 0xF0, 0x1F, 0xE0, 0x3F, 0xC0, 0x7F, 0x80, 0x7F, 0x83, 0xFC, 0x01, 
  0xFF, 0x0F, 0xF0, 0x03, 0xFC, 0x7F, 0x80, 0x0F, 0xFB, 0xFC, 0x00, 0x1F, 
  0xE0, 0x7F, 0x00, 0x07, 0xF9, 0xFE, 0x00, 0x1F, 0xE3, 0xF8, 0x00, 0xFF, 
  0x0F, 0xF0, 0x03, 0xFC, 0x1F, 0xC0, 0x0F, 0xE0, 0x7F, 0x80, 0x7F, 0x80, 
  0xFE, 0x01, 0xFC, 0x03, 0xFC, 0x0F, 0xF0, 0x07, 0xF0, 0x3F, 0x80, 0x1F, 
  0xE1, 0xFE, 0x00, 0x3F, 0x87, 0xF0, 0x00, 0xFF, 0x1F, 0xC0, 0x01, 0xFC, 
  0xFE, 0x00, 0x07, 0xF3, 0xF8, 0x00, 0x0F, 0xFF, 0xC0, 0x00, 0x1F, 0xFF, 
  0x00, 0x00, 0x7F, 0xF8, 0x00, 0x00, 0xFF, 0xE0, 0x00, 0x03, 0xFF, 0x00, 
  0x00, 0x07, 0xFC, 0x00, 0x00, 0x1F, 0xE0, 0x00, 0x00, 0x3F, 0x80, 0x00, 
  0x00, 0xFE, 0x00, 0x00, 0x03, 0xF8, 0x00, 0x00, 0x0F, 0xE0, 0x00, 0x00, 
  0x3F, 0x80, 0x00, 0x00, 0xFE, 0x00, 0x00, 0x03, 0xF8, 0x00, 0x00, 0x0F, 
  0xE0, 0x00, 0x00, 0x3F, 0x80, 0x00, 0x00, 0xFE, 0x00, 0x00, 0x03, 0xF8, 
  0x00, 0x00, 0x0F, 0xE0, 0x00, 0x00, 0x3F, 0x80, 0x00, 0xFF, 0xFF, 0xFF, 
  0xFF, 0xFF, 0xFF, 0xFF, 0xFF, 0xFF, 0xFF, 0xFF, 0xFF, 0xFF, 0xFF, 0xFF, 
  0xFF, 0xFF, 0xFF, 0xFF, 0xF0, 0x00, 0x07, 0xF8, 0x00, 0x03, 0xFE, 0x00, 
  0x00, 0xFF, 0x00, 0x00, 0x7F, 0x80, 0x00, 0x3F, 0xC0, 0x00, 0x1F, 0xF0, 
  0x00, 0x07, 0xF8, 0x00, 0x03, 0xFC, 0x00, 0x01, 0xFE, 0x00, 0x00, 0xFF, 
  0x80, 0x00, 0x7F, 0xC0, 0x00, 0x1F, 0xE0, 0x00, 0x0F, 0xF0, 0x00, 0x07, 
  0xF8, 0x00, 0x03, 0xFE, 0x00, 0x00, 0xFF, 0x00, 0x00, 0x7F, 0x80, 0x00, 
  0x3F, 0xC0, 0x00, 0x1F, 0xF0, 0x00, 0x0F, 0xF8, 0x00, 0x03, 0xFC, 0x00, 
  0x01, 0xFE, 0x00, 0x00, 0xFF, 0xFF, 0xFF, 0xFF, 0xFF, 0xFF, 0xFF, 0xFF, 
  0xFF, 0xFF, 0xFF, 0xFF, 0xFF, 0xFF, 0xFF, 0xFF, 0xFF, 0xFF, 0xFF, 0xF0, 
  0xFF, 0xFF, 0xFF, 0xFF, 0xFF, 0xFF, 0xFF, 0xF8, 0x3F, 0x07, 0xE0, 0xFC, 
  0x1F, 0x83, 0xF0, 0x7E, 0x0F, 0xC1, 0xF8, 0x3F, 0x07, 0xE0, 0xFC, 0x1F, 
  0x83, 0xF0, 0x7E, 0x0F, 0xC1, 0xF8, 0x3F, 0x07, 0xE0, 0xFC, 0x1F, 0x83, 
  0xF0, 0x7E, 0x0F, 0xC1, 0xF8, 0x3F, 0x07, 0xE0, 0xFC, 0x1F, 0x83, 0xF0, 
  0x7E, 0x0F, 0xC1, 0xF8, 0x3F, 0x07, 0xFF, 0xFF, 0xFF, 0xFF, 0xFF, 0x80, 
  0xF0, 0x00, 0xE0, 0x01, 0xC0, 0x03, 0xC0, 0x03, 0x80, 0x07, 0x00, 0x0F, 
  0x00, 0x0E, 0x00, 0x1C, 0x00, 0x38, 0x00, 0x38, 0x00, 0x70, 0x00, 0xE0, 
  0x00, 0xE0, 0x01, 0xC0, 0x03, 0x80, 0x03, 0x80, 0x07, 0x00, 0x0E, 0x00, 
  0x0E, 0x00, 0x1C, 0x00, 0x38, 0x00, 0x78, 0x00, 0x70, 0x00, 0xE0, 0x01, 
  0xE0, 0x01, 0xC0, 0x03, 0x80, 0x07, 0x80, 0x07, 0x00, 0x0E, 0x00, 0x1E, 
  0x00, 0x1C, 0x00, 0x38, 0x00, 0x78, 0xFF, 0xFF, 0xFF, 0xFF, 0xFF, 0xFF, 
  0xFE, 0x0F, 0xC1, 0xF8, 0x3F, 0x07, 0xE0, 0xFC, 0x1F, 0x83, 0xF0, 0x7E, 
  0x0F, 0xC1, 0xF8, 0x3F, 0x07, 0xE0, 0xFC, 0x1F, 0x83, 0xF0, 0x7E, 0x0F, 
  0xC1, 0xF8, 0x3F, 0x07, 0xE0, 0xFC, 0x1F, 0x83, 0xF0, 0x7E, 0x0F, 0xC1, 
  0xF8, 0x3F, 0x07, 0xE0, 0xFC, 0x1F, 0x83, 0xF0, 0x7E, 0x0F, 0xC1, 0xFF, 
  0xFF, 0xFF, 0xFF, 0xFF, 0xFF, 0x80, 0x00, 0xFC, 0x00, 0x07, 0xF0, 0x00, 
  0x1F, 0xC0, 0x00, 0xFF, 0x80, 0x03, 0xFE, 0x00, 0x0F, 0xFC, 0x00, 0x7D, 
  0xF0, 0x01, 0xF7, 0xC0, 0x0F, 0xDF, 0x80, 0x3E, 0x3E, 0x00, 0xF8, 0xFC, 
  0x07, 0xE1, 0xF0, 0x1F, 0x07, 0xC0, 0xFC, 0x1F, 0x83, 0xE0, 0x3E, 0x0F, 
  0x80, 0xFC, 0x7E, 0x01, 0xF1, 0xF0, 0x07, 0xC7, 0xC0, 0x1F, 0xBE, 0x00, 
  0x3E, 0xFF, 0xFF, 0xFF, 0xFF, 0xFF, 0xFF, 0xFF, 0xFF, 0xFF, 0xFF, 0xF0, 
  0xFC, 0x3E, 0x0F, 0x87, 0xC1, 0xF0, 0x78, 0x1E, 0x00, 0xFE, 0x00, 0x07, 
  0xFF, 0xC0, 0x0F, 0xFF, 0xF0, 0x1F, 0xFF, 0xF8, 0x3F, 0xFF, 0xF8, 0x3F, 
  0xFF, 0xFC, 0x7F, 0x01, 0xFC, 0x7F, 0x00, 0xFC, 0x7E, 0x00, 0xFC, 0x00, 
  0x01, 0xFC, 0x00, 0x07, 0xFC, 0x00, 0xFF, 0xFC, 0x0F, 0xFF, 0xFC, 0x1F, 
  0xFF, 0xFC, 0x3F, 0xFE, 0xFC, 0x7F, 0xC0, 0xFC, 0x7F, 0x00, 0xFC, 0xFE, 
  0x00, 0xFC, 0xFE, 0x01, 0xFC, 0xFE, 0x01, 0xFC, 0xFE, 0x03, 0xFC, 0xFF, 
  0x8F, 0xFC, 0x7F, 0xFF, 0xFC, 0x7F, 0xFF, 0xFC, 0x3F, 0xFE, 0xFE, 0x1F, 
  0xF8, 0xFF, 0x07, 0xE0, 0x00, 0xFC, 0x00, 0x00, 0xFC, 0x00, 0x00, 0xFC, 
  0x00, 0x00, 0xFC, 0x00, 0x00, 0xFC, 0x00, 0x00, 0xFC, 0x00, 0x00, 0xFC, 
  0x00, 0x00, 0xFC, 0x00, 0x00, 0xFC, 0x1F, 0x00, 0xFC, 0x7F, 0xC0, 0xFD, 
  0xFF, 0xF0, 0xFD, 0xFF, 0xF8, 0xFF, 0xFF, 0xF8, 0xFF, 0xFF, 0xFC, 0xFF, 
  0x83, 0xFC, 0xFF, 0x00, 0xFE, 0xFF, 0x00, 0xFE, 0xFE, 0x00, 0x7F, 0xFE, 
  0x00, 0x7F, 0xFC, 0x00, 0x7F, 0xFC, 0x00, 0x7F, 0xFC, 0x00, 0x7F, 0xFC, 
  0x00, 0x7F, 0xFC, 0x00, 0x7F, 0xFE, 0x00, 0x7F, 0xFE, 0x00, 0x7F, 0xFE, 
  0x00, 0xFE, 0xFF, 0x00, 0xFE, 0xFF, 0x81, 0xFE, 0xFF, 0xE7, 0xFC, 0xFF, 
  0xFF, 0xFC, 0xFF, 0xFF, 0xF8, 0xFD, 0xFF, 0xF0, 0xFC, 0xFF, 0xE0, 0x00, 
  0x3F, 0x80, 0x00, 0x7C, 0x00, 0x07, 0xFF, 0x00, 0x3F, 0xFF, 0x80, 0xFF, 
  0xFF, 0x83, 0xFF, 0xFF, 0x8F, 0xFF, 0xFF, 0x1F, 0xE0, 0xFF, 0x3F, 0x80, 
  0xFE, 0xFE, 0x00, 0xFD, 0xFC, 0x01, 0xFB, 0xF0, 0x00, 0x07, 0xE0, 0x00, 
  0x0F, 0xC0, 0x00, 0x1F, 0x80, 0x00, 0x3F, 0x00, 0x00, 0x7E, 0x00, 0x00, 
  0xFC, 0x00, 0x01, 0xFC, 0x01, 0xFB, 0xF8, 0x03, 0xF7, 0xF0, 0x0F, 0xE7, 
  0xF0, 0x1F, 0xCF, 0xF8, 0xFF, 0x0F, 0xFF, 0xFE, 0x0F, 0xFF, 0xF8, 0x0F, 
  0xFF, 0xE0, 0x0F, 0xFF, 0x80, 0x07, 0xF8, 0x00, 0x00, 0x00, 0x3F, 0x80, 
  0x00, 0x1F, 0xC0, 0x00, 0x0F, 0xE0, 0x00, 0x07, 0xF0, 0x00, 0x03, 0xF8, 
  0x00, 0x01, 0xFC, 0x00, 0x00, 0xFE, 0x00, 0x00, 0x7F, 0x00, 0x78, 0x3F, 
  0x81, 0xFF, 0x9F, 0xC1, 0xFF, 0xEF, 0xE1, 0xFF, 0xFF, 0xF1, 0xFF, 0xFF, 
  0xF9, 0xFF, 0xFF, 0xFC, 0xFF, 0x07, 0xFE, 0xFF, 0x01, 0xFF, 0x7F, 0x00, 
  0x7F, 0xBF, 0x80, 0x3F, 0xDF, 0x80, 0x0F, 0xFF, 0xC0, 0x07, 0xFF, 0xE0, 
  0x03, 0xFF, 0xF0, 0x01, 0xFF, 0xF8, 0x00, 0xFF, 0xFC, 0x00, 0x7F, 0x7E, 
  0x00, 0x3F, 0xBF, 0x80, 0x3F, 0xDF, 0xC0, 0x1F, 0xEF, 0xF0, 0x1F, 0xF3, 
  0xFC, 0x1F, 0xF9, 0xFF, 0xBF, 0xFC, 0x7F, 0xFF, 0xFE, 0x1F, 0xFF, 0xFF, 
  0x0F, 0xFF, 0xBF, 0x81, 0xFF, 0x9F, 0xC0, 0x3F, 0x00, 0x00, 0x00, 0x7E, 
  0x00, 0x03, 0xFF, 0x80, 0x07, 0xFF, 0xE0, 0x1F, 0xFF, 0xF0, 0x1F, 0xFF, 
  0xF8, 0x3F, 0xC7, 0xFC, 0x7F, 0x01, 0xFC, 0x7F, 0x00, 0xFE, 0x7E, 0x00, 
  0xFE, 0xFE, 0x00, 0x7E, 0xFE, 0x00, 0x7E, 0xFF, 0xFF, 0xFF, 0xFF, 0xFF, 
  0xFF, 0xFF, 0xFF, 0xFF, 0xFF, 0xFF, 0xFF, 0xFE, 0x00, 0x00, 0xFE, 0x00, 
  0x00, 0xFE, 0x00, 0x00, 0x7E, 0x00, 0x00, 0x7E, 0x00, 0x7E, 0x7F, 0x00, 
  0xFE, 0x3F, 0x83, 0xFC, 0x3F, 0xFF, 0xFC, 0x1F, 0xFF, 0xF8, 0x0F, 0xFF, 
  0xF0, 0x07, 0xFF, 0xC0, 0x00, 0xFF, 0x00, 0x03, 0xF8, 0x1F, 0xE0, 0xFF, 
  0x83, 0xFE, 0x1F, 0xF8, 0x7F, 0x01, 0xFC, 0x07, 0xF0, 0x1F, 0xC3, 0xFF, 
  0xFF, 0xFF, 0xFF, 0xFF, 0xFF, 0xFF, 0xFF, 0xF1, 0xFC, 0x07, 0xF0, 0x1F, 
  0xC0, 0x7F, 0x01, 0xFC, 0x07, 0xF0, 0x1F, 0xC0, 0x7F, 0x01, 0xFC, 0x07, 
  0xF0, 0x1F, 0xC0, 0x7F, 0x01, 0xFC, 0x07, 0xF0, 0x1F, 0xC0, 0x7F, 0x01, 
  0xFC, 0x07, 0xF0, 0x1F, 0xC0, 0x7F, 0x00, 0x00, 0xF0, 0x00, 0x0F, 0xF8, 
  0xFC, 0x3F, 0xFD, 0xF8, 0xFF, 0xFB, 0xF3, 0xFF, 0xFF, 0xE7, 0xFF, 0xFF, 
  0xDF, 0xE0, 0xFF, 0xBF, 0x80, 0xFF, 0xFE, 0x00, 0xFF, 0xFC, 0x01, 0xFF, 
  0xF8, 0x01, 0xFF, 0xE0, 0x03, 0xFF, 0xC0, 0x07, 0xFF, 0x80, 0x0F, 0xFF, 
  0x00, 0x1F, 0xFE, 0x00, 0x3F, 0xFE, 0x00, 0x7F, 0xFC, 0x00, 0xFF, 0xF8, 
  0x03, 0xFF, 0xF8, 0x07, 0xF7, 0xF8, 0x1F, 0xEF, 0xFD, 0xFF, 0xCF, 0xFF, 
  0xFF, 0x9F, 0xFF, 0xFF, 0x1F, 0xFF, 0x7E, 0x0F, 0xFC, 0xFC, 0x07, 0xE1, 
  0xF8, 0x00, 0x03, 0xF0, 0x00, 0x07, 0xFF, 0xC0, 0x1F, 0xFF, 0xC0, 0x3F, 
  0xBF, 0xC1, 0xFE, 0x7F, 0xFF, 0xFC, 0x7F, 0xFF, 0xF0, 0x7F, 0xFF, 0x80, 
  0x1F, 0xFC, 0x00, 0xFE, 0x00, 0x03, 0xF8, 0x00, 0x0F, 0xE0, 0x00, 0x3F, 
  0x80, 0x00, 0xFE, 0x00, 0x03, 0xF8, 0x00, 0x0F, 0xE0, 0x00, 0x3F, 0x80, 
  0x00, 0xFE, 0x0F, 0x03, 0xF9, 0xFF, 0x8F, 0xEF, 0xFF, 0x3F, 0xFF, 0xFE, 
  0xFF, 0xFF, 0xFF, 0xFF, 0xFF, 0xFF, 0xF8, 0x3F, 0xFF, 0xC0, 0x7F, 0xFE, 
  0x00, 0xFF, 0xF8, 0x03, 0xFF, 0xE0, 0x0F, 0xFF, 0x80, 0x3F, 0xFE, 0x00, 
  0xFF, 0xF8, 0x03, 0xFF, 0xE0, 0x0F, 0xFF, 0x80, 0x3F, 0xFE, 0x00, 0xFF, 
  0xF8, 0x03, 0xFF, 0xE0, 0x0F, 0xFF, 0x80, 0x3F, 0xFE, 0x00, 0xFF, 0xF8, 
  0x03, 0xFF, 0xE0, 0x0F, 0xFF, 0x80, 0x3F, 0xFE, 0x00, 0xFF, 0xF8, 0x03, 
  0xF0, 0xFF, 0xFF, 0xFF, 0xFF, 0xFF, 0xC0, 0x00, 0x01, 0xFF, 0xFF, 0xFF, 
  0xFF, 0xFF, 0xFF, 0xFF, 0xFF, 0xFF, 0xFF, 0xFF, 0xFF, 0xFF, 0xFF, 0xFF, 
  0xFF, 0xFF, 0xFF, 0xFF, 0xFF, 0xFF, 0xFC, 0x1F, 0xC7, 0xF1, 0xFC, 0x7F, 
  0x1F, 0xC7, 0xF0, 0x00, 0x00, 0x00, 0x07, 0xF1, 0xFC, 0x7F, 0x1F, 0xC7, 
  0xF1, 0xFC, 0x7F, 0x1F, 0xC7, 0xF1, 0xFC, 0x7F, 0x1F, 0xC7, 0xF1, 0xFC, 
  0x7F, 0x1F, 0xC7, 0xF1, 0xFC, 0x7F, 0x1F, 0xC7, 0xF1, 0xFC, 0x7F, 0x1F, 
  0xC7, 0xF1, 0xFC, 0x7F, 0x1F, 0xC7, 0xF1, 0xFF, 0xFF, 0xFF, 0xFF, 0xEF, 
  0xFB, 0xFC, 0xFC, 0x00, 0x01, 0xF8, 0x00, 0x03, 0xF0, 0x00, 0x07, 0xE0, 
  0x00, 0x0F, 0xC0, 0x00, 0x1F, 0x80, 0x00, 0x3F, 0x00, 0x00, 0x7E, 0x00, 
  0x00, 0xFC, 0x00, 0x01, 0xF8, 0x07, 0xFB, 0xF0, 0x1F, 0xC7, 0xE0, 0x7F, 
  0x8F, 0xC1, 0xFE, 0x1F, 0x83, 0xF8, 0x3F, 0x0F, 0xE0, 0x7E, 0x3F, 0x80, 
  0xFC, 0xFE, 0x01, 0xFB, 0xF8, 0x03, 0xFF, 0xF0, 0x07, 0xFF, 0xE0, 0x0F, 
  0xFF, 0xE0, 0x1F, 0xFF, 0xC0, 0x3F, 0xFF, 0xC0, 0x7F, 0xBF, 0xC0, 0xFE, 
  0x3F, 0x81, 0xFC, 0x7F, 0x83, 0xF0, 0x7F, 0x07, 0xE0, 0xFF, 0x0F, 0xC0, 
  0xFF, 0x1F, 0x80, 0xFE, 0x3F, 0x01, 0xFE, 0x7E, 0x01, 0xFC, 0xFC, 0x03, 
  0xFD, 0xF8, 0x03, 0xF8, 0xFF, 0xFF, 0xFF, 0xFF, 0xFF, 0xFF, 0xFF, 0xFF, 
  0xFF, 0xFF, 0xFF, 0xFF, 0xFF, 0xFF, 0xFF, 0xFF, 0xFF, 0xFF, 0xFF, 0xFF, 
  0xFF, 0xFF, 0xFF, 0xFF, 0xFF, 0xFF, 0xFF, 0xFF, 0xFF, 0xFC, 0x00, 0x1F, 
  0x00, 0x7C, 0x0F, 0xC7, 0xFC, 0x1F, 0xF8, 0xFD, 0xFF, 0xE7, 0xFF, 0xCF, 
  0xDF, 0xFF, 0x7F, 0xFE, 0xFF, 0xFF, 0xFF, 0xFF, 0xEF, 0xFF, 0xFF, 0xFF, 
  0xFE, 0xFF, 0x07, 0xFE, 0x0F, 0xFF, 0xE0, 0x3F, 0xC0, 0x7F, 0xFE, 0x03, 
  0xF8, 0x07, 0xFF, 0xC0, 0x3F, 0x80, 0x7F, 0xFC, 0x03, 0xF8, 0x07, 0xFF, 
  0xC0, 0x3F, 0x80, 0x7F, 0xFC, 0x03, 0xF8, 0x07, 0xFF, 0xC0, 0x3F, 0x80, 
  0x7F, 0xFC, 0x03, 0xF8, 0x07, 0xFF, 0xC0, 0x3F, 0x80, 0x7F, 0xFC, 0x03, 
  0xF8, 0x07, 0xFF, 0xC0, 0x3F, 0x80, 0x7F, 0xFC, 0x03, 0xF8, 0x07, 0xFF, 
  0xC0, 0x3F, 0x80, 0x7F, 0xFC, 0x03, 0xF8, 0x07, 0xFF, 0xC0, 0x3F, 0x80, 
  0x7F, 0xFC, 0x03, 0xF8, 0x07, 0xFF, 0xC0, 0x3F, 0x80, 0x7F, 0xFC, 0x03, 
  0xF8, 0x07, 0xFF, 0xC0, 0x3F, 0x80, 0x7F, 0x00, 0x0F, 0x81, 0xFC, 0xFF, 
  0xC3, 0xFB, 0xFF, 0xC7, 0xFF, 0xFF, 0xCF, 0xFF, 0xFF, 0xDF, 0xFF, 0xFF, 
  0xBF, 0xE0, 0xFF, 0x7F, 0x80, 0xFF, 0xFE, 0x00, 0xFF, 0xFC, 0x01, 0xFF, 
  0xF8, 0x03, 0xFF, 0xF0, 0x07, 0xFF, 0xE0, 0x0F, 0xFF, 0xC0, 0x1F, 0xFF, 
  0x80, 0x3F, 0xFF, 0x00, 0x7F, 0xFE, 0x00, 0xFF, 0xFC, 0x01, 0xFF, 0xF8, 
  0x03, 0xFF, 0xF0, 0x07, 0xFF, 0xE0, 0x0F, 0xFF, 0xC0, 0x1F, 0xFF, 0x80, 
  0x3F, 0xFF, 0x00, 0x7F, 0xFE, 0x00, 0xFF, 0xFC, 0x01, 0xFC, 0x00, 0x7E, 
  0x00, 0x01, 0xFF, 0xE0, 0x03, 0xFF, 0xFC, 0x03, 0xFF, 0xFF, 0x03, 0xFF, 
  0xFF, 0xC1, 0xFF, 0xFF, 0xF1, 0xFE, 0x07, 0xF8, 0xFE, 0x01, 0xFE, 0xFE, 
  0x00, 0x7F, 0x7F, 0x00, 0x3F, 0xBF, 0x80, 0x0F, 0xDF, 0x80, 0x07, 0xFF, 
  0xC0, 0x03, 0xFF, 0xE0, 0x01, 0xFF, 0xF0, 0x00, 0xFF, 0xF8, 0x00, 0x7F, 
  0xFE, 0x00, 0x3F, 0xFF, 0x00, 0x1F, 0xBF, 0x80, 0x1F, 0xCF, 0xE0, 0x0F, 
  0xE7, 0xF8, 0x0F, 0xE3, 0xFF, 0x1F, 0xF0, 0xFF, 0xFF, 0xF0, 0x3F, 0xFF, 
  0xF0, 0x0F, 0xFF, 0xF0, 0x01, 0xFF, 0xF0, 0x00, 0x3F, 0xE0, 0x00, 0x00, 
  0x1F, 0x00, 0xFC, 0x7F, 0xC0, 0xFC, 0xFF, 0xF0, 0xFD, 0xFF, 0xF8, 0xFF, 
  0xFF, 0xF8, 0xFF, 0xFF, 0xFC, 0xFF, 0x83, 0xFC, 0xFF, 0x00, 0xFE, 0xFE, 
  0x00, 0xFE, 0xFE, 0x00, 0x7E, 0xFE, 0x00, 0x7F, 0xFC, 0x00, 0x7F, 0xFC, 
  0x00, 0x7F, 0xFC, 0x00, 0x7F, 0xFC, 0x00, 0x7F, 0xFC, 0x00, 0x7F, 0xFE, 
  0x00, 0x7F, 0xFE, 0x00, 0x7F, 0xFE, 0x00, 0xFE, 0xFF, 0x00, 0xFE, 0xFF, 
  0x81, 0xFE, 0xFF, 0xE7, 0xFC, 0xFF, 0xFF, 0xFC, 0xFD, 0xFF, 0xF8, 0xFD, 
  0xFF, 0xF0, 0xFC, 0xFF, 0xE0, 0xFC, 0x3F, 0x80, 0xFC, 0x00, 0x00, 0xFC, 
  0x00, 0x00, 0xFC, 0x00, 0x00, 0xFC, 0x00, 0x00, 0xFC, 0x00, 0x00, 0xFC, 
  0x00, 0x00, 0xFC, 0x00, 0x00, 0xFC, 0x00, 0x00, 0xFC, 0x00, 0x00, 0x00, 
  0x78, 0x00, 0x01, 0xFF, 0x1F, 0xC1, 0xFF, 0xEF, 0xE1, 0xFF, 0xF7, 0xF1, 
  0xFF, 0xFF, 0xF9, 0xFF, 0xFF, 0xFC, 0xFF, 0x07, 0xFE, 0xFF, 0x01, 0xFF, 
  0x7F, 0x00, 0x7F, 0xBF, 0x80, 0x3F, 0xDF, 0x80, 0x0F, 0xFF, 0xC0, 0x07, 
  0xFF, 0xE0, 0x03, 0xFF, 0xF0, 0x01, 0xFF, 0xF8, 0x00, 0xFF, 0xFC, 0x00, 
  0x7F, 0xFE, 0x00, 0x3F, 0xBF, 0x00, 0x3F, 0xDF, 0xC0, 0x1F, 0xEF, 0xE0, 
  0x1F, 0xF3, 0xF8, 0x1F, 0xF9, 0xFF, 0x3F, 0xFC, 0x7F, 0xFF, 0xFE, 0x3F, 
  0xFF, 0xFF, 0x0F, 0xFF, 0xBF, 0x81, 0xFF, 0x9F, 0xC0, 0x7F, 0x0F, 0xE0, 
  0x00, 0x07, 0xF0, 0x00, 0x03, 0xF8, 0x00, 0x01, 0xFC, 0x00, 0x00, 0xFE, 
  0x00, 0x00, 0x7F, 0x00, 0x00, 0x3F, 0x80, 0x00, 0x1F, 0xC0, 0x00, 0x0F, 
  0xE0, 0x00, 0x07, 0xF0, 0x00, 0x0F, 0xF8, 0xFF, 0xEF, 0xFF, 0xBF, 0xFF, 
  0xFF, 0xFF, 0xFF, 0xFF, 0xFF, 0xE0, 0xFF, 0x03, 0xF8, 0x0F, 0xE0, 0x3F, 
  0x80, 0xFE, 0x03, 0xF8, 0x0F, 0xE0, 0x3F, 0x80, 0xFE, 0x03, 0xF8, 0x0F, 
  0xE0, 0x3F, 0x80, 0xFE, 0x03, 0xF8, 0x0F, 0xE0, 0x3F, 0x80, 0xFE, 0x03, 
  0xF8, 0x00, 0x00, 0x7E, 0x00, 0x07, 0xFF, 0x80, 0x3F, 0xFF, 0xC0, 0xFF, 
  0xFF, 0xC3, 0xFF, 0xFF, 0xC7, 0xF8, 0xFF, 0x9F, 0xC0, 0x7F, 0x3F, 0x80, 
  0x7F, 0x7F, 0x00, 0xFE, 0xFF, 0x80, 0x01, 0xFF, 0xE0, 0x01, 0xFF, 0xF8, 
  0x03, 0xFF, 0xFF, 0x03, 0xFF, 0xFF, 0x01, 0xFF, 0xFF, 0x00, 0x3F, 0xFF, 
  0x00, 0x0F, 0xFE, 0x00, 0x03, 0xFC, 0x00, 0x01, 0xFF, 0xF0, 0x03, 0xF7, 
  0xF0, 0x0F, 0xEF, 0xF0, 0x3F, 0xDF, 0xFF, 0xFF, 0x1F, 0xFF, 0xFE, 0x1F, 
  0xFF, 0xF8, 0x1F, 0xFF, 0xC0, 0x07, 0xFE, 0x00, 0x1F, 0x80, 0xFC, 0x07, 
  0xE0, 0x3F, 0x01, 0xF8, 0x0F, 0xC0, 0x7E, 0x1F, 0xFF, 0xFF, 0xFF, 0xFF, 
  0xFF, 0xFF, 0xFF, 0xF1, 0xF8, 0x0F, 0xC0, 0x7E, 0x03, 0xF0, 0x1F, 0x80, 
  0xFC, 0x07, 0xE0, 0x3F, 0x01, 0xF8, 0x0F, 0xC0, 0x7E, 0x03, 0xF0, 0x1F, 
  0x80, 0xFE, 0x07, 0xF0, 0x3F, 0x81, 0xFF, 0x8F, 0xFC, 0x3F, 0xE1, 0xFF, 
  0x03, 0xF8, 0xFC, 0x00, 0xFF, 0xF0, 0x03, 0xFF, 0xC0, 0x0F, 0xFF, 0x00, 
  0x3F, 0xFC, 0x00, 0xFF, 0xF0, 0x03, 0xFF, 0xC0, 0x0F, 0xFF, 0x00, 0x3F, 
  0xFC, 0x00, 0xFF, 0xF0, 0x03, 0xFF, 0xC0, 0x0F, 0xFF, 0x00, 0x3F, 0xFC, 
  0x00, 0xFF, 0xF0, 0x03, 0xFF, 0xC0, 0x0F, 0xFF, 0x00, 0x3F, 0xFC, 0x00, 
  0xFF, 0xF0, 0x07, 0xFF, 0xE0, 0x1F, 0xFF, 0x80, 0xFF, 0xFF, 0xFF, 0xFF, 
  0xFF, 0xFF, 0xF7, 0xFF, 0xFF, 0xCF, 0xFF, 0xBF, 0x1F, 0xFC, 0xFC, 0x1F, 
  0xC0, 0x00, 0xFE, 0x00, 0x7F, 0xFE, 0x00, 0x7F, 0x7E, 0x00, 0xFE, 0x7F, 
  0x00, 0xFE, 0x7F, 0x00, 0xFE, 0x3F, 0x00, 0xFC, 0x3F, 0x81, 0xFC, 0x3F, 
  0x81, 0xF8, 0x1F, 0x81, 0xF8, 0x1F, 0xC1, 0xF8, 0x1F, 0xC3, 0xF0, 0x0F, 
  0xC3, 0xF0, 0x0F, 0xC3, 0xF0, 0x0F, 0xE7, 0xE0, 0x07, 0xE7, 0xE0, 0x07, 
  0xE7, 0xE0, 0x03, 0xF7, 0xC0, 0x03, 0xFF, 0xC0, 0x03, 0xFF, 0xC0, 0x01, 
  0xFF, 0x80, 0x01, 0xFF, 0x80, 0x01, 0xFF, 0x80, 0x00, 0xFF, 0x00, 0x00, 
  0xFF, 0x00, 0x00, 0xFF, 0x00, 0xFE, 0x01, 0xFC, 0x07, 0xF7, 0xE0, 0x1F, 
  0xC0, 0x7E, 0x7F, 0x03, 0xFC, 0x07, 0xE7, 0xF0, 0x3F, 0xC0, 0xFE, 0x3F, 
  0x03, 0xFE, 0x0F, 0xE3, 0xF0, 0x3F, 0xE0, 0xFC, 0x3F, 0x87, 0xFE, 0x0F, 
  0xC3, 0xF8, 0x7F, 0xE1, 0xFC, 0x1F, 0x87, 0xFE, 0x1F, 0x81, 0xF8, 0x7D, 
  0xF1, 0xF8, 0x1F, 0xC7, 0x9F, 0x1F, 0x80, 0xFC, 0xF9, 0xF1, 0xF8, 0x0F, 
  0xCF, 0x9F, 0x3F, 0x00, 0xFC, 0xF8, 0xFB, 0xF0, 0x0F, 0xCF, 0x8F, 0xBF, 
  0x00, 0x7F, 0xF0, 0xFB, 0xE0, 0x07, 0xFF, 0x0F, 0xBE, 0x00, 0x7F, 0xF0, 
  0xFF, 0xE0, 0x03, 0xFF, 0x07, 0xFE, 0x00, 0x3F, 0xE0, 0x7F, 0xC0, 0x03, 
  0xFE, 0x07, 0xFC, 0x00, 0x3F, 0xE0, 0x7F, 0xC0, 0x01, 0xFE, 0x07, 0xFC, 
  0x00, 0x1F, 0xC0, 0x3F, 0x80, 0x01, 0xFC, 0x03, 0xF8, 0x00, 0xFF, 0x00, 
  0xFE, 0x7F, 0x81, 0xFE, 0x3F, 0x81, 0xFC, 0x3F, 0xC3, 0xF8, 0x1F, 0xC7, 
  0xF8, 0x0F, 0xE7, 0xF0, 0x0F, 0xFF, 0xE0, 0x07, 0xFF, 0xE0, 0x03, 0xFF, 
  0xC0, 0x03, 0xFF, 0x80, 0x01, 0xFF, 0x80, 0x00, 0xFF, 0x00, 0x00, 0xFF, 
  0x00, 0x01, 0xFF, 0x80, 0x01, 0xFF, 0x80, 0x03, 0xFF, 0xC0, 0x07, 0xFF, 
  0xE0, 0x07, 0xFF, 0xE0, 0x0F, 0xE7, 0xF0, 0x1F, 0xE7, 0xF8, 0x1F, 0xC3, 
  0xF8, 0x3F, 0xC3, 0xFC, 0x7F, 0x81, 0xFE, 0x7F, 0x01, 0xFE, 0xFF, 0x00, 
  0xFF, 0x7F, 0x00, 0x3F, 0xBF, 0x80, 0x1F, 0xDF, 0xE0, 0x0F, 0xC7, 0xF0, 
  0x0F, 0xE3, 0xF8, 0x07, 0xF0, 0xFC, 0x03, 0xF0, 0x7F, 0x01, 0xF8, 0x3F, 
  0x81, 0xFC, 0x0F, 0xC0, 0xFC, 0x07, 0xF0, 0x7E, 0x03, 0xF8, 0x7E, 0x00, 
  0xFC, 0x3F, 0x00, 0x7F, 0x1F, 0x80, 0x3F, 0x8F, 0x80, 0x0F, 0xCF, 0xC0, 
  0x07, 0xE7, 0xE0, 0x03, 0xFB, 0xE0, 0x00, 0xFF, 0xF0, 0x00, 0x7F, 0xF8, 
  0x00, 0x1F, 0xF8, 0x00, 0x0F, 0xFC, 0x00, 0x07, 0xFE, 0x00, 0x01, 0xFE, 
  0x00, 0x00, 0xFF, 0x00, 0x00, 0x7F, 0x80, 0x00, 0x1F, 0x80, 0x00, 0x0F, 
  0xC0, 0x00, 0x07, 0xE0, 0x00, 0x07, 0xE0, 0x00, 0x07, 0xF0, 0x00, 0x3F, 
  0xF8, 0x00, 0x1F, 0xF8, 0x00, 0x0F, 0xFC, 0x00, 0x07, 0xFC, 0x00, 0x03, 
  0xF8, 0x00, 0x00, 0x7F, 0xFF, 0xFB, 0xFF, 0xFF, 0xDF, 0xFF, 0xFE, 0xFF, 
  0xFF, 0xF7, 0xFF, 0xFF, 0x80, 0x07, 0xF8, 0x00, 0x7F, 0x80, 0x07, 0xF8, 
  0x00, 0x7F, 0xC0, 0x03, 0xFC, 0x00, 0x3F, 0xC0, 0x03, 0xFC, 0x00, 0x3F, 
  0xC0, 0x03, 0xFC, 0x00, 0x3F, 0xE0, 0x01, 0xFE, 0x00, 0x1F, 0xE0, 0x01, 
  0xFE, 0x00, 0x1F, 0xE0, 0x01, 0xFE, 0x00, 0x0F, 0xFF, 0xFF, 0xFF, 0xFF, 
  0xFF, 0xFF, 0xFF, 0xFF, 0xFF, 0xFF, 0xFF, 0xFF, 0xF8, 0x03, 0xF8, 0x3F, 
  0xC3, 0xFE, 0x1F, 0xF0, 0xFE, 0x07, 0xC0, 0x3E, 0x01, 0xF0, 0x0F, 0x80, 
  0x7C, 0x03, 0xE0, 0x1F, 0x00, 0xF8, 0x07, 0xC0, 0x3E, 0x01, 0xF0, 0x0F, 
  0x80, 0xFC, 0x07, 0xE1, 0xFE, 0x0F, 0xE0, 0x7C, 0x03, 0xFC, 0x1F, 0xE0, 
  0x1F, 0x80, 0xFC, 0x03, 0xE0, 0x1F, 0x00, 0xF8, 0x07, 0xC0, 0x3E, 0x01, 
  0xF0, 0x0F, 0x80, 0x7C, 0x03, 0xE0, 0x1F, 0x00, 0xF8, 0x07, 0xC0, 0x3F, 
  0x01, 0xFF, 0x0F, 0xF8, 0x3F, 0xC0, 0xFE, 0xFF, 0xFF, 0xFF, 0xFF, 0xFF, 
  0xFF, 0xFF, 0xFF, 0xFF, 0xFF, 0xFF, 0xFF, 0xFF, 0xFF, 0xFF, 0xFF, 0x80, 
  0xFE, 0x03, 0xFC, 0x0F, 0xF8, 0x3F, 0xE0, 0x1F, 0xC0, 0x3F, 0x00, 0xFC, 
  0x03, 0xF0, 0x0F, 0xC0, 0x3F, 0x00, 0xFC, 0x03, 0xF0, 0x0F, 0xC0, 0x3F, 
  0x00, 0xFC, 0x03, 0xF0, 0x0F, 0xC0, 0x3F, 0x00, 0xFC, 0x01, 0xFC, 0x07, 
  0xFC, 0x07, 0xF0, 0x3F, 0xC1, 0xFF, 0x0F, 0xE0, 0x3F, 0x00, 0xFC, 0x03, 
  0xF0, 0x0F, 0xC0, 0x3F, 0x00, 0xFC, 0x03, 0xF0, 0x0F, 0xC0, 0x3F, 0x00, 
  0xFC, 0x03, 0xF0, 0x0F, 0xC0, 0x3F, 0x01, 0xFC, 0x3F, 0xE0, 0xFF, 0x83, 
  0xFC, 0x0F, 0xE0, 0x00, 0x0F, 0x00, 0x01, 0xFE, 0x01, 0xDF, 0xF8, 0x0E, 
  0xFF, 0xE0, 0xFF, 0x0F, 0xEF, 0xF8, 0x3F, 0xFB, 0xC0, 0x7F, 0xC0, 0x01, 
  0xFC, 0xFF, 0xFF, 0xFF, 0xFF, 0xFF, 0xFF, 0xFF, 0xFF, 0xFF, 0xFF, 0xFF, 
  0xFF, 0xFF, 0xFF, 0xFF, 0xFF, 0xE0, 0x00, 0xFF, 0xF0, 0x00, 0x7F, 0xF8, 
  0x00, 0x3F, 0xFC, 0x00, 0x1F, 0xFE, 0x00, 0x0F, 0xFF, 0x00, 0x07, 0xFF, 
  0x80, 0x03, 0xFF, 0xC0, 0x01, 0xFF, 0xE0, 0x00, 0xFF, 0xF0, 0x00, 0x7F, 
  0xF8, 0x00, 0x3F, 0xFC, 0x00, 0x1F, 0xFE, 0x00, 0x0F, 0xFF, 0x00, 0x07, 
  0xFF, 0x80, 0x03, 0xFF, 0xC0, 0x01, 0xFF, 0xE0, 0x00, 0xFF, 0xF0, 0x00, 
  0x7F, 0xF8, 0x00, 0x3F, 0xFC, 0x00, 0x1F, 0xFE, 0x00, 0x0F, 0xFF, 0x00, 
  0x07, 0xFF, 0x80, 0x03, 0xFF, 0xC0, 0x01, 0xFF, 0xFF, 0xFF, 0xFF, 0xFF, 
  0xFF, 0xFF, 0xFF, 0xFF, 0xFF, 0xFF, 0xFF, 0xFF, 0xFF, 0xFF, 0xFF, 0xC0, 
  0xFF, 0xFF, 0xFF, 0xFF, 0xFF, 0xFF, 0xFF, 0xFF, 0xFF, 0xFF, 0xFF, 0xFF, 
  0xFF, 0xFF, 0xFF, 0xFF, 0xE0, 0x00, 0xFF, 0xF0, 0x00, 0x7F, 0xF8, 0x00, 
  0x3F, 0xFC, 0x00, 0x1F, 0xFE, 0x00, 0x0F, 0xFF, 0x00, 0x07, 0xFF, 0x80, 
  0x03, 0xFF, 0xC0, 0x01, 0xFF, 0xE0, 0x00, 0xFF, 0xF0, 0x00, 0x7F, 0xF8, 
  0x00, 0x3F, 0xFC, 0x00, 0x1F, 0xFE, 0x00, 0x0F, 0xFF, 0x00, 0x07, 0xFF, 
  0x80, 0x03, 0xFF, 0xC0, 0x01, 0xFF, 0xE0, 0x00, 0xFF, 0xF0, 0x00, 0x7F, 
  0xF8, 0x00, 0x3F, 0xFC, 0x00, 0x1F, 0xFE, 0x00, 0x0F, 0xFF, 0x00, 0x07, 
  0xFF, 0x80, 0x03, 0xFF, 0xC0, 0x01, 0xFF, 0xFF, 0xFF, 0xFF, 0xFF, 0xFF, 
  0xFF, 0xFF, 0xFF, 0xFF, 0xFF, 0xFF, 0xFF, 0xFF, 0xFF, 0xFF, 0xC0, 0xFF, 
  0xFF, 0xFF, 0xFF, 0xFF, 0xFF, 0xFF, 0xFF, 0xFF, 0xFF, 0xFF, 0xFF, 0xFF, 
  0xFF, 0xFF, 0xFF, 0xE0, 0x00, 0xFF, 0xF0, 0x00, 0x7F, 0xF8, 0x00, 0x3F, 
  0xFC, 0x00, 0x1F, 0xFE, 0x00, 0x0F, 0xFF, 0x00, 0x07, 0xFF, 0x80, 0x03, 
  0xFF, 0xC0, 0x01, 0xFF, 0xE0, 0x00, 0xFF, 0xF0, 0x00, 0x7F, 0xF8, 0x00, 
  0x3F, 0xFC, 0x00, 0x1F, 0xFE, 0x00, 0x0F, 0xFF, 0x00, 0x07, 0xFF, 0x80, 
  0x03, 0xFF, 0xC0, 0x01, 0xFF, 0xE0, 0x00, 0xFF, 0xF0, 0x00, 0x7F, 0xF8, 
  0x00, 0x3F, 0xFC, 0x00, 0x1F, 0xFE, 0x00, 0x0F, 0xFF, 0x00, 0x07, 0xFF, 
  0x80, 0x03, 0xFF, 0xC0, 0x01, 0xFF, 0xFF, 0xFF, 0xFF, 0xFF, 0xFF, 0xFF, 
  0xFF, 0xFF, 0xFF, 0xFF, 0xFF, 0xFF, 0xFF, 0xFF, 0xFF, 0xC0, 0xFF, 0xFF, 
  0xFF, 0xFF, 0xFF, 0xFF, 0xFF, 0xFF, 0xFF, 0xFF, 0xFF, 0xFF, 0xFF, 0xFF, 
  0xFF, 0xFF, 0xE0, 0x00, 0xFF, 0xF0, 0x00, 0x7F, 0xF8, 0x00, 0x3F, 0xFC, 
  0x00, 0x1F, 0xFE, 0x00, 0x0F, 0xFF, 0x00, 0x07, 0xFF, 0x80, 0x03, 0xFF, 
  0xC0, 0x01, 0xFF, 0xE0, 0x00, 0xFF, 0xF0, 0x00, 0x7F, 0xF8, 0x00, 0x3F, 
  0xFC, 0x00, 0x1F, 0xFE, 0x00, 0x0F, 0xFF, 0x00, 0x07, 0xFF, 0x80, 0x03, 
  0xFF, 0xC0, 0x01, 0xFF, 0xE0, 0x00, 0xFF, 0xF0, 0x00, 0x7F, 0xF8, 0x00, 
  0x3F, 0xFC, 0x00, 0x1F, 0xFE, 0x00, 0x0F, 0xFF, 0x00, 0x07, 0xFF, 0x80, 
  0x03, 0xFF, 0xC0, 0x01, 0xFF, 0xFF, 0xFF, 0xFF, 0xFF, 0xFF, 0xFF, 0xFF, 
  0xFF, 0xFF, 0xFF, 0xFF, 0xFF, 0xFF, 0xFF, 0xFF, 0xC0, 0xFF, 0xFF, 0xFF, 
  0xFF, 0xFF, 0xFF, 0xFF, 0xFF, 0xFF, 0xFF, 0xFF, 0xFF, 0xFF, 0xFF, 0xFF, 
  0xFF, 0xE0, 0x00, 0xFF, 0xF0, 0x00, 0x7F, 0xF8, 0x00, 0x3F, 0xFC, 0x00, 
  0x1F, 0xFE, 0x00, 0x0F, 0xFF, 0x00, 0x07, 0xFF, 0x80, 0x03, 0xFF, 0xC0, 
  0x01, 0xFF, 0xE0, 0x00, 0xFF, 0xF0, 0x00, 0x7F, 0xF8, 0x00, 0x3F, 0xFC, 
  0x00, 0x1F, 0xFE, 0x00, 0x0F, 0xFF, 0x00, 0x07, 0xFF, 0x80, 0x03, 0xFF, 
  0xC0, 0x01, 0xFF, 0xE0, 0x00, 0xFF, 0xF0, 0x00, 0x7F, 0xF8, 0x00, 0x3F, 
  0xFC, 0x00, 0x1F, 0xFE, 0x00, 0x0F, 0xFF, 0x00, 0x07, 0xFF, 0x80, 0x03, 
  0xFF, 0xC0, 0x01, 0xFF, 0xFF, 0xFF, 0xFF, 0xFF, 0xFF, 0xFF, 0xFF, 0xFF, 
  0xFF, 0xFF, 0xFF, 0xFF, 0xFF, 0xFF, 0xFF, 0xC0, 0xFF, 0xFF, 0xFF, 0xFF, 
  0xFF, 0xFF, 0xFF, 0xFF, 0xFF, 0xFF, 0xFF, 0xFF, 0xFF, 0xFF, 0xFF, 0xFF, 
  0xE0, 0x00, 0xFF, 0xF0, 0x00, 0x7F, 0xF8, 0x00, 0x3F, 0xFC, 0x00, 0x1F, 
  0xFE, 0x00, 0x0F, 0xFF, 0x00, 0x07, 0xFF, 0x80, 0x03, 0xFF, 0xC0, 0x01, 
  0xFF, 0xE0, 0x00, 0xFF, 0xF0, 0x00, 0x7F, 0xF8, 0x00, 0x3F, 0xFC, 0x00, 
  0x1F, 0xFE, 0x00, 0x0F, 0xFF, 0x00, 0x07, 0xFF, 0x80, 0x03, 0xFF, 0xC0, 
  0x01, 0xFF, 0xE0, 0x00, 0xFF, 0xF0, 0x00, 0x7F, 0xF8, 0x00, 0x3F, 0xFC, 
  0x00, 0x1F, 0xFE, 0x00, 0x0F, 0xFF, 0x00, 0x07, 0xFF, 0x80, 0x03, 0xFF, 
  0xC0, 0x01, 0xFF, 0xFF, 0xFF, 0xFF, 0xFF, 0xFF, 0xFF, 0xFF, 0xFF, 0xFF, 
  0xFF, 0xFF, 0xFF, 0xFF, 0xFF, 0xFF, 0xC0, 0xFF, 0xFF, 0xFF, 0xFF, 0xFF, 
  0xFF, 0xFF, 0xFF, 0xFF, 0xFF, 0xFF, 0xFF, 0xFF, 0xFF, 0xFF, 0xFF, 0xE0, 
  0x00, 0xFF, 0xF0, 0x00, 0x7F, 0xF8, 0x00, 0x3F, 0xFC, 0x00, 0x1F, 0xFE, 
  0x00, 0x0F, 0xFF, 0x00, 0x07, 0xFF, 0x80, 0x03, 0xFF, 0xC0, 0x01, 0xFF, 
  0xE0, 0x00, 0xFF, 0xF0, 0x00, 0x7F, 0xF8, 0x00, 0x3F, 0xFC, 0x00, 0x1F, 
  0xFE, 0x00, 0x0F, 0xFF, 0x00, 0x07, 0xFF, 0x80, 0x03, 0xFF, 0xC0, 0x01, 
  0xFF, 0xE0, 0x00, 0xFF, 0xF0, 0x00, 0x7F, 0xF8, 0x00, 0x3F, 0xFC, 0x00, 
  0x1F, 0xFE, 0x00, 0x0F, 0xFF, 0x00, 0x07, 0xFF, 0x80, 0x03, 0xFF, 0xC0, 
  0x01, 0xFF, 0xFF, 0xFF, 0xFF, 0xFF, 0xFF, 0xFF, 0xFF, 0xFF, 0xFF, 0xFF, 
  0xFF, 0xFF, 0xFF, 0xFF, 0xFF, 0xC0, 0xFF, 0xFF, 0xFF, 0xFF, 0xFF, 0xFF, 
  0xFF, 0xFF, 0xFF, 0xFF, 0xFF, 0xFF, 0xFF, 0xFF, 0xFF, 0xFF, 0xE0, 0x00, 
  0xFF, 0xF0, 0x00, 0x7F, 0xF8, 0x00, 0x3F, 0xFC, 0x00, 0x1F, 0xFE, 0x00, 
  0x0F, 0xFF, 0x00, 0x07, 0xFF, 0x80, 0x03, 0xFF, 0xC0, 0x01, 0xFF, 0xE0, 
  0x00, 0xFF, 0xF0, 0x00, 0x7F, 0xF8, 0x00, 0x3F, 0xFC, 0x00, 0x1F, 0xFE, 
  0x00, 0x0F, 0xFF, 0x00, 0x07, 0xFF, 0x80, 0x03, 0xFF, 0xC0, 0x01, 0xFF, 
  0xE0, 0x00, 0xFF, 0xF0, 0x00, 0x7F, 0xF8, 0x00, 0x3F, 0xFC, 0x00, 0x1F, 
  0xFE, 0x00, 0x0F, 0xFF, 0x00, 0x07, 0xFF, 0x80, 0x03, 0xFF, 0xC0, 0x01, 
  0xFF, 0xFF, 0xFF, 0xFF, 0xFF, 0xFF, 0xFF, 0xFF, 0xFF, 0xFF, 0xFF, 0xFF, 
  0xFF, 0xFF, 0xFF, 0xFF, 0xC0, 0xFF, 0xFF, 0xFF, 0xFF, 0xFF, 0xFF, 0xFF, 
  0xFF, 0xFF, 0xFF, 0xFF, 0xFF, 0xFF, 0xFF, 0xFF, 0xFF, 0xE0, 0x00, 0xFF, 
  0xF0, 0x00, 0x7F, 0xF8, 0x00, 0x3F, 0xFC, 0x00, 0x1F, 0xFE, 0x00, 0x0F, 
  0xFF, 0x00, 0x07, 0xFF, 0x80, 0x03, 0xFF, 0xC0, 0x01, 0xFF, 0xE0, 0x00, 
  0xFF, 0xF0, 0x00, 0x7F, 0xF8, 0x00, 0x3F, 0xFC, 0x00, 0x1F, 0xFE, 0x00, 
  0x0F, 0xFF, 0x00, 0x07, 0xFF, 0x80, 0x03, 0xFF, 0xC0, 0x01, 0xFF, 0xE0, 
  0x00, 0xFF, 0xF0, 0x00, 0x7F, 0xF8, 0x00, 0x3F, 0xFC, 0x00, 0x1F, 0xFE, 
  0x00, 0x0F, 0xFF, 0x00, 0x07, 0xFF, 0x80, 0x03, 0xFF, 0xC0, 0x01, 0xFF, 
  0xFF, 0xFF, 0xFF, 0xFF, 0xFF, 0xFF, 0xFF, 0xFF, 0xFF, 0xFF, 0xFF, 0xFF, 
  0xFF, 0xFF, 0xFF, 0xC0, 0xFF, 0xFF, 0xFF, 0xFF, 0xFF, 0xFF, 0xFF, 0xFF, 
  0xFF, 0xFF, 0xFF, 0xFF, 0xFF, 0xFF, 0xFF, 0xFF, 0xE0, 0x00, 0xFF, 0xF0, 
  0x00, 0x7F, 0xF8, 0x00, 0x3F, 0xFC, 0x00, 0x1F, 0xFE, 0x00, 0x0F, 0xFF, 
  0x00, 0x07, 0xFF, 0x80, 0x03, 0xFF, 0xC0, 0x01, 0xFF, 0xE0, 0x00, 0xFF, 
  0xF0, 0x00, 0x7F, 0xF8, 0x00, 0x3F, 0xFC, 0x00, 0x1F, 0xFE, 0x00, 0x0F, 
  0xFF, 0x00, 0x07, 0xFF, 0x80, 0x03, 0xFF, 0xC0, 0x01, 0xFF, 0xE0, 0x00, 
  0xFF, 0xF0, 0x00, 0x7F, 0xF8, 0x00, 0x3F, 0xFC, 0x00, 0x1F, 0xFE, 0x00, 
  0x0F, 0xFF, 0x00, 0x07, 0xFF, 0x80, 0x03, 0xFF, 0xC0, 0x01, 0xFF, 0xFF, 
  0xFF, 0xFF, 0xFF, 0xFF, 0xFF, 0xFF, 0xFF, 0xFF, 0xFF, 0xFF, 0xFF, 0xFF, 
  0xFF, 0xFF, 0xC0, 0xFF, 0xFF, 0xFF, 0xFF, 0xFF, 0xFF, 0xFF, 0xFF, 0xFF, 
  0xFF, 0xFF, 0xFF, 0xFF, 0xFF, 0xFF, 0xFF, 0xE0, 0x00, 0xFF, 0xF0, 0x00, 
  0x7F, 0xF8, 0x00, 0x3F, 0xFC, 0x00, 0x1F, 0xFE, 0x00, 0x0F, 0xFF, 0x00, 
  0x07, 0xFF, 0x80, 0x03, 0xFF, 0xC0, 0x01, 0xFF, 0xE0, 0x00, 0xFF, 0xF0, 
  0x00, 0x7F, 0xF8, 0x00, 0x3F, 0xFC, 0x00, 0x1F, 0xFE, 0x00, 0x0F, 0xFF, 
  0x00, 0x07, 0xFF, 0x80, 0x03, 0xFF, 0xC0, 0x01, 0xFF, 0xE0, 0x00, 0xFF, 
  0xF0, 0x00, 0x7F, 0xF8, 0x00, 0x3F, 0xFC, 0x00, 0x1F, 0xFE, 0x00, 0x0F, 
  0xFF, 0x00, 0x07, 0xFF, 0x80, 0x03, 0xFF, 0xC0, 0x01, 0xFF, 0xFF, 0xFF, 
  0xFF, 0xFF, 0xFF, 0xFF, 0xFF, 0xFF, 0xFF, 0xFF, 0xFF, 0xFF, 0xFF, 0xFF, 
  0xFF, 0xC0, 0xFF, 0xFF, 0xFF, 0xFF, 0xFF, 0xFF, 0xFF, 0xFF, 0xFF, 0xFF, 
  0xFF, 0xFF, 0xFF, 0xFF, 0xFF, 0xFF, 0xE0, 0x00, 0xFF, 0xF0, 0x00, 0x7F, 
  0xF8, 0x00, 0x3F, 0xFC, 0x00, 0x1F, 0xFE, 0x00, 0x0F, 0xFF, 0x00, 0x07, 
  0xFF, 0x80, 0x03, 0xFF, 0xC0, 0x01, 0xFF, 0xE0, 0x00, 0xFF, 0xF0, 0x00, 
  0x7F, 0xF8, 0x00, 0x3F, 0xFC, 0x00, 0x1F, 0xFE, 0x00, 0x0F, 0xFF, 0x00, 
  0x07, 0xFF, 0x80, 0x03, 0xFF, 0xC0, 0x01, 0xFF, 0xE0, 0x00, 0xFF, 0xF0, 
  0x00, 0x7F, 0xF8, 0x00, 0x3F, 0xFC, 0x00, 0x1F, 0xFE, 0x00, 0x0F, 0xFF, 
  0x00, 0x07, 0xFF, 0x80, 0x03, 0xFF, 0xC0, 0x01, 0xFF, 0xFF, 0xFF, 0xFF, 
  0xFF, 0xFF, 0xFF, 0xFF, 0xFF, 0xFF, 0xFF, 0xFF, 0xFF, 0xFF, 0xFF, 0xFF, 
  0xC0, 0xFF, 0xFF, 0xFF, 0xFF, 0xFF, 0xFF, 0xFF, 0xFF, 0xFF, 0xFF, 0xFF, 
  0xFF, 0xFF, 0xFF, 0xFF, 0xFF, 0xE0, 0x00, 0xFF, 0xF0, 0x00, 0x7F, 0xF8, 
  0x00, 0x3F, 0xFC, 0x00, 0x1F, 0xFE, 0x00, 0x0F, 0xFF, 0x00, 0x07, 0xFF, 
  0x80, 0x03, 0xFF, 0xC0, 0x01, 0xFF, 0xE0, 0x00, 0xFF, 0xF0, 0x00, 0x7F, 
  0xF8, 0x00, 0x3F, 0xFC, 0x00, 0x1F, 0xFE, 0x00, 0x0F, 0xFF, 0x00, 0x07, 
  0xFF, 0x80, 0x03, 0xFF, 0xC0, 0x01, 0xFF, 0xE0, 0x00, 0xFF, 0xF0, 0x00, 
  0x7F, 0xF8, 0x00, 0x3F, 0xFC, 0x00, 0x1F, 0xFE, 0x00, 0x0F, 0xFF, 0x00, 
  0x07, 0xFF, 0x80, 0x03, 0xFF, 0xC0, 0x01, 0xFF, 0xFF, 0xFF, 0xFF, 0xFF, 
  0xFF, 0xFF, 0xFF, 0xFF, 0xFF, 0xFF, 0xFF, 0xFF, 0xFF, 0xFF, 0xFF, 0xC0, 
  0xFF, 0xFF, 0xFF, 0xFF, 0xFF, 0xFF, 0xFF, 0xFF, 0xFF, 0xFF, 0xFF, 0xFF, 
  0xFF, 0xFF, 0xFF, 0xFF, 0xE0, 0x00, 0xFF, 0xF0, 0x00, 0x7F, 0xF8, 0x00, 
  0x3F, 0xFC, 0x00, 0x1F, 0xFE, 0x00, 0x0F, 0xFF, 0x00, 0x07, 0xFF, 0x80, 
  0x03, 0xFF, 0xC0, 0x01, 0xFF, 0xE0, 0x00, 0xFF, 0xF0, 0x00, 0x7F, 0xF8, 
  0x00, 0x3F, 0xFC, 0x00, 0x1F, 0xFE, 0x00, 0x0F, 0xFF, 0x00, 0x07, 0xFF, 
  0x80, 0x03, 0xFF, 0xC0, 0x01, 0xFF, 0xE0, 0x00, 0xFF, 0xF0, 0x00, 0x7F, 
  0xF8, 0x00, 0x3F, 0xFC, 0x00, 0x1F, 0xFE, 0x00, 0x0F, 0xFF, 0x00, 0x07, 
  0xFF, 0x80, 0x03, 0xFF, 0xC0, 0x01, 0xFF, 0xFF, 0xFF, 0xFF, 0xFF, 0xFF, 
  0xFF, 0xFF, 0xFF, 0xFF, 0xFF, 0xFF, 0xFF, 0xFF, 0xFF, 0xFF, 0xC0, 0xFF, 
  0xFF, 0xFF, 0xFF, 0xFF, 0xFF, 0xFF, 0xFF, 0xFF, 0xFF, 0xFF, 0xFF, 0xFF, 
  0xFF, 0xFF, 0xFF, 0xE0, 0x00, 0xFF, 0xF0, 0x00, 0x7F, 0xF8, 0x00, 0x3F, 
  0xFC, 0x00, 0x1F, 0xFE, 0x00, 0x0F, 0xFF, 0x00, 0x07, 0xFF, 0x80, 0x03, 
  0xFF, 0xC0, 0x01, 0xFF, 0xE0, 0x00, 0xFF, 0xF0, 0x00, 0x7F, 0xF8, 0x00, 
  0x3F, 0xFC, 0x00, 0x1F, 0xFE, 0x00, 0x0F, 0xFF, 0x00, 0x07, 0xFF, 0x80, 
  0x03, 0xFF, 0xC0, 0x01, 0xFF, 0xE0, 0x00, 0xFF, 0xF0, 0x00, 0x7F, 0xF8, 
  0x00, 0x3F, 0xFC, 0x00, 0x1F, 0xFE, 0x00, 0x0F, 0xFF, 0x00, 0x07, 0xFF, 
  0x80, 0x03, 0xFF, 0xC0, 0x01, 0xFF, 0xFF, 0xFF, 0xFF, 0xFF, 0xFF, 0xFF, 
  0xFF, 0xFF, 0xFF, 0xFF, 0xFF, 0xFF, 0xFF, 0xFF, 0xFF, 0xC0, 0xFF, 0xFF, 
  0xFF, 0xFF, 0xFF, 0xFF, 0xFF, 0xFF, 0xFF, 0xFF, 0xFF, 0xFF, 0xFF, 0xFF, 
  0xFF, 0xFF, 0xE0, 0x00, 0xFF, 0xF0, 0x00, 0x7F, 0xF8, 0x00, 0x3F, 0xFC, 
  0x00, 0x1F, 0xFE, 0x00, 0x0F, 0xFF, 0x00, 0x07, 0xFF, 0x80, 0x03, 0xFF, 
  0xC0, 0x01, 0xFF, 0xE0, 0x00, 0xFF, 0xF0, 0x00, 0x7F, 0xF8, 0x00, 0x3F, 
  0xFC, 0x00, 0x1F, 0xFE, 0x00, 0x0F, 0xFF, 0x00, 0x07, 0xFF, 0x80, 0x03, 
  0xFF, 0xC0, 0x01, 0xFF, 0xE0, 0x00, 0xFF, 0xF0, 0x00, 0x7F, 0xF8, 0x00, 
  0x3F, 0xFC, 0x00, 0x1F, 0xFE, 0x00, 0x0F, 0xFF, 0x00, 0x07, 0xFF, 0x80, 
  0x03, 0xFF, 0xC0, 0x01, 0xFF, 0xFF, 0xFF, 0xFF, 0xFF, 0xFF, 0xFF, 0xFF, 
  0xFF, 0xFF, 0xFF, 0xFF, 0xFF, 0xFF, 0xFF, 0xFF, 0xC0, 0xFF, 0xFF, 0xFF, 
  0xFF, 0xFF, 0xFF, 0xFF, 0xFF, 0xFF, 0xFF, 0xFF, 0xFF, 0xFF, 0xFF, 0xFF, 
  0xFF, 0xE0, 0x00, 0xFF, 0xF0, 0x00, 0x7F, 0xF8, 0x00, 0x3F, 0xFC, 0x00, 
  0x1F, 0xFE, 0x00, 0x0F, 0xFF, 0x00, 0x07, 0xFF, 0x80, 0x03, 0xFF, 0xC0, 
  0x01, 0xFF, 0xE0, 0x00, 0xFF, 0xF0, 0x00, 0x7F, 0xF8, 0x00, 0x3F, 0xFC, 
  0x00, 0x1F, 0xFE, 0x00, 0x0F, 0xFF, 0x00, 0x07, 0xFF, 0x80, 0x03, 0xFF, 
  0xC0, 0x01, 0xFF, 0xE0, 0x00, 0xFF, 0xF0, 0x00, 0x7F, 0xF8, 0x00, 0x3F, 
  0xFC, 0x00, 0x1F, 0xFE, 0x00, 0x0F, 0xFF, 0x00, 0x07, 0xFF, 0x80, 0x03, 
  0xFF, 0xC0, 0x01, 0xFF, 0xFF, 0xFF, 0xFF, 0xFF, 0xFF, 0xFF, 0xFF, 0xFF, 
  0xFF, 0xFF, 0xFF, 0xFF, 0xFF, 0xFF, 0xFF, 0xC0, 0xFF, 0xFF, 0xFF, 0xFF, 
  0xFF, 0xFF, 0xFF, 0xFF, 0xFF, 0xFF, 0xFF, 0xFF, 0xFF, 0xFF, 0xFF, 0xFF, 
  0xE0, 0x00, 0xFF, 0xF0, 0x00, 0x7F, 0xF8, 0x00, 0x3F, 0xFC, 0x00, 0x1F, 
  0xFE, 0x00, 0x0F, 0xFF, 0x00, 0x07, 0xFF, 0x80, 0x03, 0xFF, 0xC0, 0x01, 
  0xFF, 0xE0, 0x00, 0xFF, 0xF0, 0x00, 0x7F, 0xF8, 0x00, 0x3F, 0xFC, 0x00, 
  0x1F, 0xFE, 0x00, 0x0F, 0xFF, 0x00, 0x07, 0xFF, 0x80, 0x03, 0xFF, 0xC0, 
  0x01, 0xFF, 0xE0, 0x00, 0xFF, 0xF0, 0x00, 0x7F, 0xF8, 0x00, 0x3F, 0xFC, 
  0x00, 0x1F, 0xFE, 0x00, 0x0F, 0xFF, 0x00, 0x07, 0xFF, 0x80, 0x03, 0xFF, 
  0xC0, 0x01, 0xFF, 0xFF, 0xFF, 0xFF, 0xFF, 0xFF, 0xFF, 0xFF, 0xFF, 0xFF, 
  0xFF, 0xFF, 0xFF, 0xFF, 0xFF, 0xFF, 0xC0, 0xFF, 0xFF, 0xFF, 0xFF, 0xFF, 
  0xFF, 0xFF, 0xFF, 0xFF, 0xFF, 0xFF, 0xFF, 0xFF, 0xFF, 0xFF, 0xFF, 0xE0, 
  0x00, 0xFF, 0xF0, 0x00, 0x7F, 0xF8, 0x00, 0x3F, 0xFC, 0x00, 0x1F, 0xFE, 
  0x00, 0x0F, 0xFF, 0x00, 0x07, 0xFF, 0x80, 0x03, 0xFF, 0xC0, 0x01, 0xFF, 
  0xE0, 0x00, 0xFF, 0xF0, 0x00, 0x7F, 0xF8, 0x00, 0x3F, 0xFC, 0x00, 0x1F, 
  0xFE, 0x00, 0x0F, 0xFF, 0x00, 0x07, 0xFF, 0x80, 0x03, 0xFF, 0xC0, 0x01, 
  0xFF, 0xE0, 0x00, 0xFF, 0xF0, 0x00, 0x7F, 0xF8, 0x00, 0x3F, 0xFC, 0x00, 
  0x1F, 0xFE, 0x00, 0x0F, 0xFF, 0x00, 0x07, 0xFF, 0x80, 0x03, 0xFF, 0xC0, 
  0x01, 0xFF, 0xFF, 0xFF, 0xFF, 0xFF, 0xFF, 0xFF, 0xFF, 0xFF, 0xFF, 0xFF, 
  0xFF, 0xFF, 0xFF, 0xFF, 0xFF, 0xC0, 0xFF, 0xFF, 0xFF, 0xFF, 0xFF, 0xFF, 
  0xFF, 0xFF, 0xFF, 0xFF, 0xFF, 0xFF, 0xFF, 0xFF, 0xFF, 0xFF, 0xE0, 0x00, 
  0xFF, 0xF0, 0x00, 0x7F, 0xF8, 0x00, 0x3F, 0xFC, 0x00, 0x1F, 0xFE, 0x00, 
  0x0F, 0xFF, 0x00, 0x07, 0xFF, 0x80, 0x03, 0xFF, 0xC0, 0x01, 0xFF, 0xE0, 
  0x00, 0xFF, 0xF0, 0x00, 0x7F, 0xF8, 0x00, 0x3F, 0xFC, 0x00, 0x1F, 0xFE, 
  0x00, 0x0F, 0xFF, 0x00, 0x07, 0xFF, 0x80, 0x03, 0xFF, 0xC0, 0x01, 0xFF, 
  0xE0, 0x00, 0xFF, 0xF0, 0x00, 0x7F, 0xF8, 0x00, 0x3F, 0xFC, 0x00, 0x1F, 
  0xFE, 0x00, 0x0F, 0xFF, 0x00, 0x07, 0xFF, 0x80, 0x03, 0xFF, 0xC0, 0x01, 
  0xFF, 0xFF, 0xFF, 0xFF, 0xFF, 0xFF, 0xFF, 0xFF, 0xFF, 0xFF, 0xFF, 0xFF, 
  0xFF, 0xFF, 0xFF, 0xFF, 0xC0, 0xFF, 0xFF, 0xFF, 0xFF, 0xFF, 0xFF, 0xFF, 
  0xFF, 0xFF, 0xFF, 0xFF, 0xFF, 0xFF, 0xFF, 0xFF, 0xFF, 0xE0, 0x00, 0xFF, 
  0xF0, 0x00, 0x7F, 0xF8, 0x00, 0x3F, 0xFC, 0x00, 0x1F, 0xFE, 0x00, 0x0F, 
  0xFF, 0x00, 0x07, 0xFF, 0x80, 0x03, 0xFF, 0xC0, 0x01, 0xFF, 0xE0, 0x00, 
  0xFF, 0xF0, 0x00, 0x7F, 0xF8, 0x00, 0x3F, 0xFC, 0x00, 0x1F, 0xFE, 0x00, 
  0x0F, 0xFF, 0x00, 0x07, 0xFF, 0x80, 0x03, 0xFF, 0xC0, 0x01, 0xFF, 0xE0, 
  0x00, 0xFF, 0xF0, 0x00, 0x7F, 0xF8, 0x00, 0x3F, 0xFC, 0x00, 0x1F, 0xFE, 
  0x00, 0x0F, 0xFF, 0x00, 0x07, 0xFF, 0x80, 0x03, 0xFF, 0xC0, 0x01, 0xFF, 
  0xFF, 0xFF, 0xFF, 0xFF, 0xFF, 0xFF, 0xFF, 0xFF, 0xFF, 0xFF, 0xFF, 0xFF, 
  0xFF, 0xFF, 0xFF, 0xC0, 0xFF, 0xFF, 0xFF, 0xFF, 0xFF, 0xFF, 0xFF, 0xFF, 
  0xFF, 0xFF, 0xFF, 0xFF, 0xFF, 0xFF, 0xFF, 0xFF, 0xE0, 0x00, 0xFF, 0xF0, 
  0x00, 0x7F, 0xF8, 0x00, 0x3F, 0xFC, 0x00, 0x1F, 0xFE, 0x00, 0x0F, 0xFF, 
  0x00, 0x07, 0xFF, 0x80, 0x03, 0xFF, 0xC0, 0x01, 0xFF, 0xE0, 0x00, 0xFF, 
  0xF0, 0x00, 0x7F, 0xF8, 0x00, 0x3F, 0xFC, 0x00, 0x1F, 0xFE, 0x00, 0x0F, 
  0xFF, 0x00, 0x07, 0xFF, 0x80, 0x03, 0xFF, 0xC0, 0x01, 0xFF, 0xE0, 0x00, 
  0xFF, 0xF0, 0x00, 0x7F, 0xF8, 0x00, 0x3F, 0xFC, 0x00, 0x1F, 0xFE, 0x00, 
  0x0F, 0xFF, 0x00, 0x07, 0xFF, 0x80, 0x03, 0xFF, 0xC0, 0x01, 0xFF, 0xFF, 
  0xFF, 0xFF, 0xFF, 0xFF, 0xFF, 0xFF, 0xFF, 0xFF, 0xFF, 0xFF, 0xFF, 0xFF, 
  0xFF, 0xFF, 0xC0, 0xFF, 0xFF, 0xFF, 0xFF, 0xFF, 0xFF, 0xFF, 0xFF, 0xFF, 
  0xFF, 0xFF, 0xFF, 0xFF, 0xFF, 0xFF, 0xFF, 0xE0, 0x00, 0xFF, 0xF0, 0x00, 
  0x7F, 0xF8, 0x00, 0x3F, 0xFC, 0x00, 0x1F, 0xFE, 0x00, 0x0F, 0xFF, 0x00, 
  0x07, 0xFF, 0x80, 0x03, 0xFF, 0xC0, 0x01, 0xFF, 0xE0, 0x00, 0xFF, 0xF0, 
  0x00, 0x7F, 0xF8, 0x00, 0x3F, 0xFC, 0x00, 0x1F, 0xFE, 0x00, 0x0F, 0xFF, 
  0x00, 0x07, 0xFF, 0x80, 0x03, 0xFF, 0xC0, 0x01, 0xFF, 0xE0, 0x00, 0xFF, 
  0xF0, 0x00, 0x7F, 0xF8, 0x00, 0x3F, 0xFC, 0x00, 0x1F, 0xFE, 0x00, 0x0F, 
  0xFF, 0x00, 0x07, 0xFF, 0x80, 0x03, 0xFF, 0xC0, 0x01, 0xFF, 0xFF, 0xFF, 
  0xFF, 0xFF, 0xFF, 0xFF, 0xFF, 0xFF, 0xFF, 0xFF, 0xFF, 0xFF, 0xFF, 0xFF, 
  0xFF, 0xC0, 0xFF, 0xFF, 0xFF, 0xFF, 0xFF, 0xFF, 0xFF, 0xFF, 0xFF, 0xFF, 
  0xFF, 0xFF, 0xFF, 0xFF, 0xFF, 0xFF, 0xE0, 0x00, 0xFF, 0xF0, 0x00, 0x7F, 
  0xF8, 0x00, 0x3F, 0xFC, 0x00, 0x1F, 0xFE, 0x00, 0x0F, 0xFF, 0x00, 0x07, 
  0xFF, 0x80, 0x03, 0xFF, 0xC0, 0x01, 0xFF, 0xE0, 0x00, 0xFF, 0xF0, 0x00, 
  0x7F, 0xF8, 0x00, 0x3F, 0xFC, 0x00, 0x1F, 0xFE, 0x00, 0x0F, 0xFF, 0x00, 
  0x07, 0xFF, 0x80, 0x03, 0xFF, 0xC0, 0x01, 0xFF, 0xE0, 0x00, 0xFF, 0xF0, 
  0x00, 0x7F, 0xF8, 0x00, 0x3F, 0xFC, 0x00, 0x1F, 0xFE, 0x00, 0x0F, 0xFF, 
  0x00, 0x07, 0xFF, 0x80, 0x03, 0xFF, 0xC0, 0x01, 0xFF, 0xFF, 0xFF, 0xFF, 
  0xFF, 0xFF, 0xFF, 0xFF, 0xFF, 0xFF, 0xFF, 0xFF, 0xFF, 0xFF, 0xFF, 0xFF, 
  0xC0, 0xFF, 0xFF, 0xFF, 0xFF, 0xFF, 0xFF, 0xFF, 0xFF, 0xFF, 0xFF, 0xFF, 
  0xFF, 0xFF, 0xFF, 0xFF, 0xFF, 0xE0, 0x00, 0xFF, 0xF0, 0x00, 0x7F, 0xF8, 
  0x00, 0x3F, 0xFC, 0x00, 0x1F, 0xFE, 0x00, 0x0F, 0xFF, 0x00, 0x07, 0xFF, 
  0x80, 0x03, 0xFF, 0xC0, 0x01, 0xFF, 0xE0, 0x00, 0xFF, 0xF0, 0x00, 0x7F, 
  0xF8, 0x00, 0x3F, 0xFC, 0x00, 0x1F, 0xFE, 0x00, 0x0F, 0xFF, 0x00, 0x07, 
  0xFF, 0x80, 0x03, 0xFF, 0xC0, 0x01, 0xFF, 0xE0, 0x00, 0xFF, 0xF0, 0x00, 
  0x7F, 0xF8, 0x00, 0x3F, 0xFC, 0x00, 0x1F, 0xFE, 0x00, 0x0F, 0xFF, 0x00, 
  0x07, 0xFF, 0x80, 0x03, 0xFF, 0xC0, 0x01, 0xFF, 0xFF, 0xFF, 0xFF, 0xFF, 
  0xFF, 0xFF, 0xFF, 0xFF, 0xFF, 0xFF, 0xFF, 0xFF, 0xFF, 0xFF, 0xFF, 0xC0, 
  0xFF, 0xFF, 0xFF, 0xFF, 0xFF, 0xFF, 0xFF, 0xFF, 0xFF, 0xFF, 0xFF, 0xFF, 
  0xFF, 0xFF, 0xFF, 0xFF, 0xE0, 0x00, 0xFF, 0xF0, 0x00, 0x7F, 0xF8, 0x00, 
  0x3F, 0xFC, 0x00, 0x1F, 0xFE, 0x00, 0x0F, 0xFF, 0x00, 0x07, 0xFF, 0x80, 
  0x03, 0xFF, 0xC0, 0x01, 0xFF, 0xE0, 0x00, 0xFF, 0xF0, 0x00, 0x7F, 0xF8, 
  0x00, 0x3F, 0xFC, 0x00, 0x1F, 0xFE, 0x00, 0x0F, 0xFF, 0x00, 0x07, 0xFF, 
  0x80, 0x03, 0xFF, 0xC0, 0x01, 0xFF, 0xE0, 0x00, 0xFF, 0xF0, 0x00, 0x7F, 
  0xF8, 0x00, 0x3F, 0xFC, 0x00, 0x1F, 0xFE, 0x00, 0x0F, 0xFF, 0x00, 0x07, 
  0xFF, 0x80, 0x03, 0xFF, 0xC0, 0x01, 0xFF, 0xFF, 0xFF, 0xFF, 0xFF, 0xFF, 
  0xFF, 0xFF, 0xFF, 0xFF, 0xFF, 0xFF, 0xFF, 0xFF, 0xFF, 0xFF, 0xC0, 0xFF, 
  0xFF, 0xFF, 0xFF, 0xFF, 0xFF, 0xFF, 0xFF, 0xFF, 0xFF, 0xFF, 0xFF, 0xFF, 
  0xFF, 0xFF, 0xFF, 0xE0, 0x00, 0xFF, 0xF0, 0x00, 0x7F, 0xF8, 0x00, 0x3F, 
  0xFC, 0x00, 0x1F, 0xFE, 0x00, 0x0F, 0xFF, 0x00, 0x07, 0xFF, 0x80, 0x03, 
  0xFF, 0xC0, 0x01, 0xFF, 0xE0, 0x00, 0xFF, 0xF0, 0x00, 0x7F, 0xF8, 0x00, 
  0x3F, 0xFC, 0x00, 0x1F, 0xFE, 0x00, 0x0F, 0xFF, 0x00, 0x07, 0xFF, 0x80, 
  0x03, 0xFF, 0xC0, 0x01, 0xFF, 0xE0, 0x00, 0xFF, 0xF0, 0x00, 0x7F, 0xF8, 
  0x00, 0x3F, 0xFC, 0x00, 0x1F, 0xFE, 0x00, 0x0F, 0xFF, 0x00, 0x07, 0xFF, 
  0x80, 0x03, 0xFF, 0xC0, 0x01, 0xFF, 0xFF, 0xFF, 0xFF, 0xFF, 0xFF, 0xFF, 
  0xFF, 0xFF, 0xFF, 0xFF, 0xFF, 0xFF, 0xFF, 0xFF, 0xFF, 0xC0, 0xFF, 0xFF, 
  0xFF, 0xFF, 0xFF, 0xFF, 0xFF, 0xFF, 0xFF, 0xFF, 0xFF, 0xFF, 0xFF, 0xFF, 
  0xFF, 0xFF, 0xE0, 0x00, 0xFF, 0xF0, 0x00, 0x7F, 0xF8, 0x00, 0x3F, 0xFC, 
  0x00, 0x1F, 0xFE, 0x00, 0x0F, 0xFF, 0x00, 0x07, 0xFF, 0x80, 0x03, 0xFF, 
  0xC0, 0x01, 0xFF, 0xE0, 0x00, 0xFF, 0xF0, 0x00, 0x7F, 0xF8, 0x00, 0x3F, 
  0xFC, 0x00, 0x1F, 0xFE, 0x00, 0x0F, 0xFF, 0x00, 0x07, 0xFF, 0x80, 0x03, 
  0xFF, 0xC0, 0x01, 0xFF, 0xE0, 0x00, 0xFF, 0xF0, 0x00, 0x7F, 0xF8, 0x00, 
  0x3F, 0xFC, 0x00, 0x1F, 0xFE, 0x00, 0x0F, 0xFF, 0x00, 0x07, 0xFF, 0x80, 
  0x03, 0xFF, 0xC0, 0x01, 0xFF, 0xFF, 0xFF, 0xFF, 0xFF, 0xFF, 0xFF, 0xFF, 
  0xFF, 0xFF, 0xFF, 0xFF, 0xFF, 0xFF, 0xFF, 0xFF, 0xC0, 0xFF, 0xFF, 0xFF, 
  0xFF, 0xFF, 0xFF, 0xFF, 0xFF, 0xFF, 0xFF, 0xFF, 0xFF, 0xFF, 0xFF, 0xFF, 
  0xFF, 0xE0, 0x00, 0xFF, 0xF0, 0x00, 0x7F, 0xF8, 0x00, 0x3F, 0xFC, 0x00, 
  0x1F, 0xFE, 0x00, 0x0F, 0xFF, 0x00, 0x07, 0xFF, 0x80, 0x03, 0xFF, 0xC0, 
  0x01, 0xFF, 0xE0, 0x00, 0xFF, 0xF0, 0x00, 0x7F, 0xF8, 0x00, 0x3F, 0xFC, 
  0x00, 0x1F, 0xFE, 0x00, 0x0F, 0xFF, 0x00, 0x07, 0xFF, 0x80, 0x03, 0xFF, 
  0xC0, 0x01, 0xFF, 0xE0, 0x00, 0xFF, 0xF0, 0x00, 0x7F, 0xF8, 0x00, 0x3F, 
  0xFC, 0x00, 0x1F, 0xFE, 0x00, 0x0F, 0xFF, 0x00, 0x07, 0xFF, 0x80, 0x03, 
  0xFF, 0xC0, 0x01, 0xFF, 0xFF, 0xFF, 0xFF, 0xFF, 0xFF, 0xFF, 0xFF, 0xFF, 
  0xFF, 0xFF, 0xFF, 0xFF, 0xFF, 0xFF, 0xFF, 0xC0, 0xFF, 0xFF, 0xFF, 0xFF, 
  0xFF, 0xFF, 0xFF, 0xFF, 0xFF, 0xFF, 0xFF, 0xFF, 0xFF, 0xFF, 0xFF, 0xFF, 
  0xE0, 0x00, 0xFF, 0xF0, 0x00, 0x7F, 0xF8, 0x00, 0x3F, 0xFC, 0x00, 0x1F, 
  0xFE, 0x00, 0x0F, 0xFF, 0x00, 0x07, 0xFF, 0x80, 0x03, 0xFF, 0xC0, 0x01, 
  0xFF, 0xE0, 0x00, 0xFF, 0xF0, 0x00, 0x7F, 0xF8, 0x00, 0x3F, 0xFC, 0x00, 
  0x1F, 0xFE, 0x00, 0x0F, 0xFF, 0x00, 0x07, 0xFF, 0x80, 0x03, 0xFF, 0xC0, 
  0x01, 0xFF, 0xE0, 0x00, 0xFF, 0xF0, 0x00, 0x7F, 0xF8, 0x00, 0x3F, 0xFC, 
  0x00, 0x1F, 0xFE, 0x00, 0x0F, 0xFF, 0x00, 0x07, 0xFF, 0x80, 0x03, 0xFF, 
  0xC0, 0x01, 0xFF, 0xFF, 0xFF, 0xFF, 0xFF, 0xFF, 0xFF, 0xFF, 0xFF, 0xFF, 
  0xFF, 0xFF, 0xFF, 0xFF, 0xFF, 0xFF, 0xC0, 0xFF, 0xFF, 0xFF, 0xFF, 0xFF, 
  0xFF, 0xFF, 0xFF, 0xFF, 0xFF, 0xFF, 0xFF, 0xFF, 0xFF, 0xFF, 0xFF, 0xE0, 
  0x00, 0xFF, 0xF0, 0x00, 0x7F, 0xF8, 0x00, 0x3F, 0xFC, 0x00, 0x1F, 0xFE, 
  0x00, 0x0F, 0xFF, 0x00, 0x07, 0xFF, 0x80, 0x03, 0xFF, 0xC0, 0x01, 0xFF, 
  0xE0, 0x00, 0xFF, 0xF0, 0x00, 0x7F, 0xF8, 0x00, 0x3F, 0xFC, 0x00, 0x1F, 
  0xFE, 0x00, 0x0F, 0xFF, 0x00, 0x07, 0xFF, 0x80, 0x03, 0xFF, 0xC0, 0x01, 
  0xFF, 0xE0, 0x00, 0xFF, 0xF0, 0x00, 0x7F, 0xF8, 0x00, 0x3F, 0xFC, 0x00, 
  0x1F, 0xFE, 0x00, 0x0F, 0xFF, 0x00, 0x07, 0xFF, 0x80, 0x03, 0xFF, 0xC0, 
  0x01, 0xFF, 0xFF, 0xFF, 0xFF, 0xFF, 0xFF, 0xFF, 0xFF, 0xFF, 0xFF, 0xFF, 
  0xFF, 0xFF, 0xFF, 0xFF, 0xFF, 0xC0, 0xFF, 0xFF, 0xFF, 0xFF, 0xFF, 0xFF, 
  0xFF, 0xFF, 0xFF, 0xFF, 0xFF, 0xFF, 0xFF, 0xFF, 0xFF, 0xFF, 0xE0, 0x00, 
  0xFF, 0xF0, 0x00, 0x7F, 0xF8, 0x00, 0x3F, 0xFC, 0x00, 0x1F, 0xFE, 0x00, 
  0x0F, 0xFF, 0x00, 0x07, 0xFF, 0x80, 0x03, 0xFF, 0xC0, 0x01, 0xFF, 0xE0, 
  0x00, 0xFF, 0xF0, 0x00, 0x7F, 0xF8, 0x00, 0x3F, 0xFC, 0x00, 0x1F, 0xFE, 
  0x00, 0x0F, 0xFF, 0x00, 0x07, 0xFF, 0x80, 0x03, 0xFF, 0xC0, 0x01, 0xFF, 
  0xE0, 0x00, 0xFF, 0xF0, 0x00, 0x7F, 0xF8, 0x00, 0x3F, 0xFC, 0x00, 0x1F, 
  0xFE, 0x00, 0x0F, 0xFF, 0x00, 0x07, 0xFF, 0x80, 0x03, 0xFF, 0xC0, 0x01, 
  0xFF, 0xFF, 0xFF, 0xFF, 0xFF, 0xFF, 0xFF, 0xFF, 0xFF, 0xFF, 0xFF, 0xFF, 
  0xFF, 0xFF, 0xFF, 0xFF, 0xC0, 0xFF, 0xFF, 0xFF, 0xFF, 0xFF, 0xFF, 0xFF, 
  0xFF, 0xFF, 0xFF, 0xFF, 0xFF, 0xFF, 0xFF, 0xFF, 0xFF, 0xE0, 0x00, 0xFF, 
  0xF0, 0x00, 0x7F, 0xF8, 0x00, 0x3F, 0xFC, 0x00, 0x1F, 0xFE, 0x00, 0x0F, 
  0xFF, 0x00, 0x07, 0xFF, 0x80, 0x03, 0xFF, 0xC0, 0x01, 0xFF, 0xE0, 0x00, 
  0xFF, 0xF0, 0x00, 0x7F, 0xF8, 0x00, 0x3F, 0xFC, 0x00, 0x1F, 0xFE, 0x00, 
  0x0F, 0xFF, 0x00, 0x07, 0xFF, 0x80, 0x03, 0xFF, 0xC0, 0x01, 0xFF, 0xE0, 
  0x00, 0xFF, 0xF0, 0x00, 0x7F, 0xF8, 0x00, 0x3F, 0xFC, 0x00, 0x1F, 0xFE, 
  0x00, 0x0F, 0xFF, 0x00, 0x07, 0xFF, 0x80, 0x03, 0xFF, 0xC0, 0x01, 0xFF, 
  0xFF, 0xFF, 0xFF, 0xFF, 0xFF, 0xFF, 0xFF, 0xFF, 0xFF, 0xFF, 0xFF, 0xFF, 
  0xFF, 0xFF, 0xFF, 0xC0, 0x00, 0xFF, 0xFF, 0xFF, 0xFF, 0xFF, 0xC0, 0x00, 
  0x00, 0x70, 0xE1, 0xE3, 0xCF, 0x9F, 0x3E, 0x7C, 0xF9, 0xF3, 0xF7, 0xFF, 
  0xFF, 0xFF, 0xFF, 0xFF, 0xFF, 0xFF, 0xFF, 0xFF, 0xFF, 0xFF, 0xFC, 0x00, 
  0x30, 0x00, 0x00, 0x60, 0x00, 0x00, 0xC0, 0x00, 0x01, 0x80, 0x00, 0x07, 
  0xE0, 0x00, 0x7F, 0xF0, 0x03, 0xFF, 0xF8, 0x0F, 0xFF, 0xF8, 0x3F, 0xFF, 
  0xF8, 0x7F, 0xFF, 0xF1, 0xFE, 0xCF, 0xF3, 0xF9, 0x8F, 0xEF, 0xE3, 0x0F, 
  0xDF, 0xC6, 0x1F, 0xBF, 0x8C, 0x00, 0x7E, 0x18, 0x00, 0xFC, 0x30, 0x01, 
  0xF8, 0x60, 0x03, 0xF0, 0xC0, 0x07, 0xE1, 0x80, 0x0F, 0xC3, 0x00, 0x1F, 
  0xC6, 0x1F, 0xBF, 0x8C, 0x3F, 0x7F, 0x18, 0xFE, 0x7F, 0x31, 0xFC, 0xFF, 
  0xEF, 0xF0, 0xFF, 0xFF, 0xE0, 0xFF, 0xFF, 0x80, 0xFF, 0xFE, 0x00, 0xFF, 
  0xF8, 0x00, 0x7F, 0xC0, 0x00, 0x18, 0x00, 0x00, 0x30, 0x00, 0x00, 0x60, 
  0x00, 0x00, 0xC0, 0x00, 0x01, 0x80, 0x00, 0x00, 0x18, 0x00, 0x03, 0xFF, 
  0xC0, 0x07, 0xFF, 0xF0, 0x1F, 0xFF, 0xF8, 0x3F, 0xFF, 0xFC, 0x3F, 0xFF, 
  0xFC, 0x7F, 0x81, 0xFE, 0x7F, 0x00, 0xFE, 0x7F, 0x00, 0x7E, 0x7E, 0x00, 
  0x7E, 0x7E, 0x00, 0x7E, 0x7F, 0x00, 0x00, 0x7F, 0x00, 0x00, 0x3F, 0x80, 
  0x00, 0x3F, 0x80, 0x00, 0x1F, 0xC0, 0x00, 0x1F, 0xC0, 0x00, 0xFF, 0xFF, 
  0x80, 0xFF, 0xFF, 0x80, 0x07, 0xE0, 0x00, 0x07, 0xE0, 0x00, 0x07, 0xF0, 
  0x00, 0x03, 0xF0, 0x00, 0x03, 0xE0, 0x00, 0x07, 0xE0, 0x00, 0x07, 0xE0, 
  0x00, 0x07, 0xC0, 0x00, 0x0F, 0x80, 0x00, 0x1F, 0x38, 0x06, 0x7F, 0xFF, 
  0xFE, 0x7F, 0xFF, 0xFE, 0x7F, 0xFF, 0xFF, 0x3F, 0xFF, 0xFF, 0x3F, 0xFF, 
  0xFE, 0x10, 0x07, 0xF8, 0x10, 0x00, 0x08, 0x38, 0x00, 0x1C, 0x7C, 0x7F, 
  0x3E, 0x7F, 0xFF, 0xFE, 0x3F, 0xFF, 0xFC, 0x1F, 0xFF, 0xF8, 0x0F, 0xF7, 
  0xF0, 0x1F, 0x81, 0xF8, 0x1F, 0x00, 0xF8, 0x1E, 0x00, 0x78, 0x1E, 0x00, 
  0x7C, 0x1E, 0x00, 0x7C, 0x1E, 0x00, 0x7C, 0x1F, 0x00, 0x78, 0x1F, 0x00, 
  0xF8, 0x1F, 0x81, 0xF8, 0x0F, 0xFF, 0xF0, 0x1F, 0xFF, 0xF8, 0x3F, 0xFF, 
  0xFC, 0x7F, 0xFF, 0xFE, 0x7C, 0x7E, 0x3E, 0x38, 0x00, 0x1C, 0x10, 0x00, 
  0x08, 0x7E, 0x00, 0x1F, 0xDF, 0xC0, 0x07, 0xE3, 0xF0, 0x03, 0xF8, 0xFE, 
  0x00, 0xFC, 0x1F, 0x80, 0x7E, 0x07, 0xF0, 0x1F, 0x80, 0xFC, 0x0F, 0xC0, 
  0x1F, 0x83, 0xF0, 0x07, 0xE1, 0xF8, 0x00, 0xFC, 0x7E, 0x00, 0x3F, 0xBF, 
  0x00, 0x07, 0xFF, 0xC0, 0x01, 0xFF, 0xE0, 0x00, 0x3F, 0xF8, 0x00, 0x07, 
  0xFC, 0x00, 0x01, 0xFE, 0x00, 0x00, 0x3F, 0x80, 0x07, 0xFF, 0xFF, 0x81, 
  0xFF, 0xFF, 0xE0, 0x00, 0xFE, 0x00, 0x00, 0x3F, 0x80, 0x00, 0x0F, 0xE0, 
  0x01, 0xFF, 0xFF, 0xE0, 0x7F, 0xFF, 0xF8, 0x1F, 0xFF, 0xFE, 0x00, 0x0F, 
  0xE0, 0x00, 0x03, 0xF8, 0x00, 0x00, 0xFE, 0x00, 0x00, 0x3F, 0x80, 0x00, 
  0x0F, 0xE0, 0x00, 0x03, 0xF8, 0x00, 0x00, 0xFE, 0x00, 0x00, 0x3F, 0x80, 
  0x00, 0xFF, 0xFF, 0xFF, 0xFF, 0xFF, 0xFF, 0xFC, 0x00, 0x00, 0x1F, 0xFF, 
  0xFF, 0xFF, 0xFF, 0xFF, 0xFF, 0x80, 0x01, 0xFC, 0x00, 0x1F, 0xFE, 0x00, 
  0xFF, 0xFC, 0x07, 0xFF, 0xF8, 0x3F, 0xFF, 0xE1, 0xFC, 0x1F, 0xC7, 0xF0, 
  0x3F, 0x1F, 0xC0, 0xFC, 0x7F, 0x00, 0x01, 0xFE, 0x00, 0x07, 0xFE, 0x00, 
  0x0F, 0xFC, 0x00, 0x1F, 0xFC, 0x00, 0x7F, 0xFC, 0x01, 0xFF, 0xFC, 0x0F, 
  0xFF, 0xF8, 0x7C, 0xFF, 0xF3, 0xF0, 0xFF, 0xEF, 0x80, 0xFF, 0xFE, 0x00, 
  0xFF, 0xF8, 0x01, 0xFF, 0xF0, 0x03, 0xFF, 0xF0, 0x07, 0xFF, 0xF0, 0x1F, 
  0x7F, 0xF0, 0xFD, 0xFF, 0xE7, 0xE3, 0xFF, 0xFF, 0x83, 0xFF, 0xF8, 0x03, 
  0xFF, 0xC0, 0x03, 0xFF, 0x80, 0x07, 0xFF, 0x00, 0x07, 0xFE, 0x00, 0x07, 
  0xF8, 0x00, 0x0F, 0xE7, 0xE0, 0x3F, 0x9F, 0x80, 0x7E, 0x7F, 0x03, 0xF9, 
  0xFC, 0x1F, 0xE3, 0xFF, 0xFF, 0x0F, 0xFF, 0xFC, 0x1F, 0xFF, 0xE0, 0x3F, 
  0xFF, 0x00, 0x3F, 0xF0, 0x00, 0xF8, 0x7F, 0xE1, 0xFF, 0x87, 0xFE, 0x1F, 
  0xF8, 0x7F, 0xE1, 0xF0, 0x00, 0x01, 0xFC, 0x00, 0x00, 0x01, 0xFF, 0xF8, 
  0x00, 0x00, 0x7F, 0xFF, 0xE0, 0x00, 0x0F, 0xFD, 0xFF, 0x80, 0x01, 0xF8, 
  0x01, 0xFC, 0x00, 0x7E, 0x00, 0x07, 0xE0, 0x07, 0xC0, 0x00, 0x1F, 0x00, 
  0xF0, 0x0F, 0x80, 0xF8, 0x1F, 0x07, 0xFE, 0x07, 0x83, 0xE0, 0xFF, 0xF8, 
  0x3C, 0x3C, 0x1F, 0xFF, 0xC1, 0xE3, 0xC3, 0xF0, 0xFC, 0x1E, 0x78, 0x3E, 
  0x03, 0xE0, 0xE7, 0x87, 0xC0, 0x3E, 0x0F, 0x70, 0x7C, 0x01, 0xE0, 0xFF, 
  0x07, 0x80, 0x00, 0x0F, 0xF0, 0x78, 0x00, 0x00, 0x7F, 0x07, 0x80, 0x00, 
  0x07, 0xF0, 0x78, 0x00, 0x00, 0x7F, 0x07, 0x80, 0x00, 0x07, 0xF0, 0x78, 
  0x00, 0x00, 0xF7, 0x07, 0x80, 0x1E, 0x0F, 0x78, 0x7C, 0x03, 0xE0, 0xF7, 
  0x83, 0xE0, 0x3E, 0x0E, 0x38, 0x3F, 0x07, 0xC1, 0xE3, 0xC1, 0xFF, 0xFC, 
  0x1E, 0x3E, 0x0F, 0xFF, 0x83, 0xC1, 0xE0, 0x7F, 0xF0, 0x7C, 0x0F, 0x01, 
  0xF8, 0x0F, 0x80, 0xF8, 0x00, 0x01, 0xF0, 0x07, 0xE0, 0x00, 0x3E, 0x00, 
  0x3F, 0x80, 0x0F, 0xC0, 0x00, 0xFF, 0x8F, 0xF8, 0x00, 0x07, 0xFF, 0xFF, 
  0x00, 0x00, 0x1F, 0xFF, 0xC0, 0x00, 0x00, 0x3F, 0xE0, 0x00, 0x1F, 0xE0, 
  0xFF, 0xE7, 0xFF, 0x9E, 0x1E, 0x78, 0x3C, 0x01, 0xF0, 0x7F, 0xCF, 0xFF, 
  0x7F, 0x3D, 0xE0, 0xFF, 0x07, 0xFE, 0x1F, 0x7D, 0xFD, 0xFF, 0xF3, 0xFB, 
  0xC7, 0x80, 0x00, 0x00, 0x00, 0x07, 0xFF, 0xDF, 0xFF, 0x7F, 0xFD, 0xFF, 
  0xF0, 0x00, 0x00, 0x00, 0x40, 0x10, 0x30, 0x0C, 0x3C, 0x07, 0x1F, 0x07, 
  0xCF, 0xC3, 0xF7, 0xE1, 0xFB, 0xF0, 0xFC, 0xF8, 0x3E, 0x3C, 0x0F, 0x0F, 
  0x03, 0xC3, 0xE0, 0xF8, 0xFC, 0x3F, 0x1F, 0x87, 0xE3, 0xF0, 0xFC, 0x7C, 
  0x1F, 0x0F, 0x03, 0xC0, 0xC0, 0x30, 0x10, 0x04, 0x00, 0x00, 0xFF, 0xFF, 
  0xFF, 0xFF, 0xFF, 0xFF, 0xFF, 0xFF, 0xFF, 0xFF, 0xFF, 0xFF, 0xFF, 0xFF, 
  0xFF, 0xFF, 0xFF, 0xFF, 0x00, 0x00, 0x3F, 0x00, 0x00, 0x3F, 0x00, 0x00, 
  0x3F, 0x00, 0x00, 0x3F, 0x00, 0x00, 0x3F, 0x00, 0x00, 0x3F, 0x00, 0x00, 
  0x3F, 0x00, 0x00, 0x3F, 0xFF, 0xFF, 0xFF, 0xFF, 0xFF, 0xFF, 0xFF, 0xFF, 
  0xFF, 0xFC, 0x00, 0x01, 0xFC, 0x00, 0x00, 0x01, 0xFF, 0xF8, 0x00, 0x00, 
  0x7F, 0xFF, 0xE0, 0x00, 0x0F, 0xFD, 0xFF, 0x80, 0x01, 0xF8, 0x01, 0xFC, 
  0x00, 0x7E, 0x00, 0x07, 0xE0, 0x07, 0xC0, 0x00, 0x1F, 0x00, 0xF0, 0x00, 
  0x00, 0xF8, 0x1F, 0x3F, 0xFF, 0x87, 0x83, 0xE3, 0xFF, 0xFC, 0x3C, 0x3C, 
  0x3F, 0xFF, 0xC1, 0xE3, 0xC3, 0xE0, 0xFE, 0x1E, 0x78, 0x3E, 0x03, 0xE0, 
  0xE7, 0x83, 0xE0, 0x3E, 0x0F, 0x70, 0x3E, 0x03, 0xE0, 0xFF, 0x03, 0xE0, 
  0x3E, 0x0F, 0xF0, 0x3F, 0xFF, 0xC0, 0x7F, 0x03, 0xFF, 0xF8, 0x07, 0xF0, 
  0x3F, 0xFF, 0x00, 0x7F, 0x03, 0xFF, 0xF8, 0x07, 0xF0, 0x3E, 0x0F, 0xC0, 
  0xF7, 0x03, 0xE0, 0x7C, 0x0F, 0x78, 0x3E, 0x03, 0xC0, 0xF7, 0x83, 0xE0, 
  0x3C, 0x0E, 0x38, 0x3E, 0x03, 0xC1, 0xE3, 0xC3, 0xE0, 0x3C, 0x1E, 0x3E, 
  0x3E, 0x03, 0xC3, 0xC1, 0xE3, 0xE0, 0x3E, 0x7C, 0x0F, 0x00, 0x00, 0x0F, 
  0x80, 0xF8, 0x00, 0x01, 0xF0, 0x07, 0xE0, 0x00, 0x3E, 0x00, 0x3F, 0x80, 
  0x0F, 0xC0, 0x00, 0xFF, 0x8F, 0xF8, 0x00, 0x07, 0xFF, 0xFF, 0x00, 0x00, 
  0x1F, 0xFF, 0xC0, 0x00, 0x00, 0x3F, 0xE0, 0x00, 0xFF, 0xFF, 0xFF, 0xFF, 
  0xFF, 0xFF, 0xFF, 0x0F, 0xC0, 0x7F, 0xC3, 0xFF, 0x9E, 0x0E, 0xF0, 0x1F, 
  0x80, 0x7E, 0x01, 0xF8, 0x07, 0xE0, 0x1D, 0xC0, 0xF7, 0x87, 0x8F, 0xFE, 
  0x1F, 0xF0, 0x3F, 0x00, 0x00, 0xF8, 0x00, 0x03, 0xE0, 0x00, 0x0F, 0x80, 
  0x00, 0x3E, 0x00, 0x00, 0xF8, 0x00, 0x03, 0xE0, 0x00, 0x0F, 0x80, 0x00, 
  0x3E, 0x00, 0x00, 0xF8, 0x03, 0xFF, 0xFF, 0xFF, 0xFF, 0xFF, 0xFF, 0xFF, 
  0xFF, 0xFF, 0xFF, 0xFF, 0xFF, 0xFF, 0xF0, 0x0F, 0x80, 0x00, 0x3E, 0x00, 
  0x00, 0xF8, 0x00, 0x03, 0xE0, 0x00, 0x0F, 0x80, 0x00, 0x3E, 0x00, 0x00, 
  0xF8, 0x00, 0x03, 0xE0, 0x00, 0x0F, 0x80, 0x00, 0x00, 0x00, 0xFF, 0xFF, 
  0xFF, 0xFF, 0xFF, 0xFF, 0xFF, 0xFF, 0xFF, 0xFF, 0xFF, 0xFF, 0xFF, 0xFF, 
  0xFF, 0xFF, 0xF0, 0x03, 0xC0, 0xFF, 0xC7, 0xFF, 0x9F, 0xFF, 0xF8, 0x7F, 
  0xC0, 0xFF, 0x03, 0xFC, 0x0F, 0x00, 0x3C, 0x01, 0xF0, 0x0F, 0x80, 0xFC, 
  0x07, 0xE0, 0x7F, 0x03, 0xF0, 0x1F, 0x80, 0x7C, 0x03, 0xFF, 0xFF, 0xFF, 
  0xFF, 0xFF, 0xFF, 0xFC, 0x07, 0x80, 0xFF, 0xC7, 0xFF, 0x9F, 0xFE, 0xF8, 
  0x7F, 0xC1, 0xFF, 0x07, 0xC0, 0x1E, 0x00, 0xF8, 0x1F, 0xC0, 0x7F, 0x01, 
  0xFE, 0x00, 0x7C, 0x00, 0xF0, 0x03, 0xFC, 0x0F, 0xF8, 0x7F, 0xF3, 0xF7, 
  0xFF, 0x8F, 0xFC, 0x1F, 0xE0, 0x1F, 0x9F, 0x8F, 0x87, 0x87, 0x83, 0xC3, 
  0xC0, 0xFC, 0x01, 0xFC, 0xFC, 0x01, 0xFC, 0xFC, 0x01, 0xFC, 0xFC, 0x01, 
  0xFC, 0xFC, 0x01, 0xFC, 0xFC, 0x01, 0xFC, 0xFC, 0x01, 0xFC, 0xFC, 0x01, 
  0xFC, 0xFC, 0x01, 0xFC, 0xFC, 0x01, 0xFC, 0xFC, 0x01, 0xFC, 0xFC, 0x01, 
  0xFC, 0xFC, 0x01, 0xFC, 0xFC, 0x01, 0xFC, 0xFC, 0x01, 0xFC, 0xFC, 0x01, 
  0xFC, 0xFC, 0x01, 0xFC, 0xFE, 0x01, 0xFC, 0xFE, 0x03, 0xFC, 0xFF, 0x07, 
  0xFC, 0xFF, 0xFF, 0xFC, 0xFF, 0xFF, 0xFF, 0xFF, 0xFF, 0xFF, 0xFF, 0xFF, 
  0xFF, 0xFF, 0xFE, 0x7F, 0xFC, 0xFC, 0x3E, 0xFC, 0x00, 0x00, 0xFC, 0x00, 
  0x00, 0xFC, 0x00, 0x00, 0xFC, 0x00, 0x00, 0xFC, 0x00, 0x00, 0xFC, 0x00, 
  0x00, 0xFC, 0x00, 0x00, 0xFC, 0x00, 0x00, 0xFC, 0x00, 0x00, 0x03, 0xFF, 
  0xFF, 0x0F, 0xFF, 0xFF, 0x1F, 0xFF, 0xFF, 0x3F, 0xFC, 0x7C, 0x3F, 0xFC, 
  0x7C, 0x7F, 0xFC, 0x7C, 0x7F, 0xFC, 0x7C, 0xFF, 0xFC, 0x7C, 0xFF, 0xFC, 
  0x7C, 0xFF, 0xFC, 0x7C, 0xFF, 0xFC, 0x7C, 0xFF, 0xFC, 0x7C, 0xFF, 0xFC, 
  0x7C, 0xFF, 0xFC, 0x7C, 0xFF, 0xFC, 0x7C, 0x7F, 0xFC, 0x7C, 0x7F, 0xFC, 
  0x7C, 0x3F, 0xFC, 0x7C, 0x1F, 0xFC, 0x7C, 0x0F, 0xFC, 0x7C, 0x03, 0xFC, 
  0x7C, 0x00, 0x3C, 0x7C, 0x00, 0x3C, 0x7C, 0x00, 0x3C, 0x7C, 0x00, 0x3C, 
  0x7C, 0x00, 0x3C, 0x7C, 0x00, 0x3C, 0x7C, 0x00, 0x3C, 0x7C, 0x00, 0x3C, 
  0x7C, 0x00, 0x3C, 0x7C, 0x00, 0x3C, 0x7C, 0x00, 0x3C, 0x7C, 0x00, 0x3C, 
  0x7C, 0x00, 0x3C, 0x7C, 0x00, 0x3C, 0x7C, 0x00, 0x3C, 0x7C, 0x00, 0x3C, 
  0x7C, 0x00, 0x3C, 0x7C, 0x00, 0x3C, 0x7C, 0x00, 0x3C, 0x7C, 0x00, 0x3C, 
  0x7C, 0x00, 0x3C, 0x7C, 0x00, 0x3C, 0x7C, 0xFF, 0xFF, 0xFF, 0xFF, 0xF0, 
  0x03, 0x00, 0x18, 0x01, 0x80, 0x0F, 0xE0, 0xDF, 0x80, 0x3C, 0x01, 0xEC, 
  0x1F, 0xFF, 0xF1, 0xFF, 0x00, 0x03, 0x83, 0xC3, 0xFF, 0xFF, 0xFF, 0xFC, 
  0x1E, 0x0F, 0x07, 0x83, 0xC1, 0xE0, 0xF0, 0x78, 0x3C, 0x1E, 0x0F, 0x07, 
  0x83, 0xC1, 0xE0, 0xF0, 0x0F, 0xE0, 0x7F, 0xF0, 0xFF, 0xF3, 0xE3, 0xE7, 
  0x83, 0xFE, 0x03, 0xFC, 0x07, 0xF8, 0x0F, 0xF0, 0x1F, 0xE0, 0x3F, 0xE0, 
  0x7B, 0xC1, 0xE7, 0xEF, 0xC7, 0xFF, 0x07, 0xFC, 0x03, 0xE0, 0x00, 0x00, 
  0x00, 0x01, 0xFF, 0xFB, 0xFF, 0xF7, 0xFF, 0xEF, 0xFF, 0xC0, 0x00, 0x00, 
  0x20, 0x08, 0x0E, 0x03, 0x03, 0xC0, 0xE0, 0xF8, 0x3E, 0x3F, 0x0F, 0xC7, 
  0xE1, 0xF8, 0xFC, 0x3F, 0x1F, 0x07, 0xC3, 0xC0, 0xF0, 0xF0, 0x3C, 0x7C, 
  0x1F, 0x3F, 0x0F, 0xDF, 0x87, 0xEF, 0xC3, 0xF3, 0xE0, 0xF8, 0xF0, 0x38, 
  0x38, 0x0C, 0x08, 0x02, 0x00, 0x00, 0x00, 0x00, 0x00, 0x00, 0x3C, 0x00, 
  0x0E, 0x00, 0x01, 0xE0, 0x00, 0x78, 0x00, 0x07, 0x80, 0x03, 0xE0, 0x00, 
  0x3C, 0x00, 0xFF, 0x80, 0x01, 0xF0, 0x03, 0xFE, 0x00, 0x07, 0x80, 0x0F, 
  0xF8, 0x00, 0x3C, 0x00, 0x01, 0xE0, 0x00, 0xF0, 0x00, 0x07, 0x80, 0x07, 
  0x80, 0x00, 0x1E, 0x00, 0x1E, 0x00, 0x00, 0x78, 0x00, 0xF0, 0x00, 0x01, 
  0xE0, 0x07, 0xC0, 0x00, 0x07, 0x80, 0x1E, 0x00, 0x00, 0x1E, 0x00, 0xF0, 
  0x00, 0x00, 0x78, 0x03, 0xC0, 0x3F, 0x01, 0xE0, 0x1E, 0x00, 0xFC, 0x07, 
  0x80, 0x78, 0x07, 0xF0, 0x1E, 0x03, 0xC0, 0x3F, 0xC0, 0x78, 0x1F, 0x00, 
  0xFF, 0x01, 0xE0, 0x78, 0x07, 0xFC, 0x07, 0x83, 0xC0, 0x1D, 0xF0, 0x00, 
  0x0F, 0x00, 0xE7, 0xC0, 0x00, 0x78, 0x07, 0x9F, 0x00, 0x01, 0xE0, 0x1C, 
  0x7C, 0x00, 0x0F, 0x00, 0xE1, 0xF0, 0x00, 0x7C, 0x07, 0x87, 0xC0, 0x01, 
  0xE0, 0x1F, 0xFF, 0xC0, 0x0F, 0x00, 0x7F, 0xFF, 0x00, 0x3C, 0x01, 0xFF, 
  0xFC, 0x01, 0xE0, 0x07, 0xFF, 0xF0, 0x07, 0x80, 0x00, 0x1F, 0x00, 0x3C, 
  0x00, 0x00, 0x7C, 0x01, 0xE0, 0x00, 0x01, 0xF0, 0x07, 0x80, 0x00, 0x07, 
  0xC0, 0x3C, 0x00, 0x00, 0x00, 0x00, 0x00, 0x00, 0x00, 0x3C, 0x00, 0x0E, 
  0x00, 0x01, 0xE0, 0x00, 0x78, 0x00, 0x0F, 0x00, 0x03, 0xE0, 0x00, 0x3C, 
  0x00, 0xFF, 0x80, 0x01, 0xE0, 0x03, 0xFE, 0x00, 0x07, 0x80, 0x0F, 0xF8, 
  0x00, 0x3C, 0x00, 0x01, 0xE0, 0x00, 0xF0, 0x00, 0x07, 0x80, 0x07, 0x80, 
  0x00, 0x1E, 0x00, 0x3C, 0x00, 0x00, 0x78, 0x00, 0xF0, 0x00, 0x01, 0xE0, 
  0x07, 0x80, 0x00, 0x07, 0x80, 0x1E, 0x00, 0x00, 0x1E, 0x00, 0xF0, 0x00, 
  0x00, 0x78, 0x07, 0xC3, 0xFE, 0x01, 0xE0, 0x1E, 0x1F, 0xFC, 0x07, 0x80, 
  0xF0, 0xFF, 0xF8, 0x1E, 0x03, 0xC3, 0xE3, 0xE0, 0x78, 0x1E, 0x1F, 0x07, 
  0xC1, 0xE0, 0x78, 0x7C, 0x1F, 0x07, 0x83, 0xC1, 0xF0, 0x7C, 0x00, 0x1F, 
  0x00, 0x01, 0xF0, 0x00, 0x78, 0x00, 0x0F, 0x80, 0x03, 0xC0, 0x00, 0x3E, 
  0x00, 0x0F, 0x00, 0x03, 0xF0, 0x00, 0x78, 0x00, 0x1F, 0x80, 0x01, 0xE0, 
  0x01, 0xF8, 0x00, 0x0F, 0x00, 0x0F, 0xC0, 0x00, 0x7C, 0x00, 0x7E, 0x00, 
  0x01, 0xE0, 0x03, 0xF0, 0x00, 0x0F, 0x00, 0x0F, 0xFF, 0xC0, 0x3C, 0x00, 
  0x7F, 0xFF, 0x01, 0xE0, 0x01, 0xFF, 0xFC, 0x07, 0x80, 0x07, 0xFF, 0xF0, 
  0x3C, 0x00, 0x00, 0x00, 0x00, 0x07, 0x80, 0x00, 0x0F, 0x00, 0x7F, 0xE0, 
  0x00, 0x1E, 0x01, 0xFF, 0xE0, 0x00, 0x78, 0x03, 0xFF, 0xC0, 0x00, 0xF0, 
  0x0F, 0x87, 0xC0, 0x03, 0xC0, 0x1E, 0x0F, 0x80, 0x0F, 0x80, 0x3C, 0x1F, 
  0x00, 0x1E, 0x00, 0x00, 0x3C, 0x00, 0x78, 0x00, 0x00, 0xF8, 0x00, 0xF0, 
  0x00, 0x0F, 0xE0, 0x03, 0xC0, 0x00, 0x1F, 0xC0, 0x07, 0x80, 0x00, 0x3F, 
  0xC0, 0x1E, 0x00, 0x00, 0x07, 0xC0, 0x7C, 0x00, 0x00, 0x07, 0x80, 0xF0, 
  0x00, 0x00, 0x0F, 0x03, 0xC0, 0x7E, 0x78, 0x1E, 0x07, 0x80, 0xFC, 0xF8, 
  0x7C, 0x1E, 0x03, 0xF9, 0xF9, 0xF8, 0x3C, 0x0F, 0xF1, 0xFF, 0xE0, 0xF0, 
  0x1F, 0xE1, 0xFF, 0x83, 0xC0, 0x7F, 0xC1, 0xFE, 0x07, 0x80, 0xEF, 0x80, 
  0x00, 0x1E, 0x03, 0x9F, 0x00, 0x00, 0x3C, 0x0F, 0x3E, 0x00, 0x00, 0xF0, 
  0x1C, 0x7C, 0x00, 0x03, 0xE0, 0x70, 0xF8, 0x00, 0x07, 0x81, 0xE1, 0xF0, 
  0x00, 0x1E, 0x03, 0xFF, 0xF8, 0x00, 0x3C, 0x07, 0xFF, 0xF0, 0x00, 0xF0, 
  0x0F, 0xFF, 0xE0, 0x01, 0xE0, 0x1F, 0xFF, 0xC0, 0x07, 0x80, 0x00, 0x3E, 
  0x00, 0x1F, 0x00, 0x00, 0x7C, 0x00, 0x3C, 0x00, 0x00, 0xF8, 0x00, 0xF0, 
  0x00, 0x01, 0xF0, 0x01, 0xE0, 0x00, 0x00, 0x00, 0x00, 0xFF, 0x00, 0x00, 
  0xFF, 0x00, 0x00, 0xFF, 0x00, 0x00, 0xFF, 0x00, 0x00, 0xFF, 0x00, 0x00, 
  0xFF, 0x00, 0x00, 0x00, 0x00, 0x00, 0x00, 0x00, 0x00, 0x00, 0x00, 0x00, 
  0x7E, 0x00, 0x00, 0x7E, 0x00, 0x00, 0x7E, 0x00, 0x00, 0x7E, 0x00, 0x00, 
  0xFC, 0x00, 0x03, 0xFC, 0x00, 0x07, 0xF8, 0x00, 0x0F, 0xF0, 0x00, 0x1F, 
  0xE0, 0x00, 0x3F, 0xC0, 0x00, 0x7F, 0x80, 0x00, 0x7F, 0x00, 0x00, 0x7F, 
  0x00, 0x00, 0xFE, 0x00, 0x7F, 0xFE, 0x00, 0x7E, 0xFE, 0x00, 0x7E, 0x7E, 
  0x00, 0x7E, 0x7F, 0x00, 0xFE, 0x7F, 0x01, 0xFE, 0x7F, 0xC3, 0xFC, 0x3F, 
  0xFF, 0xFC, 0x1F, 0xFF, 0xF8, 0x0F, 0xFF, 0xF0, 0x07, 0xFF, 0xE0, 0x01, 
  0xFF, 0xC0, 0x00, 0x18, 0x00, 0x00, 0x3F, 0x00, 0x00, 0x00, 0x1F, 0x00, 
  0x00, 0x00, 0x1F, 0x00, 0x00, 0x00, 0x0F, 0x80, 0x00, 0x00, 0x07, 0x80, 
  0x00, 0x00, 0x03, 0xC0, 0x00, 0x00, 0x01, 0xC0, 0x00, 0x00, 0x00, 0x00, 
  0x00, 0x00, 0x00, 0x00, 0x00, 0x00, 0x00, 0x00, 0x00, 0x00, 0x0F, 0xF0, 
  0x00, 0x00, 0x0F, 0xF8, 0x00, 0x00, 0x1F, 0xF8, 0x00, 0x00, 0x1F, 0xFC, 
  0x00, 0x00, 0x1F, 0xFC, 0x00, 0x00, 0x3F, 0xFC, 0x00, 0x00, 0x3F, 0xFE, 
  0x00, 0x00, 0x3F, 0xFE, 0x00, 0x00, 0x7F, 0xFE, 0x00, 0x00, 0x7F, 0x7F, 
  0x00, 0x00, 0x7E, 0x7F, 0x00, 0x00, 0xFE, 0x7F, 0x00, 0x00, 0xFE, 0x3F, 
  0x80, 0x01, 0xFC, 0x3F, 0x80, 0x01, 0xFC, 0x3F, 0x80, 0x01, 0xFC, 0x1F, 
  0xC0, 0x03, 0xF8, 0x1F, 0xC0, 0x03, 0xF8, 0x1F, 0xC0, 0x03, 0xF8, 0x0F, 
  0xE0, 0x07, 0xF0, 0x0F, 0xE0, 0x07, 0xF0, 0x0F, 0xE0, 0x07, 0xFF, 0xFF, 
  0xF0, 0x0F, 0xFF, 0xFF, 0xF0, 0x0F, 0xFF, 0xFF, 0xF0, 0x0F, 0xFF, 0xFF, 
  0xF8, 0x1F, 0xFF, 0xFF, 0xF8, 0x1F, 0xFF, 0xFF, 0xF8, 0x1F, 0xC0, 0x01, 
  0xFC, 0x3F, 0x80, 0x01, 0xFC, 0x3F, 0x80, 0x01, 0xFC, 0x7F, 0x80, 0x00, 
  0xFE, 0x7F, 0x00, 0x00, 0xFE, 0x7F, 0x00, 0x00, 0xFF, 0xFF, 0x00, 0x00, 
  0x7F, 0x00, 0x00, 0x7E, 0x00, 0x00, 0x00, 0xFC, 0x00, 0x00, 0x00, 0xF8, 
  0x00, 0x00, 0x01, 0xF0, 0x00, 0x00, 0x01, 0xE0, 0x00, 0x00, 0x01, 0xC0, 
  0x00, 0x00, 0x03, 0xC0, 0x00, 0x00, 0x00, 0x00, 0x00, 0x00, 0x00, 0x00, 
  0x00, 0x00, 0x00, 0x00, 0x00, 0x00, 0x0F, 0xF0, 0x00, 0x00, 0x0F, 0xF8, 
  0x00, 0x00, 0x1F, 0xF8, 0x00, 0x00, 0x1F, 0xFC, 0x00, 0x00, 0x1F, 0xFC, 
  0x00, 0x00, 0x3F, 0xFC, 0x00, 0x00, 0x3F, 0xFE, 0x00, 0x00, 0x3F, 0xFE, 
  0x00, 0x00, 0x7F, 0xFE, 0x00, 0x00, 0x7F, 0x7F, 0x00, 0x00, 0x7E, 0x7F, 
  0x00, 0x00, 0xFE, 0x7F, 0x00, 0x00, 0xFE, 0x3F, 0x80, 0x01, 0xFC, 0x3F, 
  0x80, 0x01, 0xFC, 0x3F, 0x80, 0x01, 0xFC, 0x1F, 0xC0, 0x03, 0xF8, 0x1F, 
  0xC0, 0x03, 0xF8, 0x1F, 0xC0, 0x03, 0xF8, 0x0F, 0xE0, 0x07, 0xF0, 0x0F, 
  0xE0, 0x07, 0xF0, 0x0F, 0xE0, 0x07, 0xFF, 0xFF, 0xF0, 0x0F, 0xFF, 0xFF, 
  0xF0, 0x0F, 0xFF, 0xFF, 0xF0, 0x0F, 0xFF, 0xFF, 0xF8, 0x1F, 0xFF, 0xFF, 
  0xF8, 0x1F, 0xFF, 0xFF, 0xF8, 0x1F, 0xC0, 0x01, 0xFC, 0x3F, 0x80, 0x01, 
  0xFC, 0x3F, 0x80, 0x01, 0xFC, 0x7F, 0x80, 0x00, 0xFE, 0x7F, 0x00, 0x00, 
  0xFE, 0x7F, 0x00, 0x00, 0xFF, 0xFF, 0x00, 0x00, 0x7F, 0x00, 0x07, 0xE0, 
  0x00, 0x00, 0x07, 0xF0, 0x00, 0x00, 0x0F, 0xF0, 0x00, 0x00, 0x1E, 0x78, 
  0x00, 0x00, 0x3C, 0x3C, 0x00, 0x00, 0x38, 0x1C, 0x00, 0x00, 0x78, 0x1E, 
  0x00, 0x00, 0x00, 0x00, 0x00, 0x00, 0x00, 0x00, 0x00, 0x00, 0x00, 0x00, 
  0x00, 0x00, 0x0F, 0xF0, 0x00, 0x00, 0x0F, 0xF8, 0x00, 0x00, 0x1F, 0xF8, 
  0x00, 0x00, 0x1F, 0xFC, 0x00, 0x00, 0x1F, 0xFC, 0x00, 0x00, 0x3F, 0xFC, 
  0x00, 0x00, 0x3F, 0xFE, 0x00, 0x00, 0x3F, 0xFE, 0x00, 0x00, 0x7F, 0xFE, 
  0x00, 0x00, 0x7F, 0x7F, 0x00, 0x00, 0x7E, 0x7F, 0x00, 0x00, 0xFE, 0x7F, 
  0x00, 0x00, 0xFE, 0x3F, 0x80, 0x01, 0xFC, 0x3F, 0x80, 0x01, 0xFC, 0x3F, 
  0x80, 0x01, 0xFC, 0x1F, 0xC0, 0x03, 0xF8, 0x1F, 0xC0, 0x03, 0xF8, 0x1F, 
  0xC0, 0x03, 0xF8, 0x0F, 0xE0, 0x07, 0xF0, 0x0F, 0xE0, 0x07, 0xF0, 0x0F, 
  0xE0, 0x07, 0xFF, 0xFF, 0xF0, 0x0F, 0xFF, 0xFF, 0xF0, 0x0F, 0xFF, 0xFF, 
  0xF0, 0x0F, 0xFF, 0xFF, 0xF8, 0x1F, 0xFF, 0xFF, 0xF8, 0x1F, 0xFF, 0xFF, 
  0xF8, 0x1F, 0xC0, 0x01, 0xFC, 0x3F, 0x80, 0x01, 0xFC, 0x3F, 0x80, 0x01, 
  0xFC, 0x7F, 0x80, 0x00, 0xFE, 0x7F, 0x00, 0x00, 0xFE, 0x7F, 0x00, 0x00, 
  0xFF, 0xFF, 0x00, 0x00, 0x7F, 0x00, 0x00, 0x03, 0x80, 0x00, 0x3F, 0x07, 
  0x80, 0x00, 0x7F, 0xE7, 0x00, 0x00, 0x7F, 0xFF, 0x00, 0x00, 0xF3, 0xFF, 
  0x00, 0x00, 0xE0, 0x7E, 0x00, 0x00, 0x00, 0x00, 0x00, 0x00, 0x00, 0x00, 
  0x00, 0x00, 0x00, 0x00, 0x00, 0x00, 0x00, 0x00, 0x00, 0x00, 0x0F, 0xF0, 
  0x00, 0x00, 0x0F, 0xF8, 0x00, 0x00, 0x1F, 0xF8, 0x00, 0x00, 0x1F, 0xFC, 
  0x00, 0x00, 0x1F, 0xFC, 0x00, 0x00, 0x3F, 0xFC, 0x00, 0x00, 0x3F, 0xFE, 
  0x00, 0x00, 0x3F, 0xFE, 0x00, 0x00, 0x7F, 0xFE, 0x00, 0x00, 0x7F, 0x7F, 
  0x00, 0x00, 0x7E, 0x7F, 0x00, 0x00, 0xFE, 0x7F, 0x00, 0x00, 0xFE, 0x3F, 
  0x80, 0x01, 0xFC, 0x3F, 0x80, 0x01, 0xFC, 0x3F, 0x80, 0x01, 0xFC, 0x1F, 
  0xC0, 0x03, 0xF8, 0x1F, 0xC0, 0x03, 0xF8, 0x1F, 0xC0, 0x03, 0xF8, 0x0F, 
  0xE0, 0x07, 0xF0, 0x0F, 0xE0, 0x07, 0xF0, 0x0F, 0xE0, 0x07, 0xFF, 0xFF, 
  0xF0, 0x0F, 0xFF, 0xFF, 0xF0, 0x0F, 0xFF, 0xFF, 0xF0, 0x0F, 0xFF, 0xFF, 
  0xF8, 0x1F, 0xFF, 0xFF, 0xF8, 0x1F, 0xFF, 0xFF, 0xF8, 0x1F, 0xC0, 0x01, 
  0xFC, 0x3F, 0x80, 0x01, 0xFC, 0x3F, 0x80, 0x01, 0xFC, 0x7F, 0x80, 0x00, 
  0xFE, 0x7F, 0x00, 0x00, 0xFE, 0x7F, 0x00, 0x00, 0xFF, 0xFF, 0x00, 0x00, 
  0x7F, 0x00, 0x7C, 0x3E, 0x00, 0x00, 0x7C, 0x3E, 0x00, 0x00, 0x7C, 0x3E, 
  0x00, 0x00, 0x7C, 0x3E, 0x00, 0x00, 0x7C, 0x3E, 0x00, 0x00, 0x00, 0x00, 
  0x00, 0x00, 0x00, 0x00, 0x00, 0x00, 0x00, 0x00, 0x00, 0x00, 0x00, 0x00, 
  0x00, 0x00, 0x0F, 0xF0, 0x00, 0x00, 0x0F, 0xF8, 0x00, 0x00, 0x1F, 0xF8, 
  0x00, 0x00, 0x1F, 0xFC, 0x00, 0x00, 0x1F, 0xFC, 0x00, 0x00, 0x3F, 0xFC, 
  0x00, 0x00, 0x3F, 0xFE, 0x00, 0x00, 0x3F, 0xFE, 0x00, 0x00, 0x7F, 0xFE, 
  0x00, 0x00, 0x7F, 0x7F, 0x00, 0x00, 0x7E, 0x7F, 0x00, 0x00, 0xFE, 0x7F, 
  0x00, 0x00, 0xFE, 0x3F, 0x80, 0x01, 0xFC, 0x3F, 0x80, 0x01, 0xFC, 0x3F, 
  0x80, 0x01, 0xFC, 0x1F, 0xC0, 0x03, 0xF8, 0x1F, 0xC0, 0x03, 0xF8, 0x1F, 
  0xC0, 0x03, 0xF8, 0x0F, 0xE0, 0x07, 0xF0, 0x0F, 0xE0, 0x07, 0xF0, 0x0F, 
  0xE0, 0x07, 0xFF, 0xFF, 0xF0, 0x0F, 0xFF, 0xFF, 0xF0, 0x0F, 0xFF, 0xFF, 
  0xF0, 0x0F, 0xFF, 0xFF, 0xF8, 0x1F, 0xFF, 0xFF, 0xF8, 0x1F, 0xFF, 0xFF, 
  0xF8, 0x1F, 0xC0, 0x01, 0xFC, 0x3F, 0x80, 0x01, 0xFC, 0x3F, 0x80, 0x01, 
  0xFC, 0x7F, 0x80, 0x00, 0xFE, 0x7F, 0x00, 0x00, 0xFE, 0x7F, 0x00, 0x00, 
  0xFF, 0xFF, 0x00, 0x00, 0x7F, 0x00, 0x00, 0x80, 0x00, 0x00, 0x07, 0xE0, 
  0x00, 0x00, 0x0F, 0xF0, 0x00, 0x00, 0x0C, 0x30, 0x00, 0x00, 0x0C, 0x30, 
  0x00, 0x00, 0x0C, 0x30, 0x00, 0x00, 0x0E, 0x70, 0x00, 0x00, 0x07, 0xE0, 
  0x00, 0x00, 0x03, 0xC0, 0x00, 0x00, 0x00, 0x00, 0x00, 0x00, 0x00, 0x00, 
  0x00, 0x00, 0x0F, 0xF0, 0x00, 0x00, 0x0F, 0xF8, 0x00, 0x00, 0x1F, 0xF8, 
  0x00, 0x00, 0x1F, 0xFC, 0x00, 0x00, 0x1F, 0xFC, 0x00, 0x00, 0x3F, 0xFC, 
  0x00, 0x00, 0x3F, 0xFE, 0x00, 0x00, 0x3F, 0xFE, 0x00, 0x00, 0x7F, 0xFE, 
  0x00, 0x00, 0x7F, 0x7F, 0x00, 0x00, 0x7E, 0x7F, 0x00, 0x00, 0xFE, 0x7F, 
  0x00, 0x00, 0xFE, 0x3F, 0x80, 0x01, 0xFC, 0x3F, 0x80, 0x01, 0xFC, 0x3F, 
  0x80, 0x01, 0xFC, 0x1F, 0xC0, 0x03, 0xF8, 0x1F, 0xC0, 0x03, 0xF8, 0x1F, 
  0xC0, 0x03, 0xF8, 0x0F, 0xE0, 0x07, 0xF0, 0x0F, 0xE0, 0x07, 0xF0, 0x0F, 
  0xE0, 0x07, 0xFF, 0xFF, 0xF0, 0x0F, 0xFF, 0xFF, 0xF0, 0x0F, 0xFF, 0xFF, 
  0xF0, 0x0F, 0xFF, 0xFF, 0xF8, 0x1F, 0xFF, 0xFF, 0xF8, 0x1F, 0xFF, 0xFF, 
  0xF8, 0x1F, 0xC0, 0x01, 0xFC, 0x3F, 0x80, 0x01, 0xFC, 0x3F, 0x80, 0x01, 
  0xFC, 0x7F, 0x80, 0x00, 0xFE, 0x7F, 0x00, 0x00, 0xFE, 0x7F, 0x00, 0x00, 
  0xFF, 0xFF, 0x00, 0x00, 0x7F, 0x00, 0x0F, 0xFF, 0xFF, 0xFF, 0xF0, 0x00, 
  0x7F, 0xFF, 0xFF, 0xFF, 0x80, 0x07, 0xFF, 0xFF, 0xFF, 0xFC, 0x00, 0x3F, 
  0xFF, 0xFF, 0xFF, 0xE0, 0x01, 0xFF, 0xFF, 0xFF, 0xFF, 0x00, 0x1F, 0xFF, 
  0xFF, 0xFF, 0xF8, 0x00, 0xFE, 0x3F, 0x80, 0x00, 0x00, 0x07, 0xE1, 0xFC, 
  0x00, 0x00, 0x00, 0x7F, 0x0F, 0xE0, 0x00, 0x00, 0x03, 0xF8, 0x7F, 0x00, 
  0x00, 0x00, 0x1F, 0x83, 0xF8, 0x00, 0x00, 0x01, 0xFC, 0x1F, 0xC0, 0x00, 
  0x00, 0x0F, 0xE0, 0xFE, 0x00, 0x00, 0x00, 0xFE, 0x07, 0xFF, 0xFF, 0xF0, 
  0x07, 0xF0, 0x3F, 0xFF, 0xFF, 0x80, 0x3F, 0x81, 0xFF, 0xFF, 0xFC, 0x03, 
  0xF8, 0x0F, 0xFF, 0xFF, 0xE0, 0x1F, 0xC0, 0x7F, 0xFF, 0xFF, 0x00, 0xFE, 
  0x03, 0xFF, 0xFF, 0xF8, 0x0F, 0xE0, 0x1F, 0xC0, 0x00, 0x00, 0x7F, 0x00, 
  0xFE, 0x00, 0x00, 0x03, 0xFF, 0xFF, 0xF0, 0x00, 0x00, 0x3F, 0xFF, 0xFF, 
  0x80, 0x00, 0x01, 0xFF, 0xFF, 0xFC, 0x00, 0x00, 0x1F, 0xFF, 0xFF, 0xE0, 
  0x00, 0x00, 0xFF, 0xFF, 0xFF, 0x00, 0x00, 0x07, 0xFF, 0xFF, 0xF8, 0x00, 
  0x00, 0x7F, 0x80, 0x1F, 0xC0, 0x00, 0x03, 0xF8, 0x00, 0xFF, 0xFF, 0xFF, 
  0x9F, 0xC0, 0x07, 0xFF, 0xFF, 0xFD, 0xFC, 0x00, 0x3F, 0xFF, 0xFF, 0xEF, 
  0xE0, 0x01, 0xFF, 0xFF, 0xFF, 0x7F, 0x00, 0x0F, 0xFF, 0xFF, 0xFF, 0xF0, 
  0x00, 0x7F, 0xFF, 0xFF, 0xC0, 0x00, 0x0F, 0xE0, 0x00, 0x01, 0xFF, 0xF8, 
  0x00, 0x1F, 0xFF, 0xF0, 0x00, 0xFF, 0xFF, 0xF0, 0x07, 0xFF, 0xFF, 0xE0, 
  0x3F, 0xFF, 0xFF, 0xC1, 0xFF, 0xC3, 0xFF, 0x07, 0xF8, 0x03, 0xFE, 0x3F, 
  0xC0, 0x03, 0xF8, 0xFE, 0x00, 0x0F, 0xF7, 0xF8, 0x00, 0x1F, 0xDF, 0xC0, 
  0x00, 0x7F, 0x7F, 0x00, 0x00, 0x03, 0xFC, 0x00, 0x00, 0x0F, 0xE0, 0x00, 
  0x00, 0x3F, 0x80, 0x00, 0x00, 0xFE, 0x00, 0x00, 0x03, 0xF8, 0x00, 0x00, 
  0x0F, 0xE0, 0x00, 0x00, 0x3F, 0x80, 0x00, 0x00, 0xFE, 0x00, 0x00, 0x03, 
  0xF8, 0x00, 0x00, 0x0F, 0xE0, 0x00, 0x00, 0x1F, 0xC0, 0x00, 0x7F, 0x7F, 
  0x00, 0x01, 0xFD, 0xFE, 0x00, 0x07, 0xF7, 0xF8, 0x00, 0x3F, 0xCF, 0xF0, 
  0x00, 0xFE, 0x3F, 0xE0, 0x07, 0xF8, 0x7F, 0xC0, 0x7F, 0xE0, 0xFF, 0xFF, 
  0xFF, 0x03, 0xFF, 0xFF, 0xF8, 0x07, 0xFF, 0xFF, 0xC0, 0x07, 0xFF, 0xFE, 
  0x00, 0x0F, 0xFF, 0xE0, 0x00, 0x07, 0xFC, 0x00, 0x00, 0x03, 0x00, 0x00, 
  0x00, 0x18, 0x00, 0x00, 0x00, 0xFE, 0x00, 0x00, 0x02, 0xFC, 0x00, 0x00, 
  0x00, 0xF0, 0x00, 0x00, 0x03, 0xC0, 0x00, 0x0E, 0x0F, 0x00, 0x00, 0x3F, 
  0xFC, 0x00, 0x00, 0x7F, 0xC0, 0x00, 0x03, 0xF0, 0x00, 0x00, 0xF8, 0x00, 
  0x00, 0x3E, 0x00, 0x00, 0x0F, 0x00, 0x00, 0x07, 0xC0, 0x00, 0x01, 0xE0, 
  0x00, 0x00, 0x78, 0x00, 0x00, 0x00, 0x00, 0x00, 0x00, 0x00, 0x00, 0x00, 
  0x00, 0x3F, 0xFF, 0xFF, 0xDF, 0xFF, 0xFF, 0xEF, 0xFF, 0xFF, 0xF7, 0xFF, 
  0xFF, 0xFB, 0xFF, 0xFF, 0xFD, 0xFF, 0xFF, 0xFE, 0xFE, 0x00, 0x00, 0x7F, 
  0x00, 0x00, 0x3F, 0x80, 0x00, 0x1F, 0xC0, 0x00, 0x0F, 0xE0, 0x00, 0x07, 
  0xF0, 0x00, 0x03, 0xF8, 0x00, 0x01, 0xFF, 0xFF, 0xFC, 0xFF, 0xFF, 0xFE, 
  0x7F, 0xFF, 0xFF, 0x3F, 0xFF, 0xFF, 0x9F, 0xFF, 0xFF, 0xCF, 0xFF, 0xFF, 
  0xE7, 0xF0, 0x00, 0x03, 0xF8, 0x00, 0x01, 0xFC, 0x00, 0x00, 0xFE, 0x00, 
  0x00, 0x7F, 0x00, 0x00, 0x3F, 0x80, 0x00, 0x1F, 0xC0, 0x00, 0x0F, 0xE0, 
  0x00, 0x07, 0xF0, 0x00, 0x03, 0xFF, 0xFF, 0xFF, 0xFF, 0xFF, 0xFF, 0xFF, 
  0xFF, 0xFF, 0xFF, 0xFF, 0xFF, 0xFF, 0xFF, 0xFF, 0xFF, 0xFF, 0xFF, 0xF0, 
  0x00, 0x0F, 0xC0, 0x00, 0x07, 0xC0, 0x00, 0x03, 0xE0, 0x00, 0x03, 0xE0, 
  0x00, 0x01, 0xE0, 0x00, 0x01, 0xE0, 0x00, 0x00, 0xE0, 0x00, 0x00, 0x00, 
  0x00, 0x00, 0x00, 0x00, 0x00, 0x00, 0x00, 0x3F, 0xFF, 0xFF, 0xDF, 0xFF, 
  0xFF, 0xEF, 0xFF, 0xFF, 0xF7, 0xFF, 0xFF, 0xFB, 0xFF, 0xFF, 0xFD, 0xFF, 
  0xFF, 0xFE, 0xFE, 0x00, 0x00, 0x7F, 0x00, 0x00, 0x3F, 0x80, 0x00, 0x1F, 
  0xC0, 0x00, 0x0F, 0xE0, 0x00, 0x07, 0xF0, 0x00, 0x03, 0xF8, 0x00, 0x01, 
  0xFF, 0xFF, 0xFC, 0xFF, 0xFF, 0xFE, 0x7F, 0xFF, 0xFF, 0x3F, 0xFF, 0xFF, 
  0x9F, 0xFF, 0xFF, 0xCF, 0xFF, 0xFF, 0xE7, 0xF0, 0x00, 0x03, 0xF8, 0x00, 
  0x01, 0xFC, 0x00, 0x00, 0xFE, 0x00, 0x00, 0x7F, 0x00, 0x00, 0x3F, 0x80, 
  0x00, 0x1F, 0xC0, 0x00, 0x0F, 0xE0, 0x00, 0x07, 0xF0, 0x00, 0x03, 0xFF, 
  0xFF, 0xFF, 0xFF, 0xFF, 0xFF, 0xFF, 0xFF, 0xFF, 0xFF, 0xFF, 0xFF, 0xFF, 
  0xFF, 0xFF, 0xFF, 0xFF, 0xFF, 0xF0, 0x00, 0x7E, 0x00, 0x00, 0x3F, 0x80, 
  0x00, 0x3F, 0xE0, 0x00, 0x3C, 0xF0, 0x00, 0x1C, 0x3C, 0x00, 0x1E, 0x0F, 
  0x00, 0x1E, 0x03, 0x80, 0x00, 0x00, 0x00, 0x00, 0x00, 0x00, 0x00, 0x00, 
  0x00, 0x3F, 0xFF, 0xFF, 0xDF, 0xFF, 0xFF, 0xEF, 0xFF, 0xFF, 0xF7, 0xFF, 
  0xFF, 0xFB, 0xFF, 0xFF, 0xFD, 0xFF, 0xFF, 0xFE, 0xFE, 0x00, 0x00, 0x7F, 
  0x00, 0x00, 0x3F, 0x80, 0x00, 0x1F, 0xC0, 0x00, 0x0F, 0xE0, 0x00, 0x07, 
  0xF0, 0x00, 0x03, 0xF8, 0x00, 0x01, 0xFF, 0xFF, 0xFC, 0xFF, 0xFF, 0xFE, 
  0x7F, 0xFF, 0xFF, 0x3F, 0xFF, 0xFF, 0x9F, 0xFF, 0xFF, 0xCF, 0xFF, 0xFF, 
  0xE7, 0xF0, 0x00, 0x03, 0xF8, 0x00, 0x01, 0xFC, 0x00, 0x00, 0xFE, 0x00, 
  0x00, 0x7F, 0x00, 0x00, 0x3F, 0x80, 0x00, 0x1F, 0xC0, 0x00, 0x0F, 0xE0, 
  0x00, 0x07, 0xF0, 0x00, 0x03, 0xFF, 0xFF, 0xFF, 0xFF, 0xFF, 0xFF, 0xFF, 
  0xFF, 0xFF, 0xFF, 0xFF, 0xFF, 0xFF, 0xFF, 0xFF, 0xFF, 0xFF, 0xFF, 0xF0, 
  0x07, 0xC3, 0xE0, 0x03, 0xE1, 0xF0, 0x01, 0xF0, 0xF8, 0x00, 0xF8, 0x7C, 
  0x00, 0x7C, 0x3E, 0x00, 0x00, 0x00, 0x00, 0x00, 0x00, 0x00, 0x00, 0x00, 
  0x00, 0x00, 0x00, 0x00, 0x7F, 0xFF, 0xFF, 0xBF, 0xFF, 0xFF, 0xDF, 0xFF, 
  0xFF, 0xEF, 0xFF, 0xFF, 0xF7, 0xFF, 0xFF, 0xFB, 0xFF, 0xFF, 0xFD, 0xFC, 
  0x00, 0x00, 0xFE, 0x00, 0x00, 0x7F, 0x00, 0x00, 0x3F, 0x80, 0x00, 0x1F, 
  0xC0, 0x00, 0x0F, 0xE0, 0x00, 0x07, 0xF0, 0x00, 0x03, 0xFF, 0xFF, 0xF9, 
  0xFF, 0xFF, 0xFC, 0xFF, 0xFF, 0xFE, 0x7F, 0xFF, 0xFF, 0x3F, 0xFF, 0xFF, 
  0x9F, 0xFF, 0xFF, 0xCF, 0xE0, 0x00, 0x07, 0xF0, 0x00, 0x03, 0xF8, 0x00, 
  0x01, 0xFC, 0x00, 0x00, 0xFE, 0x00, 0x00, 0x7F, 0x00, 0x00, 0x3F, 0x80, 
  0x00, 0x1F, 0xC0, 0x00, 0x0F, 0xE0, 0x00, 0x07, 0xFF, 0xFF, 0xFF, 0xFF, 
  0xFF, 0xFF, 0xFF, 0xFF, 0xFF, 0xFF, 0xFF, 0xFF, 0xFF, 0xFF, 0xFF, 0xFF, 
  0xFF, 0xFF, 0xE0, 0xFC, 0x1F, 0x03, 0xE0, 0xF8, 0x1F, 0x03, 0xC0, 0x70, 
  0x00, 0x00, 0x00, 0x01, 0xFC, 0x7F, 0x1F, 0xC7, 0xF1, 0xFC, 0x7F, 0x1F, 
  0xC7, 0xF1, 0xFC, 0x7F, 0x1F, 0xC7, 0xF1, 0xFC, 0x7F, 0x1F, 0xC7, 0xF1, 
  0xFC, 0x7F, 0x1F, 0xC7, 0xF1, 0xFC, 0x7F, 0x1F, 0xC7, 0xF1, 0xFC, 0x7F, 
  0x1F, 0xC7, 0xF1, 0xFC, 0x7F, 0x1F, 0xC7, 0xF1, 0xFC, 0x7F, 0x0F, 0xC1, 
  0xF0, 0x3E, 0x0F, 0x81, 0xE0, 0x78, 0x0E, 0x00, 0x00, 0x00, 0x00, 0x03, 
  0xF8, 0x7F, 0x0F, 0xE1, 0xFC, 0x3F, 0x87, 0xF0, 0xFE, 0x1F, 0xC3, 0xF8, 
  0x7F, 0x0F, 0xE1, 0xFC, 0x3F, 0x87, 0xF0, 0xFE, 0x1F, 0xC3, 0xF8, 0x7F, 
  0x0F, 0xE1, 0xFC, 0x3F, 0x87, 0xF0, 0xFE, 0x1F, 0xC3, 0xF8, 0x7F, 0x0F, 
  0xE1, 0xFC, 0x3F, 0x87, 0xF0, 0xFE, 0x1F, 0xC3, 0xF8, 0x7F, 0x00, 0x07, 
  0xE0, 0x1F, 0xC0, 0x7B, 0xC0, 0xF7, 0xC3, 0xC7, 0x8F, 0x07, 0xBC, 0x07, 
  0x80, 0x00, 0x00, 0x00, 0x00, 0x00, 0x3F, 0x80, 0x7F, 0x00, 0xFE, 0x01, 
  0xFC, 0x03, 0xF8, 0x07, 0xF0, 0x0F, 0xE0, 0x1F, 0xC0, 0x3F, 0x80, 0x7F, 
  0x00, 0xFE, 0x01, 0xFC, 0x03, 0xF8, 0x07, 0xF0, 0x0F, 0xE0, 0x1F, 0xC0, 
  0x3F, 0x80, 0x7F, 0x00, 0xFE, 0x01, 0xFC, 0x03, 0xF8, 0x07, 0xF0, 0x0F, 
  0xE0, 0x1F, 0xC0, 0x3F, 0x80, 0x7F, 0x00, 0xFE, 0x01, 0xFC, 0x03, 0xF8, 
  0x07, 0xF0, 0x0F, 0xE0, 0x1F, 0xC0, 0x3F, 0x80, 0x7F, 0x00, 0xFC, 0x3F, 
  0xF8, 0x7F, 0xF0, 0xFF, 0xE1, 0xFF, 0xC3, 0xE0, 0x00, 0x00, 0x00, 0x00, 
  0x00, 0x00, 0x00, 0x1F, 0xC0, 0x3F, 0x80, 0x7F, 0x00, 0xFE, 0x01, 0xFC, 
  0x03, 0xF8, 0x07, 0xF0, 0x0F, 0xE0, 0x1F, 0xC0, 0x3F, 0x80, 0x7F, 0x00, 
  0xFE, 0x01, 0xFC, 0x03, 0xF8, 0x07, 0xF0, 0x0F, 0xE0, 0x1F, 0xC0, 0x3F, 
  0x80, 0x7F, 0x00, 0xFE, 0x01, 0xFC, 0x03, 0xF8, 0x07, 0xF0, 0x0F, 0xE0, 
  0x1F, 0xC0, 0x3F, 0x80, 0x7F, 0x00, 0xFE, 0x01, 0xFC, 0x03, 0xF8, 0x07, 
  0xF0, 0x0F, 0xE0, 0x1F, 0xC0, 0x3F, 0x80, 0x0F, 0xFF, 0xFE, 0x00, 0x0F, 
  0xFF, 0xFF, 0x80, 0x0F, 0xFF, 0xFF, 0xE0, 0x0F, 0xFF, 0xFF, 0xF0, 0x0F, 
  0xFF, 0xFF, 0xF0, 0x0F, 0xFF, 0xFF, 0xF8, 0x0F, 0xE0, 0x07, 0xFC, 0x0F, 
  0xE0, 0x03, 0xFC, 0x0F, 0xE0, 0x01, 0xFE, 0x0F, 0xE0, 0x00, 0xFE, 0x0F, 
  0xE0, 0x00, 0xFE, 0x0F, 0xE0, 0x00, 0x7E, 0x0F, 0xE0, 0x00, 0x7F, 0x0F, 
  0xE0, 0x00, 0x7F, 0xFF, 0xFF, 0xC0, 0x7F, 0xFF, 0xFF, 0xC0, 0x7F, 0xFF, 
  0xFF, 0xC0, 0x7F, 0xFF, 0xFF, 0xC0, 0x7F, 0x0F, 0xE0, 0x00, 0x7F, 0x0F, 
  0xE0, 0x00, 0x7F, 0x0F, 0xE0, 0x00, 0x7F, 0x0F, 0xE0, 0x00, 0x7F, 0x0F, 
  0xE0, 0x00, 0x7E, 0x0F, 0xE0, 0x00, 0xFE, 0x0F, 0xE0, 0x00, 0xFE, 0x0F, 
  0xE0, 0x01, 0xFC, 0x0F, 0xE0, 0x03, 0xFC, 0x0F, 0xE0, 0x07, 0xF8, 0x0F, 
  0xFF, 0xFF, 0xF8, 0x0F, 0xFF, 0xFF, 0xF0, 0x0F, 0xFF, 0xFF, 0xE0, 0x0F, 
  0xFF, 0xFF, 0xC0, 0x0F, 0xFF, 0xFF, 0x80, 0x0F, 0xFF, 0xFC, 0x00, 0x00, 
  0x00, 0x0E, 0x00, 0x0F, 0xC1, 0xE0, 0x01, 0xFF, 0x9C, 0x00, 0x1F, 0xFF, 
  0xC0, 0x03, 0xCF, 0xFC, 0x00, 0x38, 0x1F, 0x80, 0x00, 0x00, 0x00, 0x00, 
  0x00, 0x00, 0x00, 0x00, 0x00, 0x00, 0x00, 0x00, 0x00, 0x00, 0xFF, 0x00, 
  0x07, 0xFF, 0xF0, 0x00, 0x7F, 0xFF, 0x80, 0x07, 0xFF, 0xFC, 0x00, 0x7F, 
  0xFF, 0xC0, 0x07, 0xFF, 0xFE, 0x00, 0x7F, 0xFF, 0xE0, 0x07, 0xFF, 0xFF, 
  0x00, 0x7F, 0xFF, 0xF8, 0x07, 0xFF, 0xFF, 0x80, 0x7F, 0xFF, 0xFC, 0x07, 
  0xFF, 0xEF, 0xC0, 0x7F, 0xFE, 0xFE, 0x07, 0xFF, 0xE7, 0xE0, 0x7F, 0xFE, 
  0x3F, 0x07, 0xFF, 0xE3, 0xF8, 0x7F, 0xFE, 0x1F, 0x87, 0xFF, 0xE1, 0xFC, 
  0x7F, 0xFE, 0x0F, 0xC7, 0xFF, 0xE0, 0x7E, 0x7F, 0xFE, 0x07, 0xF7, 0xFF, 
  0xE0, 0x3F, 0x7F, 0xFE, 0x03, 0xFF, 0xFF, 0xE0, 0x1F, 0xFF, 0xFE, 0x01, 
  0xFF, 0xFF, 0xE0, 0x0F, 0xFF, 0xFE, 0x00, 0x7F, 0xFF, 0xE0, 0x07, 0xFF, 
  0xFE, 0x00, 0x3F, 0xFF, 0xE0, 0x03, 0xFF, 0xFE, 0x00, 0x1F, 0xFF, 0xE0, 
  0x00, 0xFF, 0xFE, 0x00, 0x0F, 0xFF, 0xE0, 0x00, 0x7F, 0x00, 0x3F, 0x00, 
  0x00, 0x00, 0x0F, 0xC0, 0x00, 0x00, 0x03, 0xE0, 0x00, 0x00, 0x00, 0xF0, 
  0x00, 0x00, 0x00, 0x3C, 0x00, 0x00, 0x00, 0x0E, 0x00, 0x00, 0x00, 0x07, 
  0x80, 0x00, 0x00, 0x00, 0x00, 0x00, 0x00, 0x00, 0x00, 0x00, 0x00, 0x03, 
  0xF8, 0x00, 0x00, 0x0F, 0xFF, 0x80, 0x00, 0x1F, 0xFF, 0xF0, 0x00, 0x3F, 
  0xFF, 0xFC, 0x00, 0x3F, 0xFF, 0xFF, 0x80, 0x3F, 0xFF, 0xFF, 0xE0, 0x3F, 
  0xF8, 0x3F, 0xF0, 0x1F, 0xF0, 0x07, 0xFC, 0x1F, 0xE0, 0x01, 0xFF, 0x0F, 
  0xF0, 0x00, 0x7F, 0x8F, 0xF0, 0x00, 0x1F, 0xC7, 0xF0, 0x00, 0x0F, 0xF3, 
  0xF8, 0x00, 0x03, 0xFB, 0xFC, 0x00, 0x01, 0xFD, 0xFC, 0x00, 0x00, 0xFF, 
  0xFE, 0x00, 0x00, 0x3F, 0xFF, 0x00, 0x00, 0x1F, 0xFF, 0x80, 0x00, 0x0F, 
  0xFF, 0xC0, 0x00, 0x07, 0xFF, 0xE0, 0x00, 0x03, 0xFF, 0xF0, 0x00, 0x01, 
  0xFF, 0xF8, 0x00, 0x01, 0xFF, 0xFC, 0x00, 0x00, 0xFE, 0xFF, 0x00, 0x00, 
  0x7F, 0x3F, 0x80, 0x00, 0x3F, 0x9F, 0xE0, 0x00, 0x3F, 0xCF, 0xF0, 0x00, 
  0x3F, 0xC3, 0xFC, 0x00, 0x1F, 0xE1, 0xFF, 0x00, 0x3F, 0xE0, 0x7F, 0xE0, 
  0x3F, 0xF0, 0x1F, 0xFF, 0xFF, 0xF0, 0x07, 0xFF, 0xFF, 0xF0, 0x01, 0xFF, 
  0xFF, 0xF0, 0x00, 0x7F, 0xFF, 0xF0, 0x00, 0x0F, 0xFF, 0xE0, 0x00, 0x00, 
  0xFF, 0x80, 0x00, 0x00, 0x00, 0x7C, 0x00, 0x00, 0x00, 0x7E, 0x00, 0x00, 
  0x00, 0x3E, 0x00, 0x00, 0x00, 0x3E, 0x00, 0x00, 0x00, 0x1E, 0x00, 0x00, 
  0x00, 0x1E, 0x00, 0x00, 0x00, 0x0E, 0x00, 0x00, 0x00, 0x00, 0x00, 0x00, 
  0x00, 0x00, 0x00, 0x00, 0x00, 0x03, 0xF8, 0x00, 0x00, 0x0F, 0xFF, 0x80, 
  0x00, 0x1F, 0xFF, 0xF0, 0x00, 0x3F, 0xFF, 0xFC, 0x00, 0x3F, 0xFF, 0xFF, 
  0x80, 0x3F, 0xFF, 0xFF, 0xE0, 0x3F, 0xF8, 0x3F, 0xF0, 0x1F, 0xF0, 0x07, 
  0xFC, 0x1F, 0xE0, 0x01, 0xFF, 0x0F, 0xF0, 0x00, 0x7F, 0x8F, 0xF0, 0x00, 
  0x1F, 0xC7, 0xF0, 0x00, 0x0F, 0xF3, 0xF8, 0x00, 0x03, 0xFB, 0xFC, 0x00, 
  0x01, 0xFD, 0xFC, 0x00, 0x00, 0xFF, 0xFE, 0x00, 0x00, 0x3F, 0xFF, 0x00, 
  0x00, 0x1F, 0xFF, 0x80, 0x00, 0x0F, 0xFF, 0xC0, 0x00, 0x07, 0xFF, 0xE0, 
  0x00, 0x03, 0xFF, 0xF0, 0x00, 0x01, 0xFF, 0xF8, 0x00, 0x01, 0xFF, 0xFC, 
  0x00, 0x00, 0xFE, 0xFF, 0x00, 0x00, 0x7F, 0x3F, 0x80, 0x00, 0x3F, 0x9F, 
  0xE0, 0x00, 0x3F, 0xCF, 0xF0, 0x00, 0x3F, 0xC3, 0xFC, 0x00, 0x1F, 0xE1, 
  0xFF, 0x00, 0x3F, 0xE0, 0x7F, 0xE0, 0x3F, 0xF0, 0x1F, 0xFF, 0xFF, 0xF0, 
  0x07, 0xFF, 0xFF, 0xF0, 0x01, 0xFF, 0xFF, 0xF0, 0x00, 0x7F, 0xFF, 0xF0, 
  0x00, 0x0F, 0xFF, 0xE0, 0x00, 0x00, 0xFF, 0x80, 0x00, 0x00, 0x03, 0xE0, 
  0x00, 0x00, 0x03, 0xF8, 0x00, 0x00, 0x03, 0xFE, 0x00, 0x00, 0x03, 0xCF, 
  0x00, 0x00, 0x01, 0xE3, 0xC0, 0x00, 0x01, 0xE0, 0xF0, 0x00, 0x01, 0xE0, 
  0x38, 0x00, 0x00, 0x00, 0x00, 0x00, 0x00, 0x00, 0x00, 0x00, 0x00, 0x03, 
  0xF8, 0x00, 0x00, 0x0F, 0xFF, 0x80, 0x00, 0x1F, 0xFF, 0xF0, 0x00, 0x3F, 
  0xFF, 0xFC, 0x00, 0x3F, 0xFF, 0xFF, 0x80, 0x3F, 0xFF, 0xFF, 0xE0, 0x3F, 
  0xF8, 0x3F, 0xF0, 0x1F, 0xF0, 0x07, 0xFC, 0x1F, 0xE0, 0x01, 0xFF, 0x0F, 
  0xF0, 0x00, 0x7F, 0x8F, 0xF0, 0x00, 0x1F, 0xC7, 0xF0, 0x00, 0x0F, 0xF3, 
  0xF8, 0x00, 0x03, 0xFB, 0xFC, 0x00, 0x01, 0xFD, 0xFC, 0x00, 0x00, 0xFF, 
  0xFE, 0x00, 0x00, 0x3F, 0xFF, 0x00, 0x00, 0x1F, 0xFF, 0x80, 0x00, 0x0F, 
  0xFF, 0xC0, 0x00, 0x07, 0xFF, 0xE0, 0x00, 0x03, 0xFF, 0xF0, 0x00, 0x01, 
  0xFF, 0xF8, 0x00, 0x01, 0xFF, 0xFC, 0x00, 0x00, 0xFE, 0xFF, 0x00, 0x00, 
  0x7F, 0x3F, 0x80, 0x00, 0x3F, 0x9F, 0xE0, 0x00, 0x3F, 0xCF, 0xF0, 0x00, 
  0x3F, 0xC3, 0xFC, 0x00, 0x1F, 0xE1, 0xFF, 0x00, 0x3F, 0xE0, 0x7F, 0xE0, 
  0x3F, 0xF0, 0x1F, 0xFF, 0xFF, 0xF0, 0x07, 0xFF, 0xFF, 0xF0, 0x01, 0xFF, 
  0xFF, 0xF0, 0x00, 0x7F, 0xFF, 0xF0, 0x00, 0x0F, 0xFF, 0xE0, 0x00, 0x00, 
  0xFF, 0x80, 0x00, 0x00, 0x00, 0x03, 0x80, 0x00, 0x1F, 0x81, 0xC0, 0x00, 
  0x1F, 0xF9, 0xE0, 0x00, 0x0F, 0xFF, 0xE0, 0x00, 0x07, 0x3F, 0xF0, 0x00, 
  0x07, 0x83, 0xF0, 0x00, 0x00, 0x00, 0x00, 0x00, 0x00, 0x00, 0x00, 0x00, 
  0x00, 0x00, 0x00, 0x00, 0x00, 0x03, 0xF8, 0x00, 0x00, 0x0F, 0xFF, 0x80, 
  0x00, 0x1F, 0xFF, 0xF0, 0x00, 0x3F, 0xFF, 0xFC, 0x00, 0x3F, 0xFF, 0xFF, 
  0x80, 0x3F, 0xFF, 0xFF, 0xE0, 0x3F, 0xF8, 0x3F, 0xF0, 0x1F, 0xF0, 0x07, 
  0xFC, 0x1F, 0xE0, 0x01, 0xFF, 0x0F, 0xF0, 0x00, 0x7F, 0x8F, 0xF0, 0x00, 
  0x1F, 0xC7, 0xF0, 0x00, 0x0F, 0xF3, 0xF8, 0x00, 0x03, 0xFB, 0xFC, 0x00, 
  0x01, 0xFD, 0xFC, 0x00, 0x00, 0xFF, 0xFE, 0x00, 0x00, 0x3F, 0xFF, 0x00, 
  0x00, 0x1F, 0xFF, 0x80, 0x00, 0x0F, 0xFF, 0xC0, 0x00, 0x07, 0xFF, 0xE0, 
  0x00, 0x03, 0xFF, 0xF0, 0x00, 0x01, 0xFF, 0xF8, 0x00, 0x01, 0xFF, 0xFC, 
  0x00, 0x00, 0xFE, 0xFF, 0x00, 0x00, 0x7F, 0x3F, 0x80, 0x00, 0x3F, 0x9F, 
  0xE0, 0x00, 0x3F, 0xCF, 0xF0, 0x00, 0x3F, 0xC3, 0xFC, 0x00, 0x1F, 0xE1, 
  0xFF, 0x00, 0x3F, 0xE0, 0x7F, 0xE0, 0x3F, 0xF0, 0x1F, 0xFF, 0xFF, 0xF0, 
  0x07, 0xFF, 0xFF, 0xF0, 0x01, 0xFF, 0xFF, 0xF0, 0x00, 0x7F, 0xFF, 0xF0, 
  0x00, 0x0F, 0xFF, 0xE0, 0x00, 0x00, 0xFF, 0x80, 0x00, 0x00, 0x7C, 0x3F, 
  0x00, 0x00, 0x3E, 0x1F, 0x80, 0x00, 0x1F, 0x0F, 0xC0, 0x00, 0x0F, 0x87, 
  0xE0, 0x00, 0x07, 0xC3, 0xF0, 0x00, 0x00, 0x00, 0x00, 0x00, 0x00, 0x00, 
  0x00, 0x00, 0x00, 0x00, 0x00, 0x00, 0x00, 0x07, 0xF0, 0x00, 0x00, 0x1F, 
  0xFF, 0x00, 0x00, 0x3F, 0xFF, 0xE0, 0x00, 0x7F, 0xFF, 0xF8, 0x00, 0x7F, 
  0xFF, 0xFF, 0x00, 0x7F, 0xFF, 0xFF, 0xC0, 0x7F, 0xF0, 0x7F, 0xE0, 0x3F, 
  0xE0, 0x0F, 0xF8, 0x3F, 0xC0, 0x03, 0xFE, 0x1F, 0xE0, 0x00, 0xFF, 0x1F, 
  0xE0, 0x00, 0x3F, 0x8F, 0xE0, 0x00, 0x1F, 0xE7, 0xF0, 0x00, 0x07, 0xF7, 
  0xF8, 0x00, 0x03, 0xFB, 0xF8, 0x00, 0x01, 0xFF, 0xFC, 0x00, 0x00, 0x7F, 
  0xFE, 0x00, 0x00, 0x3F, 0xFF, 0x00, 0x00, 0x1F, 0xFF, 0x80, 0x00, 0x0F, 
  0xFF, 0xC0, 0x00, 0x07, 0xFF, 0xE0, 0x00, 0x03, 0xFF, 0xF0, 0x00, 0x03, 
  0xFF, 0xF8, 0x00, 0x01, 0xFD, 0xFE, 0x00, 0x00, 0xFE, 0x7F, 0x00, 0x00, 
  0x7F, 0x3F, 0xC0, 0x00, 0x7F, 0x9F, 0xE0, 0x00, 0x7F, 0x87, 0xF8, 0x00, 
  0x3F, 0xC3, 0xFE, 0x00, 0x7F, 0xC0, 0xFF, 0xC0, 0x7F, 0xE0, 0x3F, 0xFF, 
  0xFF, 0xE0, 0x0F, 0xFF, 0xFF, 0xE0, 0x03, 0xFF, 0xFF, 0xE0, 0x00, 0xFF, 
  0xFF, 0xE0, 0x00, 0x1F, 0xFF, 0xC0, 0x00, 0x01, 0xFF, 0x00, 0x00, 0x10, 
  0x01, 0x03, 0x80, 0x38, 0x7C, 0x07, 0xCF, 0xE0, 0xFE, 0xFF, 0x1F, 0xE7, 
  0xFB, 0xFC, 0x3F, 0xFF, 0x81, 0xFF, 0xF0, 0x0F, 0xFE, 0x00, 0x7F, 0xC0, 
  0x07, 0xFC, 0x00, 0xFF, 0xE0, 0x1F, 0xFF, 0x03, 0xFF, 0xF8, 0x7F, 0xBF, 
  0xCF, 0xF1, 0xFE, 0xFE, 0x0F, 0xE7, 0xC0, 0x7C, 0x38, 0x03, 0x81, 0x00, 
  0x10, 0x00, 0x03, 0xF8, 0x01, 0x80, 0x0F, 0xFF, 0xC0, 0xF0, 0x0F, 0xFF, 
  0xFC, 0x3C, 0x07, 0xFF, 0xFF, 0x9E, 0x03, 0xFF, 0xFF, 0xFF, 0x01, 0xFF, 
  0xFF, 0xFF, 0x80, 0xFF, 0xE0, 0xFF, 0xC0, 0x7F, 0xE0, 0x0F, 0xF8, 0x1F, 
  0xE0, 0x01, 0xFE, 0x0F, 0xF0, 0x00, 0x7F, 0xC3, 0xFC, 0x00, 0x3F, 0xF0, 
  0xFE, 0x00, 0x1F, 0xFE, 0x7F, 0x80, 0x07, 0xBF, 0x9F, 0xC0, 0x03, 0xCF, 
  0xE7, 0xF0, 0x01, 0xE3, 0xF9, 0xFC, 0x00, 0xF0, 0x7F, 0x7F, 0x00, 0x78, 
  0x1F, 0xDF, 0xC0, 0x3C, 0x07, 0xF7, 0xF0, 0x1E, 0x01, 0xFD, 0xFC, 0x0F, 
  0x80, 0x7F, 0x7F, 0x07, 0xC0, 0x1F, 0xDF, 0xC3, 0xE0, 0x0F, 0xF7, 0xF1, 
  0xF0, 0x03, 0xF9, 0xFC, 0x78, 0x00, 0xFE, 0x3F, 0xBC, 0x00, 0x7F, 0x8F, 
  0xFE, 0x00, 0x1F, 0xE3, 0xFF, 0x00, 0x0F, 0xF0, 0x7F, 0x80, 0x07, 0xFC, 
  0x1F, 0xF0, 0x03, 0xFE, 0x03, 0xFF, 0x03, 0xFF, 0x00, 0xFF, 0xFF, 0xFF, 
  0xC0, 0x7F, 0xFF, 0xFF, 0xE0, 0x3F, 0xFF, 0xFF, 0xF0, 0x0F, 0x3F, 0xFF, 
  0xF0, 0x07, 0x83, 0xFF, 0xF8, 0x01, 0xC0, 0x3F, 0xF0, 0x00, 0x20, 0x00, 
  0x00, 0x00, 0x00, 0x01, 0xF8, 0x00, 0x00, 0x1F, 0x00, 0x00, 0x01, 0xF0, 
  0x00, 0x00, 0x1E, 0x00, 0x00, 0x03, 0xE0, 0x00, 0x00, 0x3C, 0x00, 0x00, 
  0x03, 0xC0, 0x00, 0x00, 0x00, 0x00, 0x00, 0x00, 0x00, 0x00, 0x00, 0x00, 
  0x03, 0xF8, 0x00, 0x3F, 0xFF, 0x00, 0x07, 0xFF, 0xE0, 0x00, 0xFF, 0xFC, 
  0x00, 0x1F, 0xFF, 0x80, 0x03, 0xFF, 0xF0, 0x00, 0x7F, 0xFE, 0x00, 0x0F, 
  0xFF, 0xC0, 0x01, 0xFF, 0xF8, 0x00, 0x3F, 0xFF, 0x00, 0x07, 0xFF, 0xE0, 
  0x00, 0xFF, 0xFC, 0x00, 0x1F, 0xFF, 0x80, 0x03, 0xFF, 0xF0, 0x00, 0x7F, 
  0xFE, 0x00, 0x0F, 0xFF, 0xC0, 0x01, 0xFF, 0xF8, 0x00, 0x3F, 0xFF, 0x00, 
  0x07, 0xFF, 0xE0, 0x00, 0xFF, 0xFC, 0x00, 0x1F, 0xFF, 0x80, 0x03, 0xFF, 
  0xF0, 0x00, 0x7F, 0xFE, 0x00, 0x0F, 0xFF, 0xC0, 0x01, 0xFF, 0xF8, 0x00, 
  0x3F, 0xFF, 0x00, 0x0F, 0xFF, 0xE0, 0x01, 0xFD, 0xFE, 0x00, 0x7F, 0x9F, 
  0xF0, 0x3F, 0xF3, 0xFF, 0xFF, 0xFC, 0x3F, 0xFF, 0xFF, 0x03, 0xFF, 0xFF, 
  0xE0, 0x3F, 0xFF, 0xF0, 0x01, 0xFF, 0xFC, 0x00, 0x0F, 0xFC, 0x00, 0x00, 
  0x03, 0xE0, 0x00, 0x00, 0xF8, 0x00, 0x00, 0x1F, 0x00, 0x00, 0x07, 0xC0, 
  0x00, 0x00, 0xF0, 0x00, 0x00, 0x3C, 0x00, 0x00, 0x07, 0x00, 0x00, 0x00, 
  0x00, 0x00, 0x00, 0x00, 0x00, 0x00, 0x00, 0x00, 0x03, 0xF8, 0x00, 0x3F, 
  0xFF, 0x00, 0x07, 0xFF, 0xE0, 0x00, 0xFF, 0xFC, 0x00, 0x1F, 0xFF, 0x80, 
  0x03, 0xFF, 0xF0, 0x00, 0x7F, 0xFE, 0x00, 0x0F, 0xFF, 0xC0, 0x01, 0xFF, 
  0xF8, 0x00, 0x3F, 0xFF, 0x00, 0x07, 0xFF, 0xE0, 0x00, 0xFF, 0xFC, 0x00, 
  0x1F, 0xFF, 0x80, 0x03, 0xFF, 0xF0, 0x00, 0x7F, 0xFE, 0x00, 0x0F, 0xFF, 
  0xC0, 0x01, 0xFF, 0xF8, 0x00, 0x3F, 0xFF, 0x00, 0x07, 0xFF, 0xE0, 0x00, 
  0xFF, 0xFC, 0x00, 0x1F, 0xFF, 0x80, 0x03, 0xFF, 0xF0, 0x00, 0x7F, 0xFE, 
  0x00, 0x0F, 0xFF, 0xC0, 0x01, 0xFF, 0xF8, 0x00, 0x3F, 0xFF, 0x00, 0x0F, 
  0xFF, 0xE0, 0x01, 0xFD, 0xFE, 0x00, 0x7F, 0x9F, 0xF0, 0x3F, 0xF3, 0xFF, 
  0xFF, 0xFC, 0x3F, 0xFF, 0xFF, 0x03, 0xFF, 0xFF, 0xE0, 0x3F, 0xFF, 0xF0, 
  0x01, 0xFF, 0xFC, 0x00, 0x0F, 0xFC, 0x00, 0x00, 0x3F, 0x00, 0x00, 0x07, 
  0xF0, 0x00, 0x01, 0xFF, 0x00, 0x00, 0x79, 0xE0, 0x00, 0x0E, 0x1E, 0x00, 
  0x03, 0xC1, 0xE0, 0x00, 0xF0, 0x3C, 0x00, 0x00, 0x00, 0x00, 0x00, 0x00, 
  0x00, 0x00, 0x00, 0x00, 0x03, 0xF8, 0x00, 0x3F, 0xFF, 0x00, 0x07, 0xFF, 
  0xE0, 0x00, 0xFF, 0xFC, 0x00, 0x1F, 0xFF, 0x80, 0x03, 0xFF, 0xF0, 0x00, 
  0x7F, 0xFE, 0x00, 0x0F, 0xFF, 0xC0, 0x01, 0xFF, 0xF8, 0x00, 0x3F, 0xFF, 
  0x00, 0x07, 0xFF, 0xE0, 0x00, 0xFF, 0xFC, 0x00, 0x1F, 0xFF, 0x80, 0x03, 
  0xFF, 0xF0, 0x00, 0x7F, 0xFE, 0x00, 0x0F, 0xFF, 0xC0, 0x01, 0xFF, 0xF8, 
  0x00, 0x3F, 0xFF, 0x00, 0x07, 0xFF, 0xE0, 0x00, 0xFF, 0xFC, 0x00, 0x1F, 
  0xFF, 0x80, 0x03, 0xFF, 0xF0, 0x00, 0x7F, 0xFE, 0x00, 0x0F, 0xFF, 0xC0, 
  0x01, 0xFF, 0xF8, 0x00, 0x3F, 0xFF, 0x00, 0x0F, 0xFF, 0xE0, 0x01, 0xFD, 
  0xFE, 0x00, 0x7F, 0x9F, 0xF0, 0x3F, 0xF3, 0xFF, 0xFF, 0xFC, 0x3F, 0xFF, 
  0xFF, 0x03, 0xFF, 0xFF, 0xE0, 0x3F, 0xFF, 0xF0, 0x01, 0xFF, 0xFC, 0x00, 
  0x0F, 0xFC, 0x00, 0x03, 0xE1, 0xF0, 0x00, 0x7C, 0x3E, 0x00, 0x0F, 0x87, 
  0xC0, 0x01, 0xF0, 0xF8, 0x00, 0x3E, 0x1F, 0x00, 0x00, 0x00, 0x00, 0x00, 
  0x00, 0x00, 0x00, 0x00, 0x00, 0x00, 0x00, 0x00, 0x00, 0x1F, 0xC0, 0x01, 
  0xFF, 0xF8, 0x00, 0x3F, 0xFF, 0x00, 0x07, 0xFF, 0xE0, 0x00, 0xFF, 0xFC, 
  0x00, 0x1F, 0xFF, 0x80, 0x03, 0xFF, 0xF0, 0x00, 0x7F, 0xFE, 0x00, 0x0F, 
  0xFF, 0xC0, 0x01, 0xFF, 0xF8, 0x00, 0x3F, 0xFF, 0x00, 0x07, 0xFF, 0xE0, 
  0x00, 0xFF, 0xFC, 0x00, 0x1F, 0xFF, 0x80, 0x03, 0xFF, 0xF0, 0x00, 0x7F, 
  0xFE, 0x00, 0x0F, 0xFF, 0xC0, 0x01, 0xFF, 0xF8, 0x00, 0x3F, 0xFF, 0x00, 
  0x07, 0xFF, 0xE0, 0x00, 0xFF, 0xFC, 0x00, 0x1F, 0xFF, 0x80, 0x03, 0xFF, 
  0xF0, 0x00, 0x7F, 0xFE, 0x00, 0x0F, 0xFF, 0xC0, 0x01, 0xFF, 0xF8, 0x00, 
  0x7F, 0xFF, 0x00, 0x0F, 0xEF, 0xF0, 0x03, 0xFC, 0xFF, 0x81, 0xFF, 0x9F, 
  0xFF, 0xFF, 0xE1, 0xFF, 0xFF, 0xF8, 0x1F, 0xFF, 0xFF, 0x01, 0xFF, 0xFF, 
  0x80, 0x0F, 0xFF, 0xE0, 0x00, 0x7F, 0xE0, 0x00, 0x00, 0x01, 0xF8, 0x00, 
  0x00, 0x07, 0xC0, 0x00, 0x00, 0x3E, 0x00, 0x00, 0x00, 0xF8, 0x00, 0x00, 
  0x07, 0xC0, 0x00, 0x00, 0x1E, 0x00, 0x00, 0x00, 0x70, 0x00, 0x00, 0x00, 
  0x00, 0x00, 0x00, 0x00, 0x00, 0x00, 0x00, 0x00, 0x00, 0x07, 0xF0, 0x00, 
  0x7F, 0x9F, 0xE0, 0x01, 0xFE, 0x3F, 0x80, 0x0F, 0xF0, 0xFF, 0x00, 0x3F, 
  0xC1, 0xFC, 0x00, 0xFE, 0x07, 0xF8, 0x07, 0xF8, 0x0F, 0xE0, 0x1F, 0xC0, 
  0x3F, 0xC0, 0xFF, 0x00, 0x7F, 0x03, 0xF8, 0x01, 0xFE, 0x1F, 0xE0, 0x03, 
  0xF8, 0x7F, 0x00, 0x0F, 0xF1, 0xFC, 0x00, 0x1F, 0xCF, 0xE0, 0x00, 0x7F, 
  0x3F, 0x80, 0x00, 0xFF, 0xFC, 0x00, 0x01, 0xFF, 0xF0, 0x00, 0x07, 0xFF, 
  0x80, 0x00, 0x0F, 0xFE, 0x00, 0x00, 0x3F, 0xF0, 0x00, 0x00, 0x7F, 0xC0, 
  0x00, 0x01, 0xFE, 0x00, 0x00, 0x03, 0xF8, 0x00, 0x00, 0x0F, 0xE0, 0x00, 
  0x00, 0x3F, 0x80, 0x00, 0x00, 0xFE, 0x00, 0x00, 0x03, 0xF8, 0x00, 0x00, 
  0x0F, 0xE0, 0x00, 0x00, 0x3F, 0x80, 0x00, 0x00, 0xFE, 0x00, 0x00, 0x03, 
  0xF8, 0x00, 0x00, 0x0F, 0xE0, 0x00, 0x00, 0x3F, 0x80, 0x00, 0x00, 0xFE, 
  0x00, 0x00, 0x03, 0xF8, 0x00, 0xFE, 0x00, 0x00, 0x3F, 0x80, 0x00, 0x0F, 
  0xE0, 0x00, 0x03, 0xF8, 0x00, 0x00, 0xFE, 0x00, 0x00, 0x3F, 0xFF, 0xC0, 
  0x0F, 0xFF, 0xFF, 0x83, 0xFF, 0xFF, 0xF0, 0xFF, 0xFF, 0xFE, 0x3F, 0xFF, 
  0xFF, 0xCF, 0xFF, 0xFF, 0xFB, 0xF8, 0x07, 0xFE, 0xFE, 0x00, 0x7F, 0xBF, 
  0x80, 0x0F, 0xFF, 0xE0, 0x03, 0xFF, 0xF8, 0x00, 0x7F, 0xFE, 0x00, 0x1F, 
  0xFF, 0x80, 0x07, 0xFF, 0xE0, 0x03, 0xFF, 0xF8, 0x00, 0xFE, 0xFE, 0x00, 
  0x7F, 0xBF, 0x80, 0xFF, 0xEF, 0xFF, 0xFF, 0xF3, 0xFF, 0xFF, 0xFC, 0xFF, 
  0xFF, 0xFE, 0x3F, 0xFF, 0xFF, 0x0F, 0xFF, 0xFF, 0x03, 0xF8, 0x00, 0x00, 
  0xFE, 0x00, 0x00, 0x3F, 0x80, 0x00, 0x0F, 0xE0, 0x00, 0x03, 0xF8, 0x00, 
  0x00, 0xFE, 0x00, 0x00, 0x3F, 0x80, 0x00, 0x00, 0x03, 0xFF, 0x00, 0x0F, 
  0xFF, 0xC0, 0x1F, 0xFF, 0xE0, 0x3F, 0xFF, 0xF0, 0x7F, 0xFF, 0xF8, 0x7F, 
  0x87, 0xF8, 0xFE, 0x01, 0xFC, 0xFE, 0x01, 0xFC, 0xFE, 0x01, 0xFC, 0xFE, 
  0x01, 0xFC, 0xFE, 0x01, 0xFC, 0xFE, 0x01, 0xF8, 0xFE, 0x07, 0xF8, 0xFE, 
  0x3F, 0xF0, 0xFE, 0x3F, 0xC0, 0xFE, 0x3F, 0xF0, 0xFE, 0x3F, 0xFC, 0xFE, 
  0x3F, 0xFC, 0xFE, 0x01, 0xFE, 0xFE, 0x00, 0xFE, 0xFE, 0x00, 0x7F, 0xFE, 
  0x00, 0x7F, 0xFE, 0x00, 0x7F, 0xFE, 0x00, 0x7F, 0xFE, 0x00, 0x7F, 0xFE, 
  0x00, 0x7F, 0xFE, 0x00, 0x7F, 0xFE, 0x00, 0xFE, 0xFE, 0x01, 0xFE, 0xFE, 
  0x3F, 0xFE, 0xFE, 0x3F, 0xFC, 0xFE, 0x3F, 0xF8, 0xFE, 0x3F, 0xF0, 0xFE, 
  0x3F, 0xE0, 0x00, 0x3F, 0x80, 0x07, 0xE0, 0x00, 0x03, 0xF0, 0x00, 0x01, 
  0xF0, 0x00, 0x00, 0xF8, 0x00, 0x00, 0x78, 0x00, 0x00, 0x7C, 0x00, 0x00, 
  0x3C, 0x00, 0x00, 0x00, 0x00, 0x00, 0x00, 0x00, 0x00, 0x00, 0x00, 0x00, 
  0xFE, 0x00, 0x07, 0xFF, 0xC0, 0x0F, 0xFF, 0xF0, 0x1F, 0xFF, 0xF8, 0x3F, 
  0xFF, 0xF8, 0x3F, 0xFF, 0xFC, 0x7F, 0x01, 0xFC, 0x7F, 0x00, 0xFC, 0x7E, 
  0x00, 0xFC, 0x00, 0x01, 0xFC, 0x00, 0x07, 0xFC, 0x00, 0xFF, 0xFC, 0x0F, 
  0xFF, 0xFC, 0x1F, 0xFF, 0xFC, 0x3F, 0xFE, 0xFC, 0x7F, 0xC0, 0xFC, 0x7F, 
  0x00, 0xFC, 0xFE, 0x00, 0xFC, 0xFE, 0x01, 0xFC, 0xFE, 0x01, 0xFC, 0xFE, 
  0x03, 0xFC, 0xFF, 0x8F, 0xFC, 0x7F, 0xFF, 0xFC, 0x7F, 0xFF, 0xFC, 0x3F, 
  0xFE, 0xFE, 0x1F, 0xF8, 0xFF, 0x07, 0xE0, 0x00, 0x00, 0x0F, 0xC0, 0x00, 
  0x0F, 0x80, 0x00, 0x1F, 0x80, 0x00, 0x1F, 0x00, 0x00, 0x3E, 0x00, 0x00, 
  0x3C, 0x00, 0x00, 0x38, 0x00, 0x00, 0x00, 0x00, 0x00, 0x00, 0x00, 0x00, 
  0x00, 0x00, 0x00, 0xFE, 0x00, 0x07, 0xFF, 0xC0, 0x0F, 0xFF, 0xF0, 0x1F, 
  0xFF, 0xF8, 0x3F, 0xFF, 0xF8, 0x3F, 0xFF, 0xFC, 0x7F, 0x01, 0xFC, 0x7F, 
  0x00, 0xFC, 0x7E, 0x00, 0xFC, 0x00, 0x01, 0xFC, 0x00, 0x07, 0xFC, 0x00, 
  0xFF, 0xFC, 0x0F, 0xFF, 0xFC, 0x1F, 0xFF, 0xFC, 0x3F, 0xFE, 0xFC, 0x7F, 
  0xC0, 0xFC, 0x7F, 0x00, 0xFC, 0xFE, 0x00, 0xFC, 0xFE, 0x01, 0xFC, 0xFE, 
  0x01, 0xFC, 0xFE, 0x03, 0xFC, 0xFF, 0x8F, 0xFC, 0x7F, 0xFF, 0xFC, 0x7F, 
  0xFF, 0xFC, 0x3F, 0xFE, 0xFE, 0x1F, 0xF8, 0xFF, 0x07, 0xE0, 0x00, 0x00, 
  0x7C, 0x00, 0x00, 0x7E, 0x00, 0x00, 0xFF, 0x00, 0x01, 0xEF, 0x80, 0x03, 
  0xC7, 0x80, 0x03, 0xC3, 0xC0, 0x07, 0x81, 0xE0, 0x00, 0x00, 0x00, 0x00, 
  0x00, 0x00, 0x00, 0x00, 0x00, 0x00, 0xFE, 0x00, 0x07, 0xFF, 0xC0, 0x0F, 
  0xFF, 0xF0, 0x1F, 0xFF, 0xF8, 0x3F, 0xFF, 0xF8, 0x3F, 0xFF, 0xFC, 0x7F, 
  0x01, 0xFC, 0x7F, 0x00, 0xFC, 0x7E, 0x00, 0xFC, 0x00, 0x01, 0xFC, 0x00, 
  0x07, 0xFC, 0x00, 0xFF, 0xFC, 0x0F, 0xFF, 0xFC, 0x1F, 0xFF, 0xFC, 0x3F, 
  0xFE, 0xFC, 0x7F, 0xC0, 0xFC, 0x7F, 0x00, 0xFC, 0xFE, 0x00, 0xFC, 0xFE, 
  0x01, 0xFC, 0xFE, 0x01, 0xFC, 0xFE, 0x03, 0xFC, 0xFF, 0x8F, 0xFC, 0x7F, 
  0xFF, 0xFC, 0x7F, 0xFF, 0xFC, 0x3F, 0xFE, 0xFE, 0x1F, 0xF8, 0xFF, 0x07, 
  0xE0, 0x00, 0x03, 0xC0, 0x70, 0x07, 0xF8, 0x70, 0x0F, 0xFF, 0xF0, 0x0F, 
  0xFF, 0xE0, 0x0E, 0x1F, 0xE0, 0x1E, 0x03, 0x80, 0x00, 0x00, 0x00, 0x00, 
  0x00, 0x00, 0x00, 0x00, 0x00, 0x00, 0xFE, 0x00, 0x07, 0xFF, 0xC0, 0x0F, 
  0xFF, 0xF0, 0x1F, 0xFF, 0xF8, 0x3F, 0xFF, 0xF8, 0x3F, 0xFF, 0xFC, 0x7F, 
  0x01, 0xFC, 0x7F, 0x00, 0xFC, 0x7E, 0x00, 0xFC, 0x00, 0x01, 0xFC, 0x00, 
  0x07, 0xFC, 0x00, 0xFF, 0xFC, 0x0F, 0xFF, 0xFC, 0x1F, 0xFF, 0xFC, 0x3F, 
  0xFE, 0xFC, 0x7F, 0xC0, 0xFC, 0x7F, 0x00, 0xFC, 0xFE, 0x00, 0xFC, 0xFE, 
  0x01, 0xFC, 0xFE, 0x01, 0xFC, 0xFE, 0x03, 0xFC, 0xFF, 0x8F, 0xFC, 0x7F, 
  0xFF, 0xFC, 0x7F, 0xFF, 0xFC, 0x3F, 0xFE, 0xFE, 0x1F, 0xF8, 0xFF, 0x07, 
  0xE0, 0x00, 0x07, 0xC3, 0xE0, 0x07, 0xC3, 0xE0, 0x07, 0xC3, 0xE0, 0x07, 
  0xC3, 0xE0, 0x07, 0xC3, 0xE0, 0x07, 0xC3, 0xE0, 0x00, 0x00, 0x00, 0x00, 
  0x00, 0x00, 0x00, 0x00, 0x00, 0x00, 0xFE, 0x00, 0x07, 0xFF, 0xC0, 0x0F, 
  0xFF, 0xF0, 0x1F, 0xFF, 0xF8, 0x3F, 0xFF, 0xF8, 0x3F, 0xFF, 0xFC, 0x7F, 
  0x01, 0xFC, 0x7F, 0x00, 0xFC, 0x7E, 0x00, 0xFC, 0x00, 0x01, 0xFC, 0x00, 
  0x07, 0xFC, 0x00, 0xFF, 0xFC, 0x0F, 0xFF, 0xFC, 0x1F, 0xFF, 0xFC, 0x3F, 
  0xFE, 0xFC, 0x7F, 0xC0, 0xFC, 0x7F, 0x00, 0xFC, 0xFE, 0x00, 0xFC, 0xFE, 
  0x01, 0xFC, 0xFE, 0x01, 0xFC, 0xFE, 0x03, 0xFC, 0xFF, 0x8F, 0xFC, 0x7F, 
  0xFF, 0xFC, 0x7F, 0xFF, 0xFC, 0x3F, 0xFE, 0xFE, 0x1F, 0xF8, 0xFF, 0x07, 
  0xE0, 0x00, 0x00, 0x7C, 0x00, 0x00, 0xFE, 0x00, 0x00, 0xE7, 0x00, 0x00, 
  0xC3, 0x00, 0x00, 0xC3, 0x00, 0x00, 0xC7, 0x00, 0x00, 0xFE, 0x00, 0x00, 
  0x7C, 0x00, 0x00, 0x00, 0x00, 0x00, 0x00, 0x00, 0x00, 0xFE, 0x00, 0x07, 
  0xFF, 0xC0, 0x0F, 0xFF, 0xF0, 0x1F, 0xFF, 0xF8, 0x3F, 0xFF, 0xF8, 0x3F, 
  0xFF, 0xFC, 0x7F, 0x01, 0xFC, 0x7F, 0x00, 0xFC, 0x7E, 0x00, 0xFC, 0x00, 
  0x01, 0xFC, 0x00, 0x07, 0xFC, 0x00, 0xFF, 0xFC, 0x0F, 0xFF, 0xFC, 0x1F, 
  0xFF, 0xFC, 0x3F, 0xFE, 0xFC, 0x7F, 0xC0, 0xFC, 0x7F, 0x00, 0xFC, 0xFE, 
  0x00, 0xFC, 0xFE, 0x01, 0xFC, 0xFE, 0x01, 0xFC, 0xFE, 0x03, 0xFC, 0xFF, 
  0x8F, 0xFC, 0x7F, 0xFF, 0xFC, 0x7F, 0xFF, 0xFC, 0x3F, 0xFE, 0xFE, 0x1F, 
  0xF8, 0xFF, 0x07, 0xE0, 0x00, 0x00, 0xFE, 0x00, 0x7C, 0x00, 0x0F, 0xFF, 
  0x87, 0xFF, 0x00, 0x3F, 0xFF, 0xFF, 0xFF, 0x80, 0xFF, 0xFF, 0xFF, 0xFF, 
  0x83, 0xFF, 0xFF, 0xFF, 0xFF, 0x87, 0xFF, 0xFF, 0xF8, 0xFF, 0x1F, 0xC0, 
  0x7F, 0xC0, 0x7F, 0x3F, 0x80, 0x7F, 0x00, 0xFE, 0x7E, 0x00, 0xFE, 0x00, 
  0xFE, 0x00, 0x03, 0xF8, 0x01, 0xFC, 0x00, 0x1F, 0xF0, 0x03, 0xF8, 0x0F, 
  0xFF, 0xFF, 0xFF, 0xF0, 0xFF, 0xFF, 0xFF, 0xFF, 0xE3, 0xFF, 0xFF, 0xFF, 
  0xFF, 0xCF, 0xFF, 0xBF, 0xFF, 0xFF, 0xBF, 0xE0, 0x7E, 0x00, 0x00, 0x7F, 
  0x00, 0xFC, 0x00, 0x01, 0xFC, 0x01, 0xF8, 0x00, 0x03, 0xF8, 0x07, 0xF8, 
  0x00, 0x07, 0xF0, 0x0F, 0xF0, 0x07, 0xFF, 0xE0, 0x3F, 0xF0, 0x1F, 0xDF, 
  0xF1, 0xFF, 0xF0, 0x7F, 0x9F, 0xFF, 0xFF, 0xFF, 0xFE, 0x3F, 0xFF, 0xCF, 
  0xFF, 0xF8, 0x3F, 0xFF, 0x0F, 0xFF, 0xE0, 0x3F, 0xF8, 0x0F, 0xFF, 0x80, 
  0x1F, 0xC0, 0x07, 0xF8, 0x00, 0x00, 0x7C, 0x00, 0x07, 0xFF, 0x00, 0x3F, 
  0xFF, 0x80, 0xFF, 0xFF, 0x83, 0xFF, 0xFF, 0x8F, 0xFF, 0xFF, 0x1F, 0xE0, 
  0xFF, 0x3F, 0x80, 0xFE, 0xFE, 0x00, 0xFD, 0xFC, 0x01, 0xFB, 0xF0, 0x00, 
  0x07, 0xE0, 0x00, 0x0F, 0xC0, 0x00, 0x1F, 0x80, 0x00, 0x3F, 0x00, 0x00, 
  0x7E, 0x00, 0x00, 0xFC, 0x00, 0x01, 0xFC, 0x01, 0xFB, 0xF8, 0x03, 0xF7, 
  0xF0, 0x0F, 0xE7, 0xF0, 0x1F, 0xCF, 0xF8, 0xFF, 0x0F, 0xFF, 0xFE, 0x0F, 
  0xFF, 0xF8, 0x0F, 0xFF, 0xE0, 0x0F, 0xFF, 0x80, 0x07, 0xFC, 0x00, 0x03, 
  0x80, 0x00, 0x06, 0x00, 0x00, 0x1F, 0xC0, 0x00, 0x2F, 0xC0, 0x00, 0x07, 
  0x80, 0x00, 0x0F, 0x00, 0x1C, 0x3E, 0x00, 0x3F, 0xFC, 0x00, 0x3F, 0xE0, 
  0x00, 0x07, 0xE0, 0x00, 0x03, 0xF0, 0x00, 0x01, 0xF0, 0x00, 0x00, 0xF8, 
  0x00, 0x00, 0x78, 0x00, 0x00, 0x7C, 0x00, 0x00, 0x3C, 0x00, 0x00, 0x00, 
  0x00, 0x00, 0x00, 0x00, 0x00, 0x00, 0x00, 0x00, 0x7E, 0x00, 0x03, 0xFF, 
  0x80, 0x07, 0xFF, 0xE0, 0x1F, 0xFF, 0xF0, 0x1F, 0xFF, 0xF8, 0x3F, 0xC7, 
  0xFC, 0x7F, 0x01, 0xFC, 0x7F, 0x00, 0xFE, 0x7E, 0x00, 0xFE, 0xFE, 0x00, 
  0x7E, 0xFE, 0x00, 0x7E, 0xFF, 0xFF, 0xFF, 0xFF, 0xFF, 0xFF, 0xFF, 0xFF, 
  0xFF, 0xFF, 0xFF, 0xFF, 0xFE, 0x00, 0x00, 0xFE, 0x00, 0x00, 0xFE, 0x00, 
  0x00, 0x7E, 0x00, 0x00, 0x7E, 0x00, 0x7E, 0x7F, 0x00, 0xFE, 0x3F, 0x83, 
  0xFC, 0x3F, 0xFF, 0xFC, 0x1F, 0xFF, 0xF8, 0x0F, 0xFF, 0xF0, 0x07, 0xFF, 
  0xC0, 0x00, 0xFF, 0x00, 0x00, 0x07, 0xE0, 0x00, 0x0F, 0xC0, 0x00, 0x0F, 
  0x80, 0x00, 0x1F, 0x00, 0x00, 0x1E, 0x00, 0x00, 0x3C, 0x00, 0x00, 0x3C, 
  0x00, 0x00, 0x00, 0x00, 0x00, 0x00, 0x00, 0x00, 0x00, 0x00, 0x00, 0x7E, 
  0x00, 0x03, 0xFF, 0x80, 0x07, 0xFF, 0xE0, 0x1F, 0xFF, 0xF0, 0x1F, 0xFF, 
  0xF8, 0x3F, 0xC7, 0xFC, 0x7F, 0x01, 0xFC, 0x7F, 0x00, 0xFE, 0x7E, 0x00, 
  0xFE, 0xFE, 0x00, 0x7E, 0xFE, 0x00, 0x7E, 0xFF, 0xFF, 0xFF, 0xFF, 0xFF, 
  0xFF, 0xFF, 0xFF, 0xFF, 0xFF, 0xFF, 0xFF, 0xFE, 0x00, 0x00, 0xFE, 0x00, 
  0x00, 0xFE, 0x00, 0x00, 0x7E, 0x00, 0x00, 0x7E, 0x00, 0x7E, 0x7F, 0x00, 
  0xFE, 0x3F, 0x83, 0xFC, 0x3F, 0xFF, 0xFC, 0x1F, 0xFF, 0xF8, 0x0F, 0xFF, 
  0xF0, 0x07, 0xFF, 0xC0, 0x00, 0xFF, 0x00, 0x00, 0x3E, 0x00, 0x00, 0x7F, 
  0x00, 0x00, 0xFF, 0x00, 0x00, 0xF7, 0x80, 0x01, 0xE3, 0xC0, 0x03, 0xC3, 
  0xC0, 0x07, 0x81, 0xE0, 0x00, 0x00, 0x00, 0x00, 0x00, 0x00, 0x00, 0x00, 
  0x00, 0x00, 0x7E, 0x00, 0x03, 0xFF, 0x80, 0x07, 0xFF, 0xE0, 0x1F, 0xFF, 
  0xF0, 0x1F, 0xFF, 0xF8, 0x3F, 0xC7, 0xFC, 0x7F, 0x01, 0xFC, 0x7F, 0x00, 
  0xFE, 0x7E, 0x00, 0xFE, 0xFE, 0x00, 0x7E, 0xFE, 0x00, 0x7E, 0xFF, 0xFF, 
  0xFF, 0xFF, 0xFF, 0xFF, 0xFF, 0xFF, 0xFF, 0xFF, 0xFF, 0xFF, 0xFE, 0x00, 
  0x00, 0xFE, 0x00, 0x00, 0xFE, 0x00, 0x00, 0x7E, 0x00, 0x00, 0x7E, 0x00, 
  0x7E, 0x7F, 0x00, 0xFE, 0x3F, 0x83, 0xFC, 0x3F, 0xFF, 0xFC, 0x1F, 0xFF, 
  0xF8, 0x0F, 0xFF, 0xF0, 0x07, 0xFF, 0xC0, 0x00, 0xFF, 0x00, 0x07, 0xC3, 
  0xE0, 0x07, 0xC3, 0xE0, 0x07, 0xC3, 0xE0, 0x07, 0xC3, 0xE0, 0x07, 0xC3, 
  0xE0, 0x07, 0xC3, 0xE0, 0x00, 0x00, 0x00, 0x00, 0x00, 0x00, 0x00, 0x00, 
  0x00, 0x00, 0x7E, 0x00, 0x03, 0xFF, 0x80, 0x07, 0xFF, 0xE0, 0x1F, 0xFF, 
  0xF0, 0x1F, 0xFF, 0xF8, 0x3F, 0xC7, 0xFC, 0x7F, 0x01, 0xFC, 0x7F, 0x00, 
  0xFE, 0x7E, 0x00, 0xFE, 0xFE, 0x00, 0x7E, 0xFE, 0x00, 0x7E, 0xFF, 0xFF, 
  0xFF, 0xFF, 0xFF, 0xFF, 0xFF, 0xFF, 0xFF, 0xFF, 0xFF, 0xFF, 0xFE, 0x00, 
  0x00, 0xFE, 0x00, 0x00, 0xFE, 0x00, 0x00, 0x7E, 0x00, 0x00, 0x7E, 0x00, 
  0x7E, 0x7F, 0x00, 0xFE, 0x3F, 0x83, 0xFC, 0x3F, 0xFF, 0xFC, 0x1F, 0xFF, 
  0xF8, 0x0F, 0xFF, 0xF0, 0x07, 0xFF, 0xC0, 0x00, 0xFF, 0x00, 0xF8, 0x3F, 
  0x07, 0xC0, 0xF8, 0x1E, 0x03, 0xC0, 0x70, 0x00, 0x00, 0x00, 0x00, 0x00, 
  0x7F, 0x1F, 0xC7, 0xF1, 0xFC, 0x7F, 0x1F, 0xC7, 0xF1, 0xFC, 0x7F, 0x1F, 
  0xC7, 0xF1, 0xFC, 0x7F, 0x1F, 0xC7, 0xF1, 0xFC, 0x7F, 0x1F, 0xC7, 0xF1, 
  0xFC, 0x7F, 0x1F, 0xC7, 0xF1, 0xFC, 0x7F, 0x07, 0xE1, 0xF8, 0x3E, 0x0F, 
  0x81, 0xE0, 0x78, 0x0F, 0x00, 0x00, 0x00, 0x00, 0x00, 0x00, 0x7F, 0x0F, 
  0xE1, 0xFC, 0x3F, 0x87, 0xF0, 0xFE, 0x1F, 0xC3, 0xF8, 0x7F, 0x0F, 0xE1, 
  0xFC, 0x3F, 0x87, 0xF0, 0xFE, 0x1F, 0xC3, 0xF8, 0x7F, 0x0F, 0xE1, 0xFC, 
  0x3F, 0x87, 0xF0, 0xFE, 0x1F, 0xC3, 0xF8, 0x7F, 0x00, 0x07, 0xC0, 0x1F, 
  0xC0, 0x3F, 0xC0, 0xF7, 0x83, 0xC7, 0x87, 0x07, 0x9C, 0x07, 0x00, 0x01, 
  0x00, 0x00, 0x00, 0x00, 0x00, 0x00, 0x7F, 0x00, 0xFE, 0x01, 0xFC, 0x03, 
  0xF8, 0x07, 0xF0, 0x0F, 0xE0, 0x1F, 0xC0, 0x3F, 0x80, 0x7F, 0x00, 0xFE, 
  0x01, 0xFC, 0x03, 0xF8, 0x07, 0xF0, 0x0F, 0xE0, 0x1F, 0xC0, 0x3F, 0x80, 
  0x7F, 0x00, 0xFE, 0x01, 0xFC, 0x03, 0xF8, 0x07, 0xF0, 0x0F, 0xE0, 0x1F, 
  0xC0, 0x3F, 0x80, 0x7F, 0x00, 0xFC, 0x3F, 0xF8, 0x7F, 0xF0, 0xFF, 0xE1, 
  0xFF, 0xC3, 0xFF, 0x87, 0xC0, 0x00, 0x00, 0x00, 0x00, 0x00, 0x00, 0x00, 
  0x3F, 0x80, 0x7F, 0x00, 0xFE, 0x01, 0xFC, 0x03, 0xF8, 0x07, 0xF0, 0x0F, 
  0xE0, 0x1F, 0xC0, 0x3F, 0x80, 0x7F, 0x00, 0xFE, 0x01, 0xFC, 0x03, 0xF8, 
  0x07, 0xF0, 0x0F, 0xE0, 0x1F, 0xC0, 0x3F, 0x80, 0x7F, 0x00, 0xFE, 0x01, 
  0xFC, 0x03, 0xF8, 0x07, 0xF0, 0x0F, 0xE0, 0x1F, 0xC0, 0x3F, 0x80, 0x01, 
  0x01, 0x80, 0x03, 0xE3, 0xE0, 0x03, 0xFF, 0xE0, 0x00, 0x7F, 0xC0, 0x00, 
  0x0F, 0xE0, 0x00, 0x0F, 0xF8, 0x00, 0x1F, 0x7F, 0x00, 0x06, 0x1F, 0xC0, 
  0x00, 0x07, 0xF0, 0x00, 0x01, 0xF8, 0x00, 0x7F, 0x7E, 0x00, 0xFF, 0xFF, 
  0x80, 0xFF, 0xFF, 0xC0, 0xFF, 0xFF, 0xF0, 0xFF, 0xFF, 0xF8, 0xFF, 0x83, 
  0xFE, 0x7F, 0x00, 0xFF, 0x7F, 0x80, 0x3F, 0xBF, 0x80, 0x1F, 0xDF, 0xC0, 
  0x07, 0xFF, 0xC0, 0x03, 0xFF, 0xE0, 0x01, 0xFF, 0xF0, 0x00, 0xFF, 0xF8, 
  0x00, 0x7F, 0xFC, 0x00, 0x3F, 0xFF, 0x00, 0x1F, 0xFF, 0x80, 0x0F, 0xDF, 
  0xC0, 0x0F, 0xE7, 0xF0, 0x07, 0xF3, 0xFC, 0x07, 0xF1, 0xFF, 0x8F, 0xF8, 
  0x7F, 0xFF, 0xF8, 0x1F, 0xFF, 0xF8, 0x07, 0xFF, 0xF8, 0x00, 0xFF, 0xF8, 
  0x00, 0x1F, 0xF0, 0x00, 0x07, 0xC0, 0xE0, 0x1F, 0xE1, 0xC0, 0x3F, 0xFF, 
  0x80, 0xFF, 0xFF, 0x01, 0xC1, 0xFC, 0x03, 0x80, 0xE0, 0x00, 0x00, 0x00, 
  0x00, 0x00, 0x00, 0x00, 0x00, 0x00, 0x00, 0x1F, 0x03, 0xF9, 0xFF, 0x87, 
  0xF7, 0xFF, 0x8F, 0xFF, 0xFF, 0x9F, 0xFF, 0xFF, 0xBF, 0xFF, 0xFF, 0x7F, 
  0xC1, 0xFE, 0xFF, 0x01, 0xFF, 0xFC, 0x01, 0xFF, 0xF8, 0x03, 0xFF, 0xF0, 
  0x07, 0xFF, 0xE0, 0x0F, 0xFF, 0xC0, 0x1F, 0xFF, 0x80, 0x3F, 0xFF, 0x00, 
  0x7F, 0xFE, 0x00, 0xFF, 0xFC, 0x01, 0xFF, 0xF8, 0x03, 0xFF, 0xF0, 0x07, 
  0xFF, 0xE0, 0x0F, 0xFF, 0xC0, 0x1F, 0xFF, 0x80, 0x3F, 0xFF, 0x00, 0x7F, 
  0xFE, 0x00, 0xFF, 0xFC, 0x01, 0xFF, 0xF8, 0x03, 0xF8, 0x03, 0xF0, 0x00, 
  0x00, 0xF8, 0x00, 0x00, 0x7E, 0x00, 0x00, 0x1F, 0x00, 0x00, 0x07, 0xC0, 
  0x00, 0x01, 0xE0, 0x00, 0x00, 0x78, 0x00, 0x00, 0x00, 0x00, 0x00, 0x00, 
  0x00, 0x00, 0x00, 0x00, 0x00, 0x1F, 0x80, 0x00, 0x7F, 0xF8, 0x00, 0xFF, 
  0xFF, 0x00, 0xFF, 0xFF, 0xC0, 0xFF, 0xFF, 0xF0, 0x7F, 0xFF, 0xFC, 0x7F, 
  0x81, 0xFE, 0x3F, 0x80, 0x7F, 0xBF, 0x80, 0x1F, 0xDF, 0xC0, 0x0F, 0xEF, 
  0xE0, 0x03, 0xF7, 0xE0, 0x01, 0xFF, 0xF0, 0x00, 0xFF, 0xF8, 0x00, 0x7F, 
  0xFC, 0x00, 0x3F, 0xFE, 0x00, 0x1F, 0xFF, 0x80, 0x0F, 0xFF, 0xC0, 0x07, 
  0xEF, 0xE0, 0x07, 0xF3, 0xF8, 0x03, 0xF9, 0xFE, 0x03, 0xF8, 0xFF, 0xC7, 
  0xFC, 0x3F, 0xFF, 0xFC, 0x0F, 0xFF, 0xFC, 0x03, 0xFF, 0xFC, 0x00, 0x7F, 
  0xFC, 0x00, 0x0F, 0xF8, 0x00, 0x00, 0x07, 0xE0, 0x00, 0x07, 0xE0, 0x00, 
  0x03, 0xE0, 0x00, 0x03, 0xE0, 0x00, 0x01, 0xE0, 0x00, 0x01, 0xE0, 0x00, 
  0x00, 0xF0, 0x00, 0x00, 0x00, 0x00, 0x00, 0x00, 0x00, 0x00, 0x00, 0x00, 
  0x00, 0x1F, 0x80, 0x00, 0x7F, 0xF8, 0x00, 0xFF, 0xFF, 0x00, 0xFF, 0xFF, 
  0xC0, 0xFF, 0xFF, 0xF0, 0x7F, 0xFF, 0xFC, 0x7F, 0x81, 0xFE, 0x3F, 0x80, 
  0x7F, 0xBF, 0x80, 0x1F, 0xDF, 0xC0, 0x0F, 0xEF, 0xE0, 0x03, 0xF7, 0xE0, 
  0x01, 0xFF, 0xF0, 0x00, 0xFF, 0xF8, 0x00, 0x7F, 0xFC, 0x00, 0x3F, 0xFE, 
  0x00, 0x1F, 0xFF, 0x80, 0x0F, 0xFF, 0xC0, 0x07, 0xEF, 0xE0, 0x07, 0xF3, 
  0xF8, 0x03, 0xF9, 0xFE, 0x03, 0xF8, 0xFF, 0xC7, 0xFC, 0x3F, 0xFF, 0xFC, 
  0x0F, 0xFF, 0xFC, 0x03, 0xFF, 0xFC, 0x00, 0x7F, 0xFC, 0x00, 0x0F, 0xF8, 
  0x00, 0x00, 0x3E, 0x00, 0x00, 0x3F, 0x80, 0x00, 0x3F, 0xC0, 0x00, 0x3C, 
  0xF0, 0x00, 0x1E, 0x3C, 0x00, 0x1E, 0x1E, 0x00, 0x1E, 0x07, 0x80, 0x00, 
  0x00, 0x00, 0x00, 0x00, 0x00, 0x00, 0x00, 0x00, 0x00, 0x1F, 0x80, 0x00, 
  0x7F, 0xF8, 0x00, 0xFF, 0xFF, 0x00, 0xFF, 0xFF, 0xC0, 0xFF, 0xFF, 0xF0, 
  0x7F, 0xFF, 0xFC, 0x7F, 0x81, 0xFE, 0x3F, 0x80, 0x7F, 0xBF, 0x80, 0x1F, 
  0xDF, 0xC0, 0x0F, 0xEF, 0xE0, 0x03, 0xF7, 0xE0, 0x01, 0xFF, 0xF0, 0x00, 
  0xFF, 0xF8, 0x00, 0x7F, 0xFC, 0x00, 0x3F, 0xFE, 0x00, 0x1F, 0xFF, 0x80, 
  0x0F, 0xFF, 0xC0, 0x07, 0xEF, 0xE0, 0x07, 0xF3, 0xF8, 0x03, 0xF9, 0xFE, 
  0x03, 0xF8, 0xFF, 0xC7, 0xFC, 0x3F, 0xFF, 0xFC, 0x0F, 0xFF, 0xFC, 0x03, 
  0xFF, 0xFC, 0x00, 0x7F, 0xFC, 0x00, 0x0F, 0xF8, 0x00, 0x03, 0xE0, 0x38, 
  0x03, 0xFE, 0x38, 0x01, 0xFF, 0xFC, 0x01, 0xFF, 0xFE, 0x00, 0xE0, 0xFE, 
  0x00, 0x70, 0x0E, 0x00, 0x00, 0x00, 0x00, 0x00, 0x00, 0x00, 0x00, 0x00, 
  0x00, 0x00, 0x3F, 0x00, 0x00, 0xFF, 0xF0, 0x01, 0xFF, 0xFE, 0x01, 0xFF, 
  0xFF, 0x81, 0xFF, 0xFF, 0xE0, 0xFF, 0xFF, 0xF8, 0xFF, 0x03, 0xFC, 0x7F, 
  0x00, 0xFF, 0x7F, 0x00, 0x3F, 0xBF, 0x80, 0x1F, 0xDF, 0xC0, 0x07, 0xEF, 
  0xC0, 0x03, 0xFF, 0xE0, 0x01, 0xFF, 0xF0, 0x00, 0xFF, 0xF8, 0x00, 0x7F, 
  0xFC, 0x00, 0x3F, 0xFF, 0x00, 0x1F, 0xFF, 0x80, 0x0F, 0xDF, 0xC0, 0x0F, 
  0xE7, 0xF0, 0x07, 0xF3, 0xFC, 0x07, 0xF1, 0xFF, 0x8F, 0xF8, 0x7F, 0xFF, 
  0xF8, 0x1F, 0xFF, 0xF8, 0x07, 0xFF, 0xF8, 0x00, 0xFF, 0xF8, 0x00, 0x1F, 
  0xF0, 0x00, 0x07, 0xC3, 0xE0, 0x03, 0xE1, 0xF0, 0x01, 0xF0, 0xF8, 0x00, 
  0xF8, 0x7C, 0x00, 0x7C, 0x3E, 0x00, 0x3E, 0x1F, 0x00, 0x00, 0x00, 0x00, 
  0x00, 0x00, 0x00, 0x00, 0x00, 0x00, 0x00, 0x3F, 0x00, 0x00, 0xFF, 0xF0, 
  0x01, 0xFF, 0xFE, 0x01, 0xFF, 0xFF, 0x81, 0xFF, 0xFF, 0xE0, 0xFF, 0xFF, 
  0xF8, 0xFF, 0x03, 0xFC, 0x7F, 0x00, 0xFF, 0x7F, 0x00, 0x3F, 0xBF, 0x80, 
  0x1F, 0xDF, 0xC0, 0x07, 0xEF, 0xC0, 0x03, 0xFF, 0xE0, 0x01, 0xFF, 0xF0, 
  0x00, 0xFF, 0xF8, 0x00, 0x7F, 0xFC, 0x00, 0x3F, 0xFF, 0x00, 0x1F, 0xFF, 
  0x80, 0x0F, 0xDF, 0xC0, 0x0F, 0xE7, 0xF0, 0x07, 0xF3, 0xFC, 0x07, 0xF1, 
  0xFF, 0x8F, 0xF8, 0x7F, 0xFF, 0xF8, 0x1F, 0xFF, 0xF8, 0x07, 0xFF, 0xF8, 
  0x00, 0xFF, 0xF8, 0x00, 0x1F, 0xF0, 0x00, 0x00, 0x7E, 0x00, 0x00, 0xFC, 
  0x00, 0x01, 0xF8, 0x00, 0x03, 0xF0, 0x00, 0x07, 0xE0, 0x00, 0x0F, 0xC0, 
  0x00, 0x00, 0x00, 0x00, 0x00, 0x00, 0xFF, 0xFF, 0xFF, 0xFF, 0xFF, 0xFF, 
  0xFF, 0xFF, 0xFF, 0xFF, 0xFF, 0xFF, 0xFF, 0xFF, 0xFF, 0xFF, 0xFF, 0xC0, 
  0x00, 0x00, 0x00, 0x00, 0x00, 0x00, 0x00, 0x00, 0x00, 0xFC, 0x00, 0x01, 
  0xF8, 0x00, 0x03, 0xF0, 0x00, 0x07, 0xE0, 0x00, 0x0F, 0xC0, 0x00, 0x1F, 
  0x80, 0x00, 0x00, 0x3F, 0x00, 0xC0, 0x3F, 0xFC, 0x3C, 0x1F, 0xFF, 0xEF, 
  0x07, 0xFF, 0xFF, 0xC1, 0xFF, 0xFF, 0xF0, 0x3F, 0xF7, 0xFE, 0x0F, 0xF0, 
  0x3F, 0xC1, 0xFC, 0x03, 0xFC, 0x7F, 0x00, 0x7F, 0x8F, 0xE0, 0x1F, 0xF1, 
  0xFC, 0x07, 0xFF, 0x3F, 0x01, 0xEF, 0xE7, 0xE0, 0x79, 0xFC, 0xFC, 0x1E, 
  0x3F, 0x9F, 0x87, 0x87, 0xF3, 0xF1, 0xE0, 0xFE, 0x7F, 0x78, 0x1F, 0xCF, 
  0xFE, 0x03, 0xF9, 0xFF, 0x80, 0xFE, 0x1F, 0xE0, 0x1F, 0xC3, 0xFC, 0x07, 
  0xF8, 0x3F, 0xE3, 0xFE, 0x07, 0xFF, 0xFF, 0x81, 0xFF, 0xFF, 0xF0, 0x7F, 
  0xFF, 0xF8, 0x1E, 0x3F, 0xFE, 0x03, 0x81, 0xFF, 0x00, 0x20, 0x00, 0x00, 
  0x00, 0x07, 0xE0, 0x00, 0x0F, 0x80, 0x00, 0x3F, 0x00, 0x00, 0x7C, 0x00, 
  0x00, 0xF0, 0x00, 0x01, 0xE0, 0x00, 0x03, 0x80, 0x00, 0x00, 0x00, 0x00, 
  0x00, 0x00, 0x00, 0x00, 0x00, 0x00, 0x00, 0x3F, 0x00, 0x3F, 0xFC, 0x00, 
  0xFF, 0xF0, 0x03, 0xFF, 0xC0, 0x0F, 0xFF, 0x00, 0x3F, 0xFC, 0x00, 0xFF, 
  0xF0, 0x03, 0xFF, 0xC0, 0x0F, 0xFF, 0x00, 0x3F, 0xFC, 0x00, 0xFF, 0xF0, 
  0x03, 0xFF, 0xC0, 0x0F, 0xFF, 0x00, 0x3F, 0xFC, 0x00, 0xFF, 0xF0, 0x03, 
  0xFF, 0xC0, 0x0F, 0xFF, 0x00, 0x3F, 0xFC, 0x01, 0xFF, 0xF8, 0x07, 0xFF, 
  0xE0, 0x3F, 0xFF, 0xFF, 0xFF, 0xFF, 0xFF, 0xFD, 0xFF, 0xFF, 0xF3, 0xFF, 
  0xEF, 0xC7, 0xFF, 0x3F, 0x07, 0xF0, 0x00, 0x00, 0x0F, 0xC0, 0x00, 0x7E, 
  0x00, 0x01, 0xF0, 0x00, 0x0F, 0x80, 0x00, 0x3C, 0x00, 0x01, 0xE0, 0x00, 
  0x07, 0x80, 0x00, 0x00, 0x00, 0x00, 0x00, 0x00, 0x00, 0x00, 0x00, 0x00, 
  0x00, 0x3F, 0x00, 0x3F, 0xFC, 0x00, 0xFF, 0xF0, 0x03, 0xFF, 0xC0, 0x0F, 
  0xFF, 0x00, 0x3F, 0xFC, 0x00, 0xFF, 0xF0, 0x03, 0xFF, 0xC0, 0x0F, 0xFF, 
  0x00, 0x3F, 0xFC, 0x00, 0xFF, 0xF0, 0x03, 0xFF, 0xC0, 0x0F, 0xFF, 0x00, 
  0x3F, 0xFC, 0x00, 0xFF, 0xF0, 0x03, 0xFF, 0xC0, 0x0F, 0xFF, 0x00, 0x3F, 
  0xFC, 0x01, 0xFF, 0xF8, 0x07, 0xFF, 0xE0, 0x3F, 0xFF, 0xFF, 0xFF, 0xFF, 
  0xFF, 0xFD, 0xFF, 0xFF, 0xF3, 0xFF, 0xEF, 0xC7, 0xFF, 0x3F, 0x07, 0xF0, 
  0x00, 0x00, 0x7C, 0x00, 0x03, 0xF0, 0x00, 0x1F, 0xE0, 0x00, 0xF3, 0xC0, 
  0x03, 0xCF, 0x00, 0x1E, 0x1E, 0x00, 0xF0, 0x3C, 0x00, 0x00, 0x00, 0x00, 
  0x00, 0x00, 0x00, 0x00, 0x00, 0x00, 0x00, 0x3F, 0x00, 0x3F, 0xFC, 0x00, 
  0xFF, 0xF0, 0x03, 0xFF, 0xC0, 0x0F, 0xFF, 0x00, 0x3F, 0xFC, 0x00, 0xFF, 
  0xF0, 0x03, 0xFF, 0xC0, 0x0F, 0xFF, 0x00, 0x3F, 0xFC, 0x00, 0xFF, 0xF0, 
  0x03, 0xFF, 0xC0, 0x0F, 0xFF, 0x00, 0x3F, 0xFC, 0x00, 0xFF, 0xF0, 0x03, 
  0xFF, 0xC0, 0x0F, 0xFF, 0x00, 0x3F, 0xFC, 0x01, 0xFF, 0xF8, 0x07, 0xFF, 
  0xE0, 0x3F, 0xFF, 0xFF, 0xFF, 0xFF, 0xFF, 0xFD, 0xFF, 0xFF, 0xF3, 0xFF, 
  0xEF, 0xC7, 0xFF, 0x3F, 0x07, 0xF0, 0x00, 0x0F, 0x87, 0xC0, 0x3E, 0x1F, 
  0x00, 0xF8, 0x7C, 0x03, 0xE1, 0xF0, 0x0F, 0x87, 0xC0, 0x3E, 0x1F, 0x00, 
  0x00, 0x00, 0x00, 0x00, 0x00, 0x00, 0x00, 0x00, 0x00, 0x00, 0x0F, 0xC0, 
  0x0F, 0xFF, 0x00, 0x3F, 0xFC, 0x00, 0xFF, 0xF0, 0x03, 0xFF, 0xC0, 0x0F, 
  0xFF, 0x00, 0x3F, 0xFC, 0x00, 0xFF, 0xF0, 0x03, 0xFF, 0xC0, 0x0F, 0xFF, 
  0x00, 0x3F, 0xFC, 0x00, 0xFF, 0xF0, 0x03, 0xFF, 0xC0, 0x0F, 0xFF, 0x00, 
  0x3F, 0xFC, 0x00, 0xFF, 0xF0, 0x03, 0xFF, 0xC0, 0x0F, 0xFF, 0x00, 0x7F, 
  0xFE, 0x01, 0xFF, 0xF8, 0x0F, 0xFF, 0xFF, 0xFF, 0xFF, 0xFF, 0xFF, 0x7F, 
  0xFF, 0xFC, 0xFF, 0xFB, 0xF1, 0xFF, 0xCF, 0xC1, 0xFC, 0x00, 0x00, 0x07, 
  0xE0, 0x00, 0x03, 0xE0, 0x00, 0x03, 0xF0, 0x00, 0x01, 0xF0, 0x00, 0x01, 
  0xF0, 0x00, 0x00, 0xF0, 0x00, 0x00, 0x70, 0x00, 0x00, 0x00, 0x00, 0x00, 
  0x00, 0x00, 0x00, 0x00, 0x00, 0x00, 0x00, 0x00, 0x0F, 0xE0, 0x07, 0xF7, 
  0xF0, 0x03, 0xFB, 0xFC, 0x01, 0xF8, 0xFE, 0x01, 0xFC, 0x7F, 0x00, 0xFE, 
  0x1F, 0x80, 0x7E, 0x0F, 0xE0, 0x3F, 0x07, 0xF0, 0x3F, 0x81, 0xF8, 0x1F, 
  0x80, 0xFE, 0x0F, 0xC0, 0x7F, 0x0F, 0xC0, 0x1F, 0x87, 0xE0, 0x0F, 0xE3, 
  0xF0, 0x07, 0xF1, 0xF0, 0x01, 0xF9, 0xF8, 0x00, 0xFC, 0xFC, 0x00, 0x7F, 
  0x7C, 0x00, 0x1F, 0xFE, 0x00, 0x0F, 0xFF, 0x00, 0x03, 0xFF, 0x00, 0x01, 
  0xFF, 0x80, 0x00, 0xFF, 0xC0, 0x00, 0x3F, 0xC0, 0x00, 0x1F, 0xE0, 0x00, 
  0x0F, 0xF0, 0x00, 0x03, 0xF0, 0x00, 0x01, 0xF8, 0x00, 0x00, 0xFC, 0x00, 
  0x00, 0xFC, 0x00, 0x00, 0xFE, 0x00, 0x07, 0xFF, 0x00, 0x03, 0xFF, 0x00, 
  0x01, 0xFF, 0x80, 0x00, 0xFF, 0x80, 0x00, 0x7F, 0x00, 0x00, 0xFC, 0x00, 
  0x00, 0xFC, 0x00, 0x00, 0xFC, 0x00, 0x00, 0xFC, 0x00, 0x00, 0xFC, 0x00, 
  0x00, 0xFC, 0x00, 0x00, 0xFC, 0x00, 0x00, 0xFC, 0x00, 0x00, 0xFC, 0x1F, 
  0x00, 0xFC, 0x7F, 0xC0, 0xFC, 0xFF, 0xE0, 0xFD, 0xFF, 0xF0, 0xFF, 0xFF, 
  0xF8, 0xFF, 0xFF, 0xFC, 0xFF, 0x83, 0xFC, 0xFF, 0x00, 0xFE, 0xFE, 0x00, 
  0xFE, 0xFE, 0x00, 0x7E, 0xFE, 0x00, 0x7F, 0xFC, 0x00, 0x7F, 0xFC, 0x00, 
  0x7F, 0xFC, 0x00, 0x7F, 0xFC, 0x00, 0x7F, 0xFC, 0x00, 0x7F, 0xFE, 0x00, 
  0x7F, 0xFE, 0x00, 0x7F, 0xFE, 0x00, 0xFE, 0xFF, 0x00, 0xFE, 0xFF, 0x81, 
  0xFE, 0xFF, 0xE7, 0xFC, 0xFF, 0xFF, 0xF8, 0xFD, 0xFF, 0xF8, 0xFD, 0xFF, 
  0xF0, 0xFC, 0xFF, 0xE0, 0xFC, 0x3F, 0x80, 0xFC, 0x00, 0x00, 0xFC, 0x00, 
  0x00, 0xFC, 0x00, 0x00, 0xFC, 0x00, 0x00, 0xFC, 0x00, 0x00, 0xFC, 0x00, 
  0x00, 0xFC, 0x00, 0x00, 0xFC, 0x00, 0x00, 0xFC, 0x00, 0x00, 0x03, 0xE1, 
  0xF0, 0x01, 0xF0, 0xF8, 0x00, 0xF8, 0x7C, 0x00, 0x7C, 0x3E, 0x00, 0x3E, 
  0x1F, 0x00, 0x1F, 0x0F, 0x80, 0x00, 0x00, 0x00, 0x00, 0x00, 0x00, 0x00, 
  0x00, 0x00, 0x00, 0x00, 0x00, 0x1F, 0xC0, 0x0F, 0xEF, 0xE0, 0x07, 0xF7, 
  0xF8, 0x03, 0xF1, 0xFC, 0x03, 0xF8, 0xFE, 0x01, 0xFC, 0x3F, 0x00, 0xFC, 
  0x1F, 0xC0, 0x7E, 0x0F, 0xE0, 0x7F, 0x03, 0xF0, 0x3F, 0x01, 0xFC, 0x1F, 
  0x80, 0xFE, 0x1F, 0x80, 0x3F, 0x0F, 0xC0, 0x1F, 0xC7, 0xE0, 0x0F, 0xE3, 
  0xE0, 0x03, 0xF3, 0xF0, 0x01, 0xF9, 0xF8, 0x00, 0xFE, 0xF8, 0x00, 0x3F, 
  0xFC, 0x00, 0x1F, 0xFE, 0x00, 0x07, 0xFE, 0x00, 0x03, 0xFF, 0x00, 0x01, 
  0xFF, 0x80, 0x00, 0x7F, 0x80, 0x00, 0x3F, 0xC0, 0x00, 0x1F, 0xE0, 0x00, 
  0x07, 0xE0, 0x00, 0x03, 0xF0, 0x00, 0x01, 0xF8, 0x00, 0x01, 0xF8, 0x00, 
  0x01, 0xFC, 0x00, 0x0F, 0xFE, 0x00, 0x07, 0xFE, 0x00, 0x03, 0xFF, 0x00, 
  0x01, 0xFF, 0x00, 0x00, 0xFE, 0x00, 0x00, 
};

const GFXglyph FreeSansBold24pt8bGlyphs[] PROGMEM = {
  { 0, 1, 1, 13, 0, -1 },
  { 1, 7, 34, 16, 5, -34 },
  { 31, 18, 12, 22, 2, -34 },
  { 58, 26, 35, 26, 0, -33 },
  { 172, 24, 42, 26, 1, -36 },
  { 298, 40, 34, 42, 1, -33 },
  { 468, 30, 35, 34, 3, -34 },
  { 600, 7, 12, 11, 2, -34 },
  { 611, 12, 43, 16, 2, -34 },
  { 676, 12, 43, 16, 1, -34 },
  { 741, 16, 15, 18, 1, -34 },
  { 771, 23, 22, 27, 2, -22 },
  { 835, 7, 15, 13, 3, -7 },
  { 849, 13, 6, 16, 1, -16 },
  { 859, 7, 7, 13, 3, -7 },
  { 866, 13, 35, 13, 0, -34 },
  { 923, 23, 35, 26, 1, -34 },
  { 1024, 15, 33, 26, 3, -33 },
  { 1086, 23, 34, 26, 1, -34 },
  { 1184, 23, 35, 26, 1, -34 },
  { 1285, 24, 33, 26, 1, -33 },
  { 1384, 23, 34, 26, 1, -33 },
  { 1482, 23, 35, 26, 1, -34 },
  { 1583, 24, 33, 26, 1, -33 },
  { 1682, 24, 35, 26, 1, -34 },
  { 1787, 23, 35, 26, 1, -34 },
  { 1888, 7, 24, 16, 5, -24 },
  { 1909, 7, 32, 16, 5, -24 },
  { 1937, 23, 22, 27, 2, -22 },
  { 2001, 23, 17, 27, 2, -19 },
  { 2050, 23, 22, 27, 2, -22 },
  { 2114, 23, 35, 29, 3, -35 },
  { 2215, 44, 42, 46, 1, -35 },
  { 2446, 32, 34, 34, 1, -34 },
  { 2582, 27, 34, 34, 4, -34 },
  { 2697, 30, 36, 34, 2, -35 },
  { 2832, 28, 34, 34, 4, -34 },
  { 2951, 25, 34, 31, 4, -34 },
  { 3058, 25, 34, 29, 3, -34 },
  { 3165, 31, 36, 37, 2, -35 },
  { 3305, 28, 34, 34, 3, -34 },
  { 3424, 7, 34, 13, 3, -34 },
  { 3454, 22, 35, 26, 1, -34 },
  { 3551, 31, 34, 34, 3, -34 },
  { 3683, 23, 34, 29, 4, -34 },
  { 3781, 33, 34, 39, 3, -34 },
  { 3922, 28, 34, 34, 3, -34 },
  { 4041, 33, 36, 37, 2, -35 },
  { 4190, 26, 34, 31, 4, -34 },
  { 4301, 33, 38, 37, 2, -35 },
  { 4458, 28, 34, 34, 4, -34 },
  { 4577, 29, 36, 31, 1, -35 },
  { 4708, 27, 34, 29, 1, -34 },
  { 4823, 27, 35, 34, 4, -34 },
  { 4942, 29, 34, 31, 1, -34 },
  { 5066, 43, 34, 44, 1, -34 },
  { 5249, 30, 34, 31, 1, -34 },
  { 5377, 30, 34, 31, 1, -34 },
  { 5505, 26, 34, 29, 1, -34 },
  { 5616, 11, 43, 16, 3, -34 },
  { 5676, 15, 35, 13, -1, -34 },
  { 5742, 11, 43, 16, 1, -34 },
  { 5802, 22, 20, 27, 3, -33 },
  { 5857, 28, 3, 26, -1, 6 },
  { 5868, 9, 7, 16, 1, -36 },
  { 5876, 24, 27, 26, 1, -26 },
  { 5957, 24, 35, 29, 3, -34 },
  { 6062, 23, 27, 26, 2, -26 },
  { 6140, 25, 35, 29, 1, -34 },
  { 6250, 24, 27, 26, 1, -26 },
  { 6331, 14, 34, 16, 1, -34 },
  { 6391, 23, 36, 29, 2, -26 },
  { 6495, 22, 34, 29, 3, -34 },
  { 6589, 7, 34, 13, 3, -34 },
  { 6619, 10, 44, 13, 0, -34 },
  { 6674, 23, 34, 26, 3, -34 },
  { 6772, 7, 34, 13, 3, -34 },
  { 6802, 36, 26, 42, 3, -26 },
  { 6919, 23, 26, 29, 3, -26 },
  { 6994, 25, 27, 29, 2, -26 },
  { 7079, 24, 36, 29, 3, -26 },
  { 7187, 25, 36, 29, 1, -26 },
  { 7300, 14, 26, 18, 3, -26 },
  { 7346, 23, 27, 26, 1, -26 },
  { 7424, 13, 33, 16, 1, -32 },
  { 7478, 22, 26, 29, 3, -25 },
  { 7550, 24, 25, 26, 1, -25 },
  { 7625, 36, 25, 37, 0, -25 },
  { 7738, 24, 25, 26, 1, -25 },
  { 7813, 25, 35, 26, 0, -25 },
  { 7923, 21, 25, 24, 1, -25 },
  { 7989, 13, 43, 18, 2, -34 },
  { 8059, 3, 43, 13, 5, -34 },
  { 8076, 14, 43, 18, 3, -34 },
  { 8152, 21, 8, 27, 3, -15 },
  { 8173, 25, 34, 33, 4, -34 },
  { 8280, 25, 34, 33, 4, -34 },
  { 8387, 25, 34, 33, 4, -34 },
  { 8494, 25, 34, 33, 4, -34 },
  { 8601, 25, 34, 33, 4, -34 },
  { 8708, 25, 34, 33, 4, -34 },
  { 8815, 25, 34, 33, 4, -34 },
  { 8922, 25, 34, 33, 4, -34 },
  { 9029, 25, 34, 33, 4, -34 },
  { 9136, 25, 34, 33, 4, -34 },
  { 9243, 25, 34, 33, 4, -34 },
  { 9350, 25, 34, 33, 4, -34 },
  { 9457, 25, 34, 33, 4, -34 },
  { 9564, 25, 34, 33, 4, -34 },
  { 9671, 25, 34, 33, 4, -34 },
  { 9778, 25, 34, 33, 4, -34 },
  { 9885, 25, 34, 33, 4, -34 },
  { 9992, 25, 34, 33, 4, -34 },
  { 10099, 25, 34, 33, 4, -34 },
  { 10206, 25, 34, 33, 4, -34 },
  { 10313, 25, 34, 33, 4, -34 },
  { 10420, 25, 34, 33, 4, -34 },
  { 10527, 25, 34, 33, 4, -34 },
  { 10634, 25, 34, 33, 4, -34 },
  { 10741, 25, 34, 33, 4, -34 },
  { 10848, 25, 34, 33, 4, -34 },
  { 10955, 25, 34, 33, 4, -34 },
  { 11062, 25, 34, 33, 4, -34 },
  { 11169, 25, 34, 33, 4, -34 },
  { 11276, 25, 34, 33, 4, -34 },
  { 11383, 25, 34, 33, 4, -34 },
  { 11490, 25, 34, 33, 4, -34 },
  { 11597, 25, 34, 33, 4, -34 },
  { 11704, 1, 1, 13, 0, -1 },
  { 11705, 7, 34, 16, 3, -25 },
  { 11735, 23, 36, 26, 2, -30 },
  { 11839, 24, 35, 26, 1, -34 },
  { 11944, 24, 23, 26, 1, -28 },
  { 12013, 26, 33, 26, 0, -33 },
  { 12121, 3, 43, 13, 5, -34 },
  { 12138, 22, 43, 26, 2, -34 },
  { 12257, 14, 6, 16, 1, -35 },
  { 12268, 36, 36, 35, -1, -35 },
  { 12430, 14, 22, 17, 1, -34 },
  { 12469, 18, 20, 26, 4, -23 },
  { 12514, 24, 14, 27, 2, -18 },
  { 12556, 13, 6, 16, 1, -16 },
  { 12566, 36, 36, 35, -1, -35 },
  { 12728, 14, 4, 16, 1, -34 },
  { 12735, 14, 14, 28, 7, -32 },
  { 12760, 22, 30, 27, 3, -29 },
  { 12843, 14, 21, 17, 1, -34 },
  { 12880, 14, 21, 17, 1, -34 },
  { 12917, 9, 7, 16, 6, -36 },
  { 12925, 24, 35, 29, 3, -25 },
  { 13030, 24, 43, 26, 1, -34 },
  { 13159, 6, 6, 13, 3, -14 },
  { 13164, 13, 10, 16, 1, 0 },
  { 13181, 9, 20, 14, 2, -33 },
  { 13204, 15, 22, 17, 1, -34 },
  { 13246, 18, 20, 26, 4, -23 },
  { 13291, 38, 35, 41, 2, -34 },
  { 13458, 38, 35, 41, 2, -34 },
  { 13625, 39, 35, 41, 1, -34 },
  { 13796, 24, 35, 29, 2, -25 },
  { 13901, 32, 44, 34, 1, -44 },
  { 14077, 32, 44, 34, 1, -44 },
  { 14253, 32, 44, 34, 1, -44 },
  { 14429, 32, 44, 34, 1, -44 },
  { 14605, 32, 43, 34, 1, -43 },
  { 14777, 32, 45, 34, 1, -45 },
  { 14957, 45, 34, 47, 0, -34 },
  { 15149, 30, 45, 34, 2, -35 },
  { 15318, 25, 44, 31, 4, -44 },
  { 15456, 25, 44, 31, 4, -44 },
  { 15594, 25, 44, 31, 4, -44 },
  { 15732, 25, 43, 31, 4, -43 },
  { 15867, 10, 44, 13, 0, -44 },
  { 15922, 11, 44, 13, 3, -44 },
  { 15983, 15, 44, 13, -1, -44 },
  { 16066, 15, 43, 13, -1, -43 },
  { 16147, 32, 34, 34, 0, -34 },
  { 16283, 28, 44, 34, 3, -44 },
  { 16437, 33, 45, 37, 2, -44 },
  { 16623, 33, 45, 37, 2, -44 },
  { 16809, 33, 45, 37, 2, -44 },
  { 16995, 33, 45, 37, 2, -44 },
  { 17181, 33, 44, 37, 2, -43 },
  { 17363, 20, 20, 27, 4, -21 },
  { 17413, 34, 37, 37, 1, -35 },
  { 17571, 27, 45, 34, 4, -44 },
  { 17723, 27, 45, 34, 4, -44 },
  { 17875, 27, 45, 34, 4, -44 },
  { 18027, 27, 44, 34, 4, -43 },
  { 18176, 30, 44, 31, 1, -44 },
  { 18341, 26, 34, 31, 4, -34 },
  { 18452, 24, 35, 29, 3, -34 },
  { 18557, 24, 37, 26, 1, -36 },
  { 18668, 24, 37, 26, 1, -36 },
  { 18779, 24, 37, 26, 1, -36 },
  { 18890, 24, 36, 26, 1, -35 },
  { 18998, 24, 36, 26, 1, -35 },
  { 19106, 24, 37, 26, 1, -36 },
  { 19217, 39, 27, 42, 1, -26 },
  { 19349, 23, 36, 26, 2, -26 },
  { 19453, 24, 37, 26, 1, -36 },
  { 19564, 24, 37, 26, 1, -36 },
  { 19675, 24, 37, 26, 1, -36 },
  { 19786, 24, 36, 26, 1, -35 },
  { 19894, 10, 36, 13, 0, -36 },
  { 19939, 11, 36, 13, 3, -36 },
  { 19989, 15, 36, 13, -1, -36 },
  { 20057, 15, 35, 13, -1, -35 },
  { 20123, 25, 36, 29, 2, -35 },
  { 20236, 23, 35, 29, 3, -35 },
  { 20337, 25, 37, 29, 2, -36 },
  { 20453, 25, 37, 29, 2, -36 },
  { 20569, 25, 37, 29, 2, -36 },
  { 20685, 25, 36, 29, 2, -35 },
  { 20798, 25, 36, 29, 2, -35 },
  { 20911, 23, 23, 27, 2, -22 },
  { 20978, 27, 28, 29, 1, -26 },
  { 21073, 22, 37, 29, 3, -36 },
  { 21175, 22, 37, 29, 3, -36 },
  { 21277, 22, 37, 29, 3, -36 },
  { 21379, 22, 36, 29, 3, -35 },
  { 21478, 25, 46, 26, 0, -36 },
  { 21622, 24, 44, 29, 3, -34 },
  { 21754, 25, 45, 26, 0, -35 },
};

const GFXfont FreeSansBold24pt8b PROGMEM = {
  (uint8_t *)FreeSansBold24pt8bBitmaps,
  (GFXglyph *)FreeSansBold24pt8bGlyphs,
  0x20, 0xFF, 65
};

const uint8_t FreeSans16pt8bBitmaps[] PROGMEM = {
  0x00, 0xFF, 0xFF, 0xFF, 0xFF, 0xED, 0xB6, 0xC8, 0x0F, 0xF8, 0xE7, 0xE7, 
  0xE7, 0xC6, 0xC6, 0xC6, 0xC6, 0x03, 0x86, 0x01, 0xC3, 0x00, 0xC3, 0x80, 
  0x61, 0xC0, 0x30, 0xC0, 0x18, 0x60, 0xFF, 0xFE, 0x7F, 0xFF, 0x06, 0x1C, 
  0x03, 0x0C, 0x01, 0x86, 0x01, 0xC3, 0x00, 0xE1, 0x80, 0x61, 0xC3, 0xFF, 
  0xFD, 0xFF, 0xFE, 0x0C, 0x30, 0x0E, 0x18, 0x07, 0x1C, 0x03, 0x0E, 0x01, 
  0x86, 0x00, 0xC3, 0x00, 0xE1, 0x80, 0x01, 0x00, 0x02, 0x00, 0x7F, 0xC1, 
  0xFF, 0xC7, 0x91, 0xCE, 0x23, 0x98, 0x43, 0x70, 0x87, 0xE1, 0x00, 0xE2, 
  0x01, 0xE4, 0x01, 0xF8, 0x01, 0xFE, 0x00, 0xFF, 0x00, 0x5F, 0x00, 0x8F, 
  0x01, 0x0F, 0xC2, 0x0F, 0x84, 0x1F, 0x08, 0x7E, 0x10, 0xEE, 0x23, 0x9F, 
  0x5F, 0x0F, 0xFC, 0x07, 0xC0, 0x02, 0x00, 0x04, 0x00, 0x08, 0x00, 0x00, 
  0x00, 0x30, 0x0F, 0xC0, 0x18, 0x07, 0xF8, 0x06, 0x03, 0x87, 0x03, 0x00, 
  0xC0, 0xC0, 0xC0, 0x30, 0x38, 0x60, 0x0C, 0x0E, 0x38, 0x03, 0x03, 0x0C, 
  0x00, 0x61, 0xC6, 0x00, 0x1F, 0xE1, 0x80, 0x01, 0xF0, 0xC0, 0x00, 0x00, 
  0x30, 0x00, 0x00, 0x18, 0x3E, 0x00, 0x06, 0x1F, 0xC0, 0x03, 0x0E, 0x38, 
  0x00, 0xC7, 0x07, 0x00, 0x61, 0x80, 0xC0, 0x38, 0x60, 0x30, 0x0C, 0x1C, 
  0x1C, 0x06, 0x03, 0x06, 0x01, 0x80, 0xFF, 0x80, 0xC0, 0x1F, 0xC0, 0x30, 
  0x00, 0x80, 0x07, 0xC0, 0x07, 0xF8, 0x01, 0xC7, 0x00, 0xE0, 0xC0, 0x38, 
  0x38, 0x0E, 0x0E, 0x03, 0x87, 0x00, 0x73, 0xC0, 0x0F, 0xE0, 0x03, 0xE0, 
  0x00, 0xF8, 0x00, 0xFE, 0x00, 0x79, 0xC7, 0x38, 0x39, 0xCE, 0x0F, 0x63, 
  0x01, 0xF8, 0xC0, 0x3E, 0x30, 0x07, 0x0E, 0x03, 0xE3, 0xC1, 0xFC, 0x7F, 
  0xF7, 0x8F, 0xF0, 0xF0, 0x70, 0x00, 0xFF, 0xB6, 0xD8, 0x06, 0x18, 0x30, 
  0xC1, 0x87, 0x0C, 0x18, 0x70, 0xC1, 0x83, 0x0E, 0x1C, 0x38, 0x70, 0xE1, 
  0xC1, 0x83, 0x06, 0x0E, 0x0C, 0x18, 0x38, 0x30, 0x60, 0x60, 0x40, 0xC0, 
  0xC0, 0xC1, 0x81, 0x83, 0x03, 0x06, 0x0E, 0x0C, 0x18, 0x38, 0x70, 0xE1, 
  0xC3, 0x87, 0x0E, 0x1C, 0x38, 0x60, 0xC1, 0x87, 0x0C, 0x18, 0x60, 0xC3, 
  0x06, 0x18, 0x00, 0x0C, 0x03, 0x00, 0xC1, 0xFE, 0x7F, 0x87, 0x81, 0xE0, 
  0xCC, 0x33, 0x00, 0x03, 0x00, 0x06, 0x00, 0x0C, 0x00, 0x18, 0x00, 0x30, 
  0x00, 0x60, 0x00, 0xC0, 0x7F, 0xFF, 0xFF, 0xFE, 0x06, 0x00, 0x0C, 0x00, 
  0x18, 0x00, 0x30, 0x00, 0x60, 0x00, 0xC0, 0x00, 0xFF, 0x92, 0xF0, 0xFF, 
  0xFF, 0xFF, 0x80, 0x01, 0x80, 0x80, 0xC0, 0x60, 0x30, 0x30, 0x18, 0x0C, 
  0x04, 0x06, 0x03, 0x01, 0x01, 0x80, 0xC0, 0x40, 0x60, 0x30, 0x10, 0x18, 
  0x0C, 0x04, 0x06, 0x03, 0x01, 0x80, 0x0F, 0xE0, 0x3F, 0xE0, 0xF1, 0xE1, 
  0xC1, 0xC7, 0x01, 0xCE, 0x03, 0x9C, 0x03, 0x30, 0x07, 0xE0, 0x0F, 0xC0, 
  0x1F, 0x80, 0x3F, 0x00, 0x7E, 0x00, 0xFC, 0x01, 0xF8, 0x03, 0xB0, 0x07, 
  0x70, 0x0C, 0xE0, 0x39, 0xC0, 0x71, 0xC1, 0xC1, 0xFF, 0x81, 0xFE, 0x00, 
  0xF0, 0x00, 0x03, 0x07, 0x07, 0x0F, 0xFF, 0xFF, 0x07, 0x07, 0x07, 0x07, 
  0x07, 0x07, 0x07, 0x07, 0x07, 0x07, 0x07, 0x07, 0x07, 0x07, 0x07, 0x07, 
  0x0F, 0xE0, 0x3F, 0xF0, 0xF1, 0xF3, 0xC0, 0xE7, 0x00, 0xEE, 0x01, 0xD8, 
  0x03, 0xB0, 0x07, 0x00, 0x0E, 0x00, 0x38, 0x00, 0xE0, 0x07, 0xC0, 0x3E, 
  0x01, 0xF0, 0x07, 0xC0, 0x1E, 0x00, 0x78, 0x00, 0xE0, 0x01, 0x80, 0x07, 
  0xFF, 0xFF, 0xFF, 0xFF, 0xFF, 0xC0, 0x0F, 0xE0, 0x7F, 0xE0, 0xF1, 0xE3, 
  0x80, 0xE7, 0x01, 0xCC, 0x03, 0xB8, 0x07, 0x00, 0x0E, 0x00, 0x3C, 0x07, 
  0xF0, 0x0F, 0x80, 0x1F, 0xC0, 0x03, 0xC0, 0x03, 0x80, 0x03, 0x80, 0x07, 
  0xE0, 0x0F, 0xC0, 0x1D, 0xC0, 0x73, 0x81, 0xE3, 0xFF, 0x83, 0xFE, 0x00, 
  0xE0, 0x00, 0x00, 0x70, 0x00, 0xE0, 0x03, 0xC0, 0x0F, 0x80, 0x1F, 0x00, 
  0x7E, 0x01, 0xDC, 0x07, 0x38, 0x0C, 0x70, 0x38, 0xE0, 0xE1, 0xC3, 0x83, 
  0x87, 0x07, 0x1C, 0x0E, 0x3F, 0xFF, 0xFF, 0xFF, 0xFF, 0xFE, 0x00, 0xE0, 
  0x01, 0xC0, 0x03, 0x80, 0x07, 0x00, 0x0E, 0x00, 0x3F, 0xFC, 0x7F, 0xF8, 
  0xFF, 0xF1, 0xC0, 0x03, 0x00, 0x06, 0x00, 0x0C, 0x00, 0x38, 0xC0, 0x7F, 
  0xF0, 0xFF, 0xF1, 0xE0, 0xF3, 0x80, 0xE0, 0x00, 0xE0, 0x01, 0xC0, 0x03, 
  0x80, 0x07, 0x00, 0x0F, 0xC0, 0x1D, 0xC0, 0x73, 0xC1, 0xE3, 0xFF, 0x83, 
  0xFE, 0x01, 0xF0, 0x00, 0x07, 0xE0, 0x1F, 0xF0, 0x79, 0xE1, 0xC0, 0xE3, 
  0x01, 0xCE, 0x01, 0xDC, 0x00, 0x30, 0x00, 0x63, 0xC1, 0xDF, 0xE3, 0xFF, 
  0xE7, 0xC0, 0xEF, 0x01, 0xFE, 0x01, 0xF8, 0x03, 0xB0, 0x07, 0x60, 0x0E, 
  0xE0, 0x1D, 0xC0, 0x71, 0xC1, 0xE1, 0xFF, 0x81, 0xFE, 0x00, 0xF0, 0x00, 
  0xFF, 0xFF, 0xFF, 0xFF, 0xFF, 0xF8, 0x00, 0x60, 0x01, 0xC0, 0x07, 0x00, 
  0x0C, 0x00, 0x38, 0x00, 0x60, 0x01, 0xC0, 0x07, 0x00, 0x0E, 0x00, 0x38, 
  0x00, 0x70, 0x00, 0xC0, 0x03, 0x80, 0x07, 0x00, 0x1C, 0x00, 0x38, 0x00, 
  0x70, 0x00, 0xE0, 0x03, 0x80, 0x00, 0x0F, 0xE0, 0x3F, 0xE0, 0xF1, 0xE3, 
  0xC0, 0xE7, 0x01, 0xCE, 0x03, 0x9C, 0x07, 0x38, 0x0E, 0x38, 0x38, 0x3F, 
  0xE0, 0x3F, 0xC1, 0xFF, 0xC7, 0x81, 0xCE, 0x01, 0xF8, 0x03, 0xF0, 0x07, 
  0xE0, 0x0F, 0xC0, 0x1D, 0xC0, 0x7B, 0xC1, 0xE3, 0xFF, 0x83, 0xFE, 0x00, 
  0xF0, 0x00, 0x0F, 0xE0, 0x3F, 0xE0, 0xF1, 0xE3, 0x81, 0xE7, 0x01, 0xDC, 
  0x01, 0xB8, 0x03, 0xF0, 0x07, 0xE0, 0x0F, 0xC0, 0x3D, 0xC0, 0x7B, 0xC3, 
  0xF3, 0xFF, 0xE1, 0xF9, 0xC0, 0x03, 0x80, 0x06, 0x00, 0x1C, 0xE0, 0x39, 
  0xC0, 0x63, 0xC1, 0xC3, 0xFF, 0x03, 0xFC, 0x00, 0xC0, 0x00, 0xFF, 0xF0, 
  0x00, 0x00, 0x00, 0x00, 0x0F, 0xFF, 0xFF, 0xF0, 0x00, 0x00, 0x00, 0x00, 
  0x0F, 0xFF, 0x33, 0x2E, 0xC0, 0x00, 0x01, 0x00, 0x07, 0x00, 0x3F, 0x00, 
  0xFC, 0x07, 0xE0, 0x1F, 0x80, 0x7C, 0x00, 0xF0, 0x00, 0xF8, 0x00, 0x3F, 
  0x00, 0x0F, 0xC0, 0x01, 0xF8, 0x00, 0x7E, 0x00, 0x1F, 0x00, 0x03, 0xFF, 
  0xFF, 0xFF, 0xFC, 0x00, 0x00, 0x00, 0x00, 0x00, 0x1F, 0xFF, 0xFF, 0xFF, 
  0xFF, 0xFF, 0x00, 0x01, 0xC0, 0x03, 0xE0, 0x01, 0xF0, 0x00, 0xFC, 0x00, 
  0x7E, 0x00, 0x1F, 0x80, 0x0F, 0x00, 0x3E, 0x01, 0xF0, 0x1F, 0x80, 0xFC, 
  0x0F, 0xC0, 0x1E, 0x00, 0x20, 0x00, 0x00, 0x0F, 0xE0, 0xFF, 0xC7, 0xC7, 
  0x9C, 0x0F, 0x60, 0x1F, 0x80, 0x7E, 0x01, 0xC0, 0x07, 0x00, 0x38, 0x01, 
  0xE0, 0x0F, 0x00, 0x78, 0x03, 0xC0, 0x0E, 0x00, 0x30, 0x00, 0xC0, 0x03, 
  0x00, 0x00, 0x00, 0x00, 0x00, 0x00, 0x03, 0x00, 0x0C, 0x00, 0x30, 0x00, 
  0x00, 0x1F, 0xF0, 0x00, 0x07, 0xFF, 0xE0, 0x00, 0x7E, 0x0F, 0xC0, 0x0F, 
  0x80, 0x1F, 0x00, 0xF0, 0x00, 0x3C, 0x0F, 0x00, 0x00, 0xF0, 0x70, 0x00, 
  0x03, 0x87, 0x01, 0xF9, 0x8E, 0x30, 0x3F, 0xFC, 0x73, 0x83, 0xC3, 0xE1, 
  0xD8, 0x1C, 0x0E, 0x0F, 0xC1, 0xC0, 0x70, 0x7E, 0x0E, 0x03, 0x83, 0xF0, 
  0xE0, 0x18, 0x1F, 0x87, 0x01, 0xC0, 0xDC, 0x38, 0x0E, 0x0E, 0xE1, 0xC0, 
  0x60, 0x67, 0x07, 0x07, 0x07, 0x1C, 0x3C, 0x7C, 0x70, 0xE0, 0xFE, 0xFF, 
  0x07, 0x83, 0xE3, 0xF0, 0x1E, 0x00, 0x00, 0x00, 0x78, 0x00, 0x00, 0x01, 
  0xE0, 0x00, 0x00, 0x07, 0xE0, 0x18, 0x00, 0x0F, 0xFF, 0xC0, 0x00, 0x1F, 
  0xFC, 0x00, 0x00, 0xF0, 0x00, 0x3E, 0x00, 0x07, 0xC0, 0x01, 0xDC, 0x00, 
  0x3B, 0x80, 0x07, 0x70, 0x01, 0xC7, 0x00, 0x38, 0xE0, 0x07, 0x1C, 0x01, 
  0xC1, 0xC0, 0x38, 0x38, 0x07, 0x07, 0x01, 0xC0, 0x70, 0x38, 0x0E, 0x07, 
  0xFF, 0xC1, 0xFF, 0xFC, 0x38, 0x03, 0x87, 0x00, 0x79, 0xC0, 0x07, 0x38, 
  0x00, 0xEF, 0x00, 0x1F, 0xC0, 0x01, 0xF8, 0x00, 0x38, 0xFF, 0xF0, 0x3F, 
  0xFF, 0x0F, 0xFF, 0xE3, 0x80, 0x3C, 0xE0, 0x07, 0x38, 0x01, 0xCE, 0x00, 
  0x33, 0x80, 0x1C, 0xE0, 0x07, 0x38, 0x03, 0x8F, 0xFF, 0xC3, 0xFF, 0xF8, 
  0xFF, 0xFF, 0x38, 0x01, 0xEE, 0x00, 0x3B, 0x80, 0x0E, 0xE0, 0x01, 0xF8, 
  0x00, 0xEE, 0x00, 0x3B, 0x80, 0x1E, 0xFF, 0xFF, 0x3F, 0xFF, 0x8F, 0xFF, 
  0xC0, 0x01, 0xFE, 0x00, 0x7F, 0xF8, 0x0F, 0x8F, 0xC1, 0xE0, 0x1C, 0x3C, 
  0x00, 0xE3, 0x80, 0x0E, 0x70, 0x00, 0x77, 0x00, 0x00, 0x70, 0x00, 0x07, 
  0x00, 0x00, 0x60, 0x00, 0x0E, 0x00, 0x00, 0xE0, 0x00, 0x06, 0x00, 0x00, 
  0x70, 0x00, 0x07, 0x00, 0x07, 0x70, 0x00, 0x73, 0x80, 0x0F, 0x38, 0x00, 
  0xE1, 0xC0, 0x1E, 0x1F, 0x03, 0xC0, 0xFF, 0xF8, 0x03, 0xFF, 0x00, 0x07, 
  0x80, 0xFF, 0xE0, 0x3F, 0xFE, 0x0F, 0xFF, 0xE3, 0x80, 0x7C, 0xE0, 0x07, 
  0x38, 0x00, 0xEE, 0x00, 0x3B, 0x80, 0x0E, 0xE0, 0x01, 0xF8, 0x00, 0x7E, 
  0x00, 0x1F, 0x80, 0x07, 0xE0, 0x01, 0xF8, 0x00, 0x7E, 0x00, 0x1F, 0x80, 
  0x0E, 0xE0, 0x03, 0xB8, 0x00, 0xEE, 0x00, 0x73, 0x80, 0x3C, 0xFF, 0xFE, 
  0x3F, 0xFF, 0x0F, 0xFF, 0x00, 0xFF, 0xFF, 0xFF, 0xFF, 0xFF, 0xFF, 0xE0, 
  0x00, 0xE0, 0x00, 0xE0, 0x00, 0xE0, 0x00, 0xE0, 0x00, 0xE0, 0x00, 0xE0, 
  0x00, 0xFF, 0xFE, 0xFF, 0xFE, 0xFF, 0xFE, 0xE0, 0x00, 0xE0, 0x00, 0xE0, 
  0x00, 0xE0, 0x00, 0xE0, 0x00, 0xE0, 0x00, 0xE0, 0x00, 0xFF, 0xFF, 0xFF, 
  0xFF, 0xFF, 0xFF, 0xFF, 0xFF, 0xFF, 0xFF, 0xFF, 0xFF, 0x00, 0x0E, 0x00, 
  0x1C, 0x00, 0x38, 0x00, 0x70, 0x00, 0xE0, 0x01, 0xC0, 0x03, 0xFF, 0xF7, 
  0xFF, 0xEF, 0xFF, 0xDC, 0x00, 0x38, 0x00, 0x70, 0x00, 0xE0, 0x01, 0xC0, 
  0x03, 0x80, 0x07, 0x00, 0x0E, 0x00, 0x1C, 0x00, 0x38, 0x00, 0x00, 0x01, 
  0xFF, 0x00, 0x3F, 0xFC, 0x03, 0xF3, 0xF8, 0x3C, 0x03, 0xC3, 0xC0, 0x07, 
  0x1C, 0x00, 0x39, 0xC0, 0x00, 0xEE, 0x00, 0x00, 0x70, 0x00, 0x03, 0x00, 
  0x00, 0x38, 0x00, 0x01, 0xC0, 0x1F, 0xFE, 0x00, 0xFF, 0xF0, 0x07, 0xFD, 
  0xC0, 0x00, 0x6E, 0x00, 0x07, 0x70, 0x00, 0x3B, 0xC0, 0x01, 0xCE, 0x00, 
  0x1E, 0x38, 0x01, 0xF1, 0xF0, 0x1D, 0x87, 0xFF, 0xCC, 0x0F, 0xFC, 0x60, 
  0x1F, 0x00, 0xE0, 0x03, 0xF0, 0x01, 0xF8, 0x00, 0xFC, 0x00, 0x7E, 0x00, 
  0x3F, 0x00, 0x1F, 0x80, 0x0F, 0xC0, 0x07, 0xE0, 0x03, 0xF0, 0x01, 0xFF, 
  0xFF, 0xFF, 0xFF, 0xFF, 0xFF, 0xFF, 0x00, 0x1F, 0x80, 0x0F, 0xC0, 0x07, 
  0xE0, 0x03, 0xF0, 0x01, 0xF8, 0x00, 0xFC, 0x00, 0x7E, 0x00, 0x3F, 0x00, 
  0x1F, 0x80, 0x0E, 0xFF, 0xFF, 0xFF, 0xFF, 0xFF, 0xFF, 0xFF, 0xFF, 0xF8, 
  0x00, 0x70, 0x07, 0x00, 0x70, 0x07, 0x00, 0x70, 0x07, 0x00, 0x70, 0x07, 
  0x00, 0x70, 0x07, 0x00, 0x70, 0x07, 0x00, 0x70, 0x07, 0x00, 0x70, 0x07, 
  0xE0, 0x7E, 0x07, 0xE0, 0x7E, 0x07, 0xF0, 0xF7, 0xFE, 0x3F, 0xC0, 0xE0, 
  0xE0, 0x03, 0xDC, 0x00, 0xF3, 0x80, 0x3C, 0x70, 0x0F, 0x0E, 0x03, 0xC1, 
  0xC0, 0xF0, 0x38, 0x1C, 0x07, 0x07, 0x00, 0xE1, 0xC0, 0x1C, 0x70, 0x03, 
  0x9F, 0x00, 0x77, 0xF0, 0x0F, 0xCE, 0x01, 0xF0, 0xE0, 0x3C, 0x1E, 0x07, 
  0x01, 0xC0, 0xE0, 0x1C, 0x1C, 0x03, 0xC3, 0x80, 0x3C, 0x70, 0x03, 0x8E, 
  0x00, 0x79, 0xC0, 0x07, 0xB8, 0x00, 0x70, 0xE0, 0x01, 0xC0, 0x03, 0x80, 
  0x07, 0x00, 0x0E, 0x00, 0x1C, 0x00, 0x38, 0x00, 0x70, 0x00, 0xE0, 0x01, 
  0xC0, 0x03, 0x80, 0x07, 0x00, 0x0E, 0x00, 0x1C, 0x00, 0x38, 0x00, 0x70, 
  0x00, 0xE0, 0x01, 0xC0, 0x03, 0x80, 0x07, 0x00, 0x0F, 0xFF, 0xFF, 0xFF, 
  0xFF, 0xFF, 0x80, 0xF8, 0x00, 0x3F, 0xE0, 0x01, 0xFF, 0x80, 0x07, 0xFF, 
  0x00, 0x1F, 0xFC, 0x00, 0xFF, 0xB0, 0x03, 0xFE, 0xE0, 0x0D, 0xFB, 0x80, 
  0x77, 0xE6, 0x01, 0xDF, 0x9C, 0x06, 0x7E, 0x70, 0x39, 0xF8, 0xC0, 0xE7, 
  0xE3, 0x83, 0x1F, 0x8E, 0x1C, 0x7E, 0x18, 0x71, 0xF8, 0x71, 0x87, 0xE1, 
  0xCE, 0x1F, 0x83, 0x38, 0x7E, 0x0E, 0xC1, 0xF8, 0x3F, 0x07, 0xE0, 0x78, 
  0x1F, 0x81, 0xE0, 0x7E, 0x07, 0x81, 0xC0, 0xF0, 0x01, 0xFC, 0x00, 0x7F, 
  0x80, 0x1F, 0xF0, 0x07, 0xFC, 0x01, 0xFB, 0x80, 0x7E, 0xF0, 0x1F, 0x9C, 
  0x07, 0xE3, 0x81, 0xF8, 0xF0, 0x7E, 0x1C, 0x1F, 0x83, 0x87, 0xE0, 0xE1, 
  0xF8, 0x1C, 0x7E, 0x07, 0x9F, 0x80, 0xE7, 0xE0, 0x1D, 0xF8, 0x07, 0xFE, 
  0x00, 0xFF, 0x80, 0x1F, 0xE0, 0x07, 0xF8, 0x00, 0xFE, 0x00, 0x1C, 0x01, 
  0xFE, 0x00, 0x1F, 0xFE, 0x00, 0xFC, 0x7E, 0x07, 0x80, 0x7C, 0x3C, 0x00, 
  0x70, 0xE0, 0x01, 0xE7, 0x00, 0x03, 0x9C, 0x00, 0x07, 0xE0, 0x00, 0x1F, 
  0x80, 0x00, 0x7E, 0x00, 0x01, 0xF8, 0x00, 0x07, 0xE0, 0x00, 0x1F, 0x80, 
  0x00, 0x7E, 0x00, 0x01, 0xDC, 0x00, 0x07, 0x70, 0x00, 0x39, 0xE0, 0x00, 
  0xE3, 0x80, 0x07, 0x8F, 0x00, 0x3C, 0x1F, 0x03, 0xE0, 0x3F, 0xFF, 0x00, 
  0x3F, 0xF8, 0x00, 0x1F, 0x00, 0xFF, 0xE0, 0xFF, 0xFC, 0xFF, 0xFE, 0xE0, 
  0x0F, 0xE0, 0x07, 0xE0, 0x07, 0xE0, 0x07, 0xE0, 0x07, 0xE0, 0x07, 0xE0, 
  0x0F, 0xE0, 0x1E, 0xFF, 0xFE, 0xFF, 0xF8, 0xE0, 0x00, 0xE0, 0x00, 0xE0, 
  0x00, 0xE0, 0x00, 0xE0, 0x00, 0xE0, 0x00, 0xE0, 0x00, 0xE0, 0x00, 0xE0, 
  0x00, 0xE0, 0x00, 0x01, 0xFE, 0x00, 0x1F, 0xFE, 0x00, 0xFC, 0x7E, 0x07, 
  0x80, 0x7C, 0x3C, 0x00, 0x70, 0xE0, 0x01, 0xE7, 0x00, 0x03, 0x9C, 0x00, 
  0x07, 0xE0, 0x00, 0x1F, 0x80, 0x00, 0x7E, 0x00, 0x01, 0xF8, 0x00, 0x07, 
  0xE0, 0x00, 0x1F, 0x80, 0x00, 0x7E, 0x00, 0x01, 0xDC, 0x00, 0x07, 0x70, 
  0x00, 0x39, 0xE0, 0x18, 0xE3, 0x80, 0x77, 0x8F, 0x00, 0xFC, 0x1F, 0x03, 
  0xE0, 0x3F, 0xFF, 0xC0, 0x3F, 0xFB, 0x80, 0x1E, 0x07, 0x00, 0x00, 0x08, 
  0xFF, 0xF8, 0x3F, 0xFF, 0x8F, 0xFF, 0xF3, 0x80, 0x1E, 0xE0, 0x03, 0xB8, 
  0x00, 0xEE, 0x00, 0x3B, 0x80, 0x0E, 0xE0, 0x03, 0xB8, 0x01, 0xEE, 0x01, 
  0xF3, 0xFF, 0xF0, 0xFF, 0xFE, 0x38, 0x03, 0xCE, 0x00, 0x7B, 0x80, 0x0E, 
  0xE0, 0x03, 0xB8, 0x00, 0xEE, 0x00, 0x3B, 0x80, 0x0E, 0xE0, 0x03, 0xB8, 
  0x00, 0xEE, 0x00, 0x1C, 0x07, 0xF8, 0x07, 0xFF, 0x83, 0xE1, 0xF0, 0xE0, 
  0x1E, 0x70, 0x03, 0x9C, 0x00, 0x77, 0x00, 0x1D, 0xC0, 0x00, 0x78, 0x00, 
  0x0F, 0xC0, 0x01, 0xFF, 0x00, 0x1F, 0xF8, 0x00, 0xFF, 0x80, 0x03, 0xE0, 
  0x00, 0x3C, 0x00, 0x07, 0xE0, 0x01, 0xD8, 0x00, 0x77, 0x00, 0x1D, 0xE0, 
  0x07, 0x3C, 0x07, 0x87, 0xFF, 0xC0, 0xFF, 0xE0, 0x07, 0xC0, 0xFF, 0xFF, 
  0xFF, 0xFF, 0xFF, 0xFF, 0xFC, 0x07, 0x00, 0x01, 0xC0, 0x00, 0x70, 0x00, 
  0x1C, 0x00, 0x07, 0x00, 0x01, 0xC0, 0x00, 0x70, 0x00, 0x1C, 0x00, 0x07, 
  0x00, 0x01, 0xC0, 0x00, 0x70, 0x00, 0x1C, 0x00, 0x07, 0x00, 0x01, 0xC0, 
  0x00, 0x70, 0x00, 0x1C, 0x00, 0x07, 0x00, 0x01, 0xC0, 0x00, 0x70, 0x00, 
  0x1C, 0x00, 0xE0, 0x03, 0xF0, 0x01, 0xF8, 0x00, 0xFC, 0x00, 0x7E, 0x00, 
  0x3F, 0x00, 0x1F, 0x80, 0x0F, 0xC0, 0x07, 0xE0, 0x03, 0xF0, 0x01, 0xF8, 
  0x00, 0xFC, 0x00, 0x7E, 0x00, 0x3F, 0x00, 0x1F, 0x80, 0x0F, 0xC0, 0x07, 
  0xE0, 0x03, 0xF0, 0x01, 0xF8, 0x00, 0xFE, 0x00, 0xE7, 0x80, 0xF1, 0xFF, 
  0xF0, 0x7F, 0xF0, 0x07, 0xC0, 0xE0, 0x00, 0xFE, 0x00, 0x1D, 0xC0, 0x07, 
  0x38, 0x00, 0xE7, 0x80, 0x1C, 0x70, 0x07, 0x0E, 0x00, 0xE0, 0xE0, 0x1C, 
  0x1C, 0x07, 0x03, 0x80, 0xE0, 0x38, 0x1C, 0x07, 0x07, 0x00, 0xE0, 0xE0, 
  0x0E, 0x1C, 0x01, 0xC7, 0x00, 0x38, 0xE0, 0x03, 0x9C, 0x00, 0x77, 0x00, 
  0x06, 0xE0, 0x00, 0xF8, 0x00, 0x1F, 0x00, 0x01, 0xE0, 0x00, 0x38, 0x00, 
  0xE0, 0x0F, 0x00, 0x7E, 0x00, 0xF0, 0x07, 0xE0, 0x0F, 0x00, 0xF7, 0x01, 
  0xF0, 0x0E, 0x70, 0x1F, 0x80, 0xE7, 0x01, 0xF8, 0x0E, 0x70, 0x1B, 0x81, 
  0xC3, 0x83, 0x9C, 0x1C, 0x38, 0x39, 0xC1, 0xC3, 0x83, 0x1C, 0x1C, 0x38, 
  0x70, 0xC3, 0x81, 0xC7, 0x0E, 0x38, 0x1C, 0x70, 0xE3, 0x81, 0xC6, 0x0E, 
  0x38, 0x1C, 0xE0, 0x63, 0x00, 0xEE, 0x07, 0x70, 0x0E, 0xE0, 0x77, 0x00, 
  0xEC, 0x03, 0x70, 0x0F, 0xC0, 0x3E, 0x00, 0x7C, 0x03, 0xE0, 0x07, 0x80, 
  0x3E, 0x00, 0x78, 0x01, 0xE0, 0x07, 0x80, 0x1C, 0x00, 0xF0, 0x01, 0xEF, 
  0x00, 0x38, 0xE0, 0x0E, 0x1E, 0x03, 0xC1, 0xE0, 0x70, 0x1C, 0x1C, 0x03, 
  0xC7, 0x80, 0x3C, 0xE0, 0x03, 0xB8, 0x00, 0x3E, 0x00, 0x07, 0xC0, 0x00, 
  0x70, 0x00, 0x1F, 0x00, 0x07, 0xF0, 0x00, 0xEE, 0x00, 0x38, 0xE0, 0x0E, 
  0x1E, 0x03, 0xC1, 0xE0, 0x70, 0x1C, 0x1E, 0x03, 0xC7, 0x80, 0x3C, 0xE0, 
  0x03, 0xBC, 0x00, 0x78, 0x70, 0x00, 0x7B, 0xC0, 0x07, 0x8E, 0x00, 0x38, 
  0x78, 0x03, 0xC1, 0xE0, 0x1C, 0x07, 0x01, 0xC0, 0x3C, 0x0E, 0x00, 0xE0, 
  0xE0, 0x03, 0x8F, 0x00, 0x1E, 0x70, 0x00, 0x77, 0x00, 0x01, 0xF8, 0x00, 
  0x0F, 0x80, 0x00, 0x38, 0x00, 0x01, 0xC0, 0x00, 0x0E, 0x00, 0x00, 0x70, 
  0x00, 0x03, 0x80, 0x00, 0x1C, 0x00, 0x00, 0xE0, 0x00, 0x07, 0x00, 0x00, 
  0x38, 0x00, 0x01, 0xC0, 0x00, 0x7F, 0xFF, 0xBF, 0xFF, 0xDF, 0xFF, 0xE0, 
  0x00, 0xF0, 0x00, 0xF0, 0x00, 0xF0, 0x00, 0x70, 0x00, 0x78, 0x00, 0x78, 
  0x00, 0x78, 0x00, 0x38, 0x00, 0x38, 0x00, 0x3C, 0x00, 0x3C, 0x00, 0x3C, 
  0x00, 0x1C, 0x00, 0x1E, 0x00, 0x1E, 0x00, 0x1E, 0x00, 0x0E, 0x00, 0x0F, 
  0xFF, 0xFF, 0xFF, 0xFF, 0xFF, 0xFE, 0xFF, 0xFE, 0x38, 0xE3, 0x8E, 0x38, 
  0xE3, 0x8E, 0x38, 0xE3, 0x8E, 0x38, 0xE3, 0x8E, 0x38, 0xE3, 0x8E, 0x38, 
  0xE3, 0x8E, 0x3F, 0xFF, 0xF0, 0xC0, 0x60, 0x30, 0x0C, 0x06, 0x03, 0x00, 
  0x80, 0x60, 0x30, 0x08, 0x06, 0x03, 0x00, 0x80, 0x60, 0x30, 0x08, 0x06, 
  0x03, 0x00, 0x80, 0x60, 0x30, 0x18, 0x06, 0x03, 0xFF, 0xF1, 0xC7, 0x1C, 
  0x71, 0xC7, 0x1C, 0x71, 0xC7, 0x1C, 0x71, 0xC7, 0x1C, 0x71, 0xC7, 0x1C, 
  0x71, 0xC7, 0x1C, 0x71, 0xFF, 0xFF, 0xF0, 0x07, 0x00, 0xF0, 0x0F, 0x80, 
  0xD8, 0x19, 0x81, 0x8C, 0x38, 0xC3, 0x0E, 0x30, 0x66, 0x06, 0x60, 0x3E, 
  0x03, 0xFF, 0xFF, 0xFF, 0xFF, 0xFC, 0xF1, 0xC3, 0x87, 0x07, 0xE0, 0x1F, 
  0xF0, 0x3F, 0xF8, 0x70, 0x1C, 0x70, 0x1C, 0x00, 0x1C, 0x00, 0x1C, 0x00, 
  0xFC, 0x1F, 0xFC, 0x7F, 0x9C, 0x78, 0x1C, 0xE0, 0x1C, 0xE0, 0x1C, 0xE0, 
  0x1C, 0x70, 0x7C, 0x7F, 0xFF, 0x3F, 0xCF, 0x0F, 0x06, 0xC0, 0x03, 0x00, 
  0x0C, 0x00, 0x30, 0x00, 0xC0, 0x03, 0x00, 0x0C, 0x7C, 0x37, 0xFC, 0xFF, 
  0xFB, 0xC0, 0xEE, 0x03, 0xF8, 0x07, 0xE0, 0x1F, 0x00, 0x3C, 0x00, 0xF0, 
  0x03, 0xC0, 0x0F, 0x80, 0x7E, 0x01, 0xFC, 0x0E, 0xF0, 0x7B, 0xFF, 0xCD, 
  0xFE, 0x01, 0xE0, 0x07, 0xC0, 0x7F, 0xC3, 0xFF, 0x9E, 0x0E, 0x70, 0x1B, 
  0x80, 0x7E, 0x00, 0x38, 0x00, 0xE0, 0x03, 0x80, 0x0E, 0x00, 0x38, 0x07, 
  0xE0, 0x1D, 0xC0, 0x77, 0x83, 0x8F, 0xFC, 0x1F, 0xE0, 0x1E, 0x00, 0x00, 
  0x0E, 0x00, 0x1C, 0x00, 0x38, 0x00, 0x70, 0x00, 0xE0, 0x01, 0xC1, 0xE3, 
  0x8F, 0xF7, 0x3F, 0xFE, 0xF0, 0x7D, 0xC0, 0x7F, 0x00, 0xFE, 0x00, 0xFC, 
  0x01, 0xF8, 0x03, 0xF0, 0x07, 0xE0, 0x0F, 0xC0, 0x1F, 0x80, 0x7B, 0x80, 
  0xF7, 0x83, 0xE7, 0xFF, 0xC7, 0xFB, 0x83, 0xC0, 0x07, 0xC0, 0x3F, 0xE0, 
  0xFF, 0xE1, 0xC1, 0xE7, 0x01, 0xCC, 0x01, 0xF8, 0x03, 0xF0, 0x07, 0xFF, 
  0xFF, 0xFF, 0xFF, 0x80, 0x07, 0x00, 0x06, 0x00, 0xEE, 0x03, 0x8E, 0x0F, 
  0x1F, 0xFC, 0x1F, 0xF0, 0x07, 0x00, 0x0E, 0x7C, 0xF1, 0x83, 0x06, 0x0C, 
  0x7F, 0xFE, 0x60, 0xC1, 0x83, 0x06, 0x0C, 0x18, 0x30, 0x60, 0xC1, 0x83, 
  0x06, 0x0C, 0x00, 0x07, 0x80, 0x7F, 0xB3, 0xFF, 0xDE, 0x0F, 0x70, 0x1F, 
  0x80, 0x7E, 0x01, 0xF8, 0x03, 0xE0, 0x0F, 0x80, 0x3E, 0x00, 0xF8, 0x07, 
  0xE0, 0x1D, 0xC0, 0x77, 0x83, 0xCF, 0xFB, 0x1F, 0xCC, 0x1C, 0x30, 0x01, 
  0xF8, 0x07, 0x70, 0x39, 0xF3, 0xE3, 0xFF, 0x03, 0xF0, 0xE0, 0x07, 0x00, 
  0x38, 0x01, 0xC0, 0x0E, 0x00, 0x70, 0x03, 0x8F, 0x1D, 0xFE, 0xFE, 0xFF, 
  0x81, 0xFC, 0x0F, 0xC0, 0x3E, 0x01, 0xF0, 0x0F, 0x80, 0x7C, 0x03, 0xE0, 
  0x1F, 0x00, 0xF8, 0x07, 0xC0, 0x3E, 0x01, 0xF0, 0x0F, 0x80, 0x60, 0xFF, 
  0x80, 0x07, 0xFF, 0xFF, 0xFF, 0xFF, 0xFF, 0xF8, 0x1C, 0x71, 0xC0, 0x00, 
  0x00, 0x07, 0x1C, 0x71, 0xC7, 0x1C, 0x71, 0xC7, 0x1C, 0x71, 0xC7, 0x1C, 
  0x71, 0xC7, 0x1C, 0x71, 0xDF, 0xFB, 0xC0, 0xC0, 0x03, 0x00, 0x0C, 0x00, 
  0x30, 0x00, 0xC0, 0x03, 0x00, 0x0C, 0x00, 0x30, 0x3C, 0xC1, 0xE3, 0x0F, 
  0x0C, 0x78, 0x33, 0xC0, 0xDE, 0x03, 0xFC, 0x0F, 0xF0, 0x3C, 0xE0, 0xE3, 
  0xC3, 0x07, 0x0C, 0x0E, 0x30, 0x3C, 0xC0, 0x73, 0x00, 0xEC, 0x03, 0x80, 
  0xFF, 0xFF, 0xFF, 0xFF, 0xFF, 0xFF, 0xFF, 0xFF, 0xF8, 0x03, 0xC1, 0xE3, 
  0xBF, 0x9F, 0xEF, 0xDF, 0xF7, 0xBC, 0x1F, 0x07, 0xE0, 0x38, 0x1F, 0x80, 
  0xC0, 0x7E, 0x03, 0x01, 0xF8, 0x0C, 0x07, 0xE0, 0x30, 0x1F, 0x80, 0xC0, 
  0x7E, 0x03, 0x01, 0xF8, 0x0C, 0x07, 0xE0, 0x30, 0x1F, 0x80, 0xC0, 0x7E, 
  0x03, 0x01, 0xF8, 0x0C, 0x07, 0xE0, 0x30, 0x1C, 0x03, 0xC7, 0x7F, 0xBF, 
  0xBF, 0xE0, 0x7F, 0x03, 0xF0, 0x0F, 0x80, 0x7C, 0x03, 0xE0, 0x1F, 0x00, 
  0xF8, 0x07, 0xC0, 0x3E, 0x01, 0xF0, 0x0F, 0x80, 0x7C, 0x03, 0xE0, 0x18, 
  0x07, 0xC0, 0x3F, 0xE0, 0xFF, 0xE3, 0xC1, 0xE7, 0x01, 0xCC, 0x01, 0xF8, 
  0x03, 0xF0, 0x07, 0xE0, 0x0F, 0xC0, 0x1F, 0x80, 0x3F, 0x00, 0x76, 0x00, 
  0xCE, 0x03, 0x9E, 0x0F, 0x1F, 0xFC, 0x1F, 0xF0, 0x07, 0x00, 0x07, 0x83, 
  0x7F, 0x8F, 0xFF, 0x3C, 0x0E, 0xE0, 0x3F, 0x80, 0x7E, 0x01, 0xF0, 0x03, 
  0xC0, 0x0F, 0x00, 0x3C, 0x00, 0xF8, 0x07, 0xE0, 0x1F, 0xC0, 0xFF, 0x87, 
  0xBF, 0xFC, 0xDF, 0xE3, 0x0E, 0x0C, 0x00, 0x30, 0x00, 0xC0, 0x03, 0x00, 
  0x0C, 0x00, 0x30, 0x00, 0x07, 0x80, 0x3F, 0xDC, 0xFF, 0xFB, 0xC1, 0xF7, 
  0x01, 0xFC, 0x03, 0xF8, 0x03, 0xF0, 0x07, 0xE0, 0x0F, 0xC0, 0x1F, 0x80, 
  0x3F, 0x00, 0x7E, 0x01, 0xEE, 0x03, 0xDE, 0x0F, 0x9F, 0xFF, 0x1F, 0xEE, 
  0x0F, 0x1C, 0x00, 0x38, 0x00, 0x70, 0x00, 0xE0, 0x01, 0xC0, 0x03, 0x80, 
  0x07, 0x07, 0xEF, 0xFF, 0xF8, 0xF0, 0xE0, 0xE0, 0xE0, 0xE0, 0xE0, 0xE0, 
  0xE0, 0xE0, 0xE0, 0xE0, 0xE0, 0xE0, 0x0F, 0x81, 0xFF, 0x1F, 0xFC, 0xE0, 
  0xEE, 0x03, 0xF0, 0x01, 0xC0, 0x0F, 0xC0, 0x3F, 0xC0, 0x7F, 0x80, 0x3E, 
  0x00, 0x7E, 0x01, 0xF0, 0x1F, 0xC0, 0xEF, 0xFE, 0x3F, 0xE0, 0x38, 0x00, 
  0x18, 0x18, 0x18, 0x18, 0x18, 0xFF, 0xFF, 0x18, 0x18, 0x18, 0x18, 0x18, 
  0x18, 0x18, 0x18, 0x18, 0x18, 0x18, 0x18, 0x1F, 0x1F, 0x0F, 0xE0, 0x3F, 
  0x01, 0xF8, 0x0F, 0xC0, 0x7E, 0x03, 0xF0, 0x1F, 0x80, 0xFC, 0x07, 0xE0, 
  0x3F, 0x01, 0xF8, 0x0F, 0xC0, 0x7E, 0x03, 0xF0, 0x3D, 0xFF, 0x6F, 0xF3, 
  0x0E, 0x00, 0x70, 0x0E, 0xE0, 0x19, 0xC0, 0x71, 0xC0, 0xE3, 0x81, 0x87, 
  0x07, 0x07, 0x0E, 0x0E, 0x18, 0x1C, 0x70, 0x1C, 0xC0, 0x3B, 0x80, 0x77, 
  0x00, 0x7C, 0x00, 0xF8, 0x00, 0xF0, 0x01, 0xC0, 0xE0, 0x78, 0x1D, 0xC1, 
  0xE0, 0x77, 0x07, 0x83, 0x9C, 0x1F, 0x0E, 0x30, 0xFC, 0x38, 0xE3, 0x30, 
  0xC3, 0x8C, 0xE7, 0x0E, 0x33, 0x9C, 0x19, 0xCE, 0x70, 0x76, 0x19, 0x81, 
  0xD8, 0x7E, 0x03, 0x61, 0xF8, 0x0F, 0x87, 0xC0, 0x3E, 0x0F, 0x00, 0xF0, 
  0x3C, 0x01, 0xC0, 0xE0, 0xE0, 0x39, 0xC1, 0xC3, 0x87, 0x0E, 0x38, 0x1D, 
  0xC0, 0x3F, 0x00, 0x78, 0x01, 0xC0, 0x07, 0x80, 0x3E, 0x01, 0xDC, 0x06, 
  0x38, 0x38, 0xE1, 0xC1, 0xC7, 0x03, 0xB8, 0x0E, 0xE0, 0x1F, 0x80, 0xE6, 
  0x03, 0x9C, 0x0E, 0x70, 0x70, 0xC1, 0xC3, 0x86, 0x0E, 0x38, 0x18, 0xE0, 
  0x73, 0x01, 0xDC, 0x03, 0x70, 0x0F, 0x80, 0x3E, 0x00, 0x70, 0x01, 0xC0, 
  0x07, 0x00, 0x18, 0x00, 0xE0, 0x03, 0x80, 0x7C, 0x01, 0xE0, 0x07, 0x00, 
  0x00, 0x7F, 0xFB, 0xFF, 0xC0, 0x1C, 0x01, 0xE0, 0x0E, 0x00, 0xE0, 0x0E, 
  0x00, 0xE0, 0x0E, 0x00, 0xF0, 0x07, 0x00, 0x70, 0x07, 0x00, 0x70, 0x03, 
  0xFF, 0xFF, 0xFF, 0x07, 0x1F, 0x1C, 0x18, 0x18, 0x18, 0x18, 0x18, 0x18, 
  0x18, 0x18, 0x18, 0x38, 0x70, 0xE0, 0xF0, 0x30, 0x38, 0x18, 0x18, 0x18, 
  0x18, 0x18, 0x18, 0x18, 0x18, 0x18, 0x1E, 0x0F, 0x07, 0xFF, 0xFF, 0xFF, 
  0xFF, 0xFF, 0xFF, 0xFF, 0xF0, 0xE1, 0xE1, 0xE1, 0xC3, 0x87, 0x0E, 0x1C, 
  0x38, 0x70, 0xE1, 0xC1, 0x83, 0x83, 0x87, 0x1C, 0x30, 0xE1, 0xC3, 0x87, 
  0x0E, 0x1C, 0x38, 0x70, 0xE3, 0xCF, 0x18, 0x00, 0x18, 0x01, 0xF8, 0x36, 
  0xF0, 0xF0, 0xFF, 0xC0, 0xF8, 0x00, 0x80, 0xFF, 0xFF, 0xFF, 0xFF, 0xC0, 
  0x03, 0xC0, 0x03, 0xC0, 0x03, 0xC0, 0x03, 0xC0, 0x03, 0xC0, 0x03, 0xC0, 
  0x03, 0xC0, 0x03, 0xC0, 0x03, 0xC0, 0x03, 0xC0, 0x03, 0xC0, 0x03, 0xC0, 
  0x03, 0xC0, 0x03, 0xC0, 0x03, 0xC0, 0x03, 0xC0, 0x03, 0xC0, 0x03, 0xC0, 
  0x03, 0xFF, 0xFF, 0xFF, 0xFF, 0xFF, 0xFF, 0xFF, 0xFF, 0xC0, 0x03, 0xC0, 
  0x03, 0xC0, 0x03, 0xC0, 0x03, 0xC0, 0x03, 0xC0, 0x03, 0xC0, 0x03, 0xC0, 
  0x03, 0xC0, 0x03, 0xC0, 0x03, 0xC0, 0x03, 0xC0, 0x03, 0xC0, 0x03, 0xC0, 
  0x03, 0xC0, 0x03, 0xC0, 0x03, 0xC0, 0x03, 0xC0, 0x03, 0xC0, 0x03, 0xFF, 
  0xFF, 0xFF, 0xFF, 0xFF, 0xFF, 0xFF, 0xFF, 0xC0, 0x03, 0xC0, 0x03, 0xC0, 
  0x03, 0xC0, 0x03, 0xC0, 0x03, 0xC0, 0x03, 0xC0, 0x03, 0xC0, 0x03, 0xC0, 
  0x03, 0xC0, 0x03, 0xC0, 0x03, 0xC0, 0x03, 0xC0, 0x03, 0xC0, 0x03, 0xC0, 
  0x03, 0xC0, 0x03, 0xC0, 0x03, 0xC0, 0x03, 0xC0, 0x03, 0xFF, 0xFF, 0xFF, 
  0xFF, 0xFF, 0xFF, 0xFF, 0xFF, 0xC0, 0x03, 0xC0, 0x03, 0xC0, 0x03, 0xC0, 
  0x03, 0xC0, 0x03, 0xC0, 0x03, 0xC0, 0x03, 0xC0, 0x03, 0xC0, 0x03, 0xC0, 
  0x03, 0xC0, 0x03, 0xC0, 0x03, 0xC0, 0x03, 0xC0, 0x03, 0xC0, 0x03, 0xC0, 
  0x03, 0xC0, 0x03, 0xC0, 0x03, 0xC0, 0x03, 0xFF, 0xFF, 0xFF, 0xFF, 0xFF, 
  0xFF, 0xFF, 0xFF, 0xC0, 0x03, 0xC0, 0x03, 0xC0, 0x03, 0xC0, 0x03, 0xC0, 
  0x03, 0xC0, 0x03, 0xC0, 0x03, 0xC0, 0x03, 0xC0, 0x03, 0xC0, 0x03, 0xC0, 
  0x03, 0xC0, 0x03, 0xC0, 0x03, 0xC0, 0x03, 0xC0, 0x03, 0xC0, 0x03, 0xC0, 
  0x03, 0xC0, 0x03, 0xC0, 0x03, 0xFF, 0xFF, 0xFF, 0xFF, 0xFF, 0xFF, 0xFF, 
  0xFF, 0xC0, 0x03, 0xC0, 0x03, 0xC0, 0x03, 0xC0, 0x03, 0xC0, 0x03, 0xC0, 
  0x03, 0xC0, 0x03, 0xC0, 0x03, 0xC0, 0x03, 0xC0, 0x03, 0xC0, 0x03, 0xC0, 
  0x03, 0xC0, 0x03, 0xC0, 0x03, 0xC0, 0x03, 0xC0, 0x03, 0xC0, 0x03, 0xC0, 
  0x03, 0xC0, 0x03, 0xFF, 0xFF, 0xFF, 0xFF, 0xFF, 0xFF, 0xFF, 0xFF, 0xC0, 
  0x03, 0xC0, 0x03, 0xC0, 0x03, 0xC0, 0x03, 0xC0, 0x03, 0xC0, 0x03, 0xC0, 
  0x03, 0xC0, 0x03, 0xC0, 0x03, 0xC0, 0x03, 0xC0, 0x03, 0xC0, 0x03, 0xC0, 
  0x03, 0xC0, 0x03, 0xC0, 0x03, 0xC0, 0x03, 0xC0, 0x03, 0xC0, 0x03, 0xC0, 
  0x03, 0xFF, 0xFF, 0xFF, 0xFF, 0xFF, 0xFF, 0xFF, 0xFF, 0xC0, 0x03, 0xC0, 
  0x03, 0xC0, 0x03, 0xC0, 0x03, 0xC0, 0x03, 0xC0, 0x03, 0xC0, 0x03, 0xC0, 
  0x03, 0xC0, 0x03, 0xC0, 0x03, 0xC0, 0x03, 0xC0, 0x03, 0xC0, 0x03, 0xC0, 
  0x03, 0xC0, 0x03, 0xC0, 0x03, 0xC0, 0x03, 0xC0, 0x03, 0xC0, 0x03, 0xFF, 
  0xFF, 0xFF, 0xFF, 0xFF, 0xFF, 0xFF, 0xFF, 0xC0, 0x03, 0xC0, 0x03, 0xC0, 
  0x03, 0xC0, 0x03, 0xC0, 0x03, 0xC0, 0x03, 0xC0, 0x03, 0xC0, 0x03, 0xC0, 
  0x03, 0xC0, 0x03, 0xC0, 0x03, 0xC0, 0x03, 0xC0, 0x03, 0xC0, 0x03, 0xC0, 
  0x03, 0xC0, 0x03, 0xC0, 0x03, 0xC0, 0x03, 0xC0, 0x03, 0xFF, 0xFF, 0xFF, 
  0xFF, 0xFF, 0xFF, 0xFF, 0xFF, 0xC0, 0x03, 0xC0, 0x03, 0xC0, 0x03, 0xC0, 
  0x03, 0xC0, 0x03, 0xC0, 0x03, 0xC0, 0x03, 0xC0, 0x03, 0xC0, 0x03, 0xC0, 
  0x03, 0xC0, 0x03, 0xC0, 0x03, 0xC0, 0x03, 0xC0, 0x03, 0xC0, 0x03, 0xC0, 
  0x03, 0xC0, 0x03, 0xC0, 0x03, 0xC0, 0x03, 0xFF, 0xFF, 0xFF, 0xFF, 0xFF, 
  0xFF, 0xFF, 0xFF, 0xC0, 0x03, 0xC0, 0x03, 0xC0, 0x03, 0xC0, 0x03, 0xC0, 
  0x03, 0xC0, 0x03, 0xC0, 0x03, 0xC0, 0x03, 0xC0, 0x03, 0xC0, 0x03, 0xC0, 
  0x03, 0xC0, 0x03, 0xC0, 0x03, 0xC0, 0x03, 0xC0, 0x03, 0xC0, 0x03, 0xC0, 
  0x03, 0xC0, 0x03, 0xC0, 0x03, 0xFF, 0xFF, 0xFF, 0xFF, 0xFF, 0xFF, 0xFF, 
  0xFF, 0xC0, 0x03, 0xC0, 0x03, 0xC0, 0x03, 0xC0, 0x03, 0xC0, 0x03, 0xC0, 
  0x03, 0xC0, 0x03, 0xC0, 0x03, 0xC0, 0x03, 0xC0, 0x03, 0xC0, 0x03, 0xC0, 
  0x03, 0xC0, 0x03, 0xC0, 0x03, 0xC0, 0x03, 0xC0, 0x03, 0xC0, 0x03, 0xC0, 
  0x03, 0xC0, 0x03, 0xFF, 0xFF, 0xFF, 0xFF, 0xFF, 0xFF, 0xFF, 0xFF, 0xC0, 
  0x03, 0xC0, 0x03, 0xC0, 0x03, 0xC0, 0x03, 0xC0, 0x03, 0xC0, 0x03, 0xC0, 
  0x03, 0xC0, 0x03, 0xC0, 0x03, 0xC0, 0x03, 0xC0, 0x03, 0xC0, 0x03, 0xC0, 
  0x03, 0xC0, 0x03, 0xC0, 0x03, 0xC0, 0x03, 0xC0, 0x03, 0xC0, 0x03, 0xC0, 
  0x03, 0xFF, 0xFF, 0xFF, 0xFF, 0xFF, 0xFF, 0xFF, 0xFF, 0xC0, 0x03, 0xC0, 
  0x03, 0xC0, 0x03, 0xC0, 0x03, 0xC0, 0x03, 0xC0, 0x03, 0xC0, 0x03, 0xC0, 
  0x03, 0xC0, 0x03, 0xC0, 0x03, 0xC0, 0x03, 0xC0, 0x03, 0xC0, 0x03, 0xC0, 
  0x03, 0xC0, 0x03, 0xC0, 0x03, 0xC0, 0x03, 0xC0, 0x03, 0xC0, 0x03, 0xFF, 
  0xFF, 0xFF, 0xFF, 0xFF, 0xFF, 0xFF, 0xFF, 0xC0, 0x03, 0xC0, 0x03, 0xC0, 
  0x03, 0xC0, 0x03, 0xC0, 0x03, 0xC0, 0x03, 0xC0, 0x03, 0xC0, 0x03, 0xC0, 
  0x03, 0xC0, 0x03, 0xC0, 0x03, 0xC0, 0x03, 0xC0, 0x03, 0xC0, 0x03, 0xC0, 
  0x03, 0xC0, 0x03, 0xC0, 0x03, 0xC0, 0x03, 0xC0, 0x03, 0xFF, 0xFF, 0xFF, 
  0xFF, 0xFF, 0xFF, 0xFF, 0xFF, 0xC0, 0x03, 0xC0, 0x03, 0xC0, 0x03, 0xC0, 
  0x03, 0xC0, 0x03, 0xC0, 0x03, 0xC0, 0x03, 0xC0, 0x03, 0xC0, 0x03, 0xC0, 
  0x03, 0xC0, 0x03, 0xC0, 0x03, 0xC0, 0x03, 0xC0, 0x03, 0xC0, 0x03, 0xC0, 
  0x03, 0xC0, 0x03, 0xC0, 0x03, 0xC0, 0x03, 0xFF, 0xFF, 0xFF, 0xFF, 0xFF, 
  0xFF, 0xFF, 0xFF, 0xC0, 0x03, 0xC0, 0x03, 0xC0, 0x03, 0xC0, 0x03, 0xC0, 
  0x03, 0xC0, 0x03, 0xC0, 0x03, 0xC0, 0x03, 0xC0, 0x03, 0xC0, 0x03, 0xC0, 
  0x03, 0xC0, 0x03, 0xC0, 0x03, 0xC0, 0x03, 0xC0, 0x03, 0xC0, 0x03, 0xC0, 
  0x03, 0xC0, 0x03, 0xC0, 0x03, 0xFF, 0xFF, 0xFF, 0xFF, 0xFF, 0xFF, 0xFF, 
  0xFF, 0xC0, 0x03, 0xC0, 0x03, 0xC0, 0x03, 0xC0, 0x03, 0xC0, 0x03, 0xC0, 
  0x03, 0xC0, 0x03, 0xC0, 0x03, 0xC0, 0x03, 0xC0, 0x03, 0xC0, 0x03, 0xC0, 
  0x03, 0xC0, 0x03, 0xC0, 0x03, 0xC0, 0x03, 0xC0, 0x03, 0xC0, 0x03, 0xC0, 
  0x03, 0xC0, 0x03, 0xFF, 0xFF, 0xFF, 0xFF, 0xFF, 0xFF, 0xFF, 0xFF, 0xC0, 
  0x03, 0xC0, 0x03, 0xC0, 0x03, 0xC0, 0x03, 0xC0, 0x03, 0xC0, 0x03, 0xC0, 
  0x03, 0xC0, 0x03, 0xC0, 0x03, 0xC0, 0x03, 0xC0, 0x03, 0xC0, 0x03, 0xC0, 
  0x03, 0xC0, 0x03, 0xC0, 0x03, 0xC0, 0x03, 0xC0, 0x03, 0xC0, 0x03, 0xC0, 
  0x03, 0xFF, 0xFF, 0xFF, 0xFF, 0xFF, 0xFF, 0xFF, 0xFF, 0xC0, 0x03, 0xC0, 
  0x03, 0xC0, 0x03, 0xC0, 0x03, 0xC0, 0x03, 0xC0, 0x03, 0xC0, 0x03, 0xC0, 
  0x03, 0xC0, 0x03, 0xC0, 0x03, 0xC0, 0x03, 0xC0, 0x03, 0xC0, 0x03, 0xC0, 
  0x03, 0xC0, 0x03, 0xC0, 0x03, 0xC0, 0x03, 0xC0, 0x03, 0xC0, 0x03, 0xFF, 
  0xFF, 0xFF, 0xFF, 0xFF, 0xFF, 0xFF, 0xFF, 0xC0, 0x03, 0xC0, 0x03, 0xC0, 
  0x03, 0xC0, 0x03, 0xC0, 0x03, 0xC0, 0x03, 0xC0, 0x03, 0xC0, 0x03, 0xC0, 
  0x03, 0xC0, 0x03, 0xC0, 0x03, 0xC0, 0x03, 0xC0, 0x03, 0xC0, 0x03, 0xC0, 
  0x03, 0xC0, 0x03, 0xC0, 0x03, 0xC0, 0x03, 0xC0, 0x03, 0xFF, 0xFF, 0xFF, 
  0xFF, 0xFF, 0xFF, 0xFF, 0xFF, 0xC0, 0x03, 0xC0, 0x03, 0xC0, 0x03, 0xC0, 
  0x03, 0xC0, 0x03, 0xC0, 0x03, 0xC0, 0x03, 0xC0, 0x03, 0xC0, 0x03, 0xC0, 
  0x03, 0xC0, 0x03, 0xC0, 0x03, 0xC0, 0x03, 0xC0, 0x03, 0xC0, 0x03, 0xC0, 
  0x03, 0xC0, 0x03, 0xC0, 0x03, 0xC0, 0x03, 0xFF, 0xFF, 0xFF, 0xFF, 0xFF, 
  0xFF, 0xFF, 0xFF, 0xC0, 0x03, 0xC0, 0x03, 0xC0, 0x03, 0xC0, 0x03, 0xC0, 
  0x03, 0xC0, 0x03, 0xC0, 0x03, 0xC0, 0x03, 0xC0, 0x03, 0xC0, 0x03, 0xC0, 
  0x03, 0xC0, 0x03, 0xC0, 0x03, 0xC0, 0x03, 0xC0, 0x03, 0xC0, 0x03, 0xC0, 
  0x03, 0xC0, 0x03, 0xC0, 0x03, 0xFF, 0xFF, 0xFF, 0xFF, 0xFF, 0xFF, 0xFF, 
  0xFF, 0xC0, 0x03, 0xC0, 0x03, 0xC0, 0x03, 0xC0, 0x03, 0xC0, 0x03, 0xC0, 
  0x03, 0xC0, 0x03, 0xC0, 0x03, 0xC0, 0x03, 0xC0, 0x03, 0xC0, 0x03, 0xC0, 
  0x03, 0xC0, 0x03, 0xC0, 0x03, 0xC0, 0x03, 0xC0, 0x03, 0xC0, 0x03, 0xC0, 
  0x03, 0xC0, 0x03, 0xFF, 0xFF, 0xFF, 0xFF, 0xFF, 0xFF, 0xFF, 0xFF, 0xC0, 
  0x03, 0xC0, 0x03, 0xC0, 0x03, 0xC0, 0x03, 0xC0, 0x03, 0xC0, 0x03, 0xC0, 
  0x03, 0xC0, 0x03, 0xC0, 0x03, 0xC0, 0x03, 0xC0, 0x03, 0xC0, 0x03, 0xC0, 
  0x03, 0xC0, 0x03, 0xC0, 0x03, 0xC0, 0x03, 0xC0, 0x03, 0xC0, 0x03, 0xC0, 
  0x03, 0xFF, 0xFF, 0xFF, 0xFF, 0xFF, 0xFF, 0xFF, 0xFF, 0xC0, 0x03, 0xC0, 
  0x03, 0xC0, 0x03, 0xC0, 0x03, 0xC0, 0x03, 0xC0, 0x03, 0xC0, 0x03, 0xC0, 
  0x03, 0xC0, 0x03, 0xC0, 0x03, 0xC0, 0x03, 0xC0, 0x03, 0xC0, 0x03, 0xC0, 
  0x03, 0xC0, 0x03, 0xC0, 0x03, 0xC0, 0x03, 0xC0, 0x03, 0xC0, 0x03, 0xFF, 
  0xFF, 0xFF, 0xFF, 0xFF, 0xFF, 0xFF, 0xFF, 0xC0, 0x03, 0xC0, 0x03, 0xC0, 
  0x03, 0xC0, 0x03, 0xC0, 0x03, 0xC0, 0x03, 0xC0, 0x03, 0xC0, 0x03, 0xC0, 
  0x03, 0xC0, 0x03, 0xC0, 0x03, 0xC0, 0x03, 0xC0, 0x03, 0xC0, 0x03, 0xC0, 
  0x03, 0xC0, 0x03, 0xC0, 0x03, 0xC0, 0x03, 0xC0, 0x03, 0xFF, 0xFF, 0xFF, 
  0xFF, 0xFF, 0xFF, 0xFF, 0xFF, 0xC0, 0x03, 0xC0, 0x03, 0xC0, 0x03, 0xC0, 
  0x03, 0xC0, 0x03, 0xC0, 0x03, 0xC0, 0x03, 0xC0, 0x03, 0xC0, 0x03, 0xC0, 
  0x03, 0xC0, 0x03, 0xC0, 0x03, 0xC0, 0x03, 0xC0, 0x03, 0xC0, 0x03, 0xC0, 
  0x03, 0xC0, 0x03, 0xC0, 0x03, 0xC0, 0x03, 0xFF, 0xFF, 0xFF, 0xFF, 0xFF, 
  0xFF, 0xFF, 0xFF, 0xC0, 0x03, 0xC0, 0x03, 0xC0, 0x03, 0xC0, 0x03, 0xC0, 
  0x03, 0xC0, 0x03, 0xC0, 0x03, 0xC0, 0x03, 0xC0, 0x03, 0xC0, 0x03, 0xC0, 
  0x03, 0xC0, 0x03, 0xC0, 0x03, 0xC0, 0x03, 0xC0, 0x03, 0xC0, 0x03, 0xC0, 
  0x03, 0xC0, 0x03, 0xC0, 0x03, 0xFF, 0xFF, 0xFF, 0xFF, 0xFF, 0xFF, 0xFF, 
  0xFF, 0xC0, 0x03, 0xC0, 0x03, 0xC0, 0x03, 0xC0, 0x03, 0xC0, 0x03, 0xC0, 
  0x03, 0xC0, 0x03, 0xC0, 0x03, 0xC0, 0x03, 0xC0, 0x03, 0xC0, 0x03, 0xC0, 
  0x03, 0xC0, 0x03, 0xC0, 0x03, 0xC0, 0x03, 0xC0, 0x03, 0xC0, 0x03, 0xC0, 
  0x03, 0xC0, 0x03, 0xFF, 0xFF, 0xFF, 0xFF, 0xFF, 0xFF, 0xFF, 0xFF, 0xC0, 
  0x03, 0xC0, 0x03, 0xC0, 0x03, 0xC0, 0x03, 0xC0, 0x03, 0xC0, 0x03, 0xC0, 
  0x03, 0xC0, 0x03, 0xC0, 0x03, 0xC0, 0x03, 0xC0, 0x03, 0xC0, 0x03, 0xC0, 
  0x03, 0xC0, 0x03, 0xC0, 0x03, 0xC0, 0x03, 0xC0, 0x03, 0xC0, 0x03, 0xC0, 
  0x03, 0xFF, 0xFF, 0xFF, 0xFF, 0xFF, 0xFF, 0xFF, 0xFF, 0xC0, 0x03, 0xC0, 
  0x03, 0xC0, 0x03, 0xC0, 0x03, 0xC0, 0x03, 0xC0, 0x03, 0xC0, 0x03, 0xC0, 
  0x03, 0xC0, 0x03, 0xC0, 0x03, 0xC0, 0x03, 0xC0, 0x03, 0xC0, 0x03, 0xC0, 
  0x03, 0xC0, 0x03, 0xC0, 0x03, 0xC0, 0x03, 0xC0, 0x03, 0xC0, 0x03, 0xFF, 
  0xFF, 0xFF, 0xFF, 0xFF, 0xFF, 0xFF, 0xFF, 0xC0, 0x03, 0xC0, 0x03, 0xC0, 
  0x03, 0xC0, 0x03, 0xC0, 0x03, 0xC0, 0x03, 0xC0, 0x03, 0xC0, 0x03, 0xC0, 
  0x03, 0xC0, 0x03, 0xC0, 0x03, 0xC0, 0x03, 0xC0, 0x03, 0xC0, 0x03, 0xC0, 
  0x03, 0xC0, 0x03, 0xC0, 0x03, 0xC0, 0x03, 0xC0, 0x03, 0xFF, 0xFF, 0xFF, 
  0xFF, 0x00, 0xFC, 0x3F, 0xFF, 0xFF, 0xFF, 0xF0, 0x03, 0x00, 0x0C, 0x00, 
  0x30, 0x01, 0xF0, 0x1F, 0xF0, 0xFF, 0xE7, 0x33, 0xB8, 0xC7, 0xE3, 0x1F, 
  0x8C, 0x0E, 0x30, 0x30, 0xC0, 0xC3, 0x03, 0x0C, 0x0E, 0x31, 0xF8, 0xC7, 
  0xF3, 0x1D, 0xCC, 0xE3, 0xFF, 0x87, 0xF8, 0x07, 0x80, 0x0C, 0x00, 0x30, 
  0x00, 0xC0, 0x03, 0xE0, 0x0F, 0xF8, 0x3F, 0xFC, 0x38, 0x1C, 0x70, 0x0E, 
  0x70, 0x0E, 0x70, 0x0E, 0x70, 0x00, 0x70, 0x00, 0x70, 0x00, 0x38, 0x00, 
  0xFF, 0xC0, 0xFF, 0xC0, 0x0C, 0x00, 0x0E, 0x00, 0x0E, 0x00, 0x0C, 0x00, 
  0x1C, 0x00, 0x18, 0x00, 0x30, 0x00, 0x7F, 0xC6, 0xFF, 0xFE, 0x71, 0xFE, 
  0x00, 0x38, 0x60, 0x17, 0xFF, 0xDF, 0xFE, 0x71, 0xE7, 0x07, 0x30, 0x19, 
  0x80, 0xCC, 0x06, 0x70, 0x71, 0xEF, 0x9F, 0xFE, 0xDF, 0x70, 0x01, 0x00, 
  0x60, 0x03, 0xB8, 0x03, 0x8E, 0x01, 0xC7, 0x01, 0xC1, 0xC0, 0xC0, 0x60, 
  0xE0, 0x38, 0x60, 0x0C, 0x70, 0x07, 0x30, 0x01, 0xF8, 0x00, 0x78, 0x07, 
  0xFF, 0xE3, 0xFF, 0xF0, 0x0E, 0x00, 0x07, 0x00, 0x7F, 0xFE, 0x3F, 0xFF, 
  0x00, 0xE0, 0x00, 0x70, 0x00, 0x38, 0x00, 0x1C, 0x00, 0x0E, 0x00, 0xFF, 
  0xFF, 0xFF, 0xC0, 0x3F, 0xFF, 0xFF, 0xF0, 0x03, 0xC0, 0x1F, 0xE0, 0x7F, 
  0xE0, 0xE1, 0xC3, 0x81, 0x87, 0x03, 0x8F, 0x07, 0x0F, 0x00, 0x0F, 0x00, 
  0x7F, 0x81, 0xCF, 0x83, 0x07, 0xCE, 0x07, 0xDC, 0x03, 0xB8, 0x03, 0xB8, 
  0x07, 0x7C, 0x0E, 0x7C, 0x1C, 0x3C, 0x30, 0x3F, 0xC0, 0x1F, 0x00, 0x1E, 
  0x00, 0x1E, 0x38, 0x1C, 0x70, 0x38, 0x60, 0x70, 0xE1, 0xE1, 0xFF, 0x81, 
  0xFE, 0x00, 0xE0, 0x00, 0xE7, 0xF3, 0xF9, 0xE0, 0x01, 0xFF, 0x00, 0x07, 
  0xFF, 0xC0, 0x0F, 0x01, 0xE0, 0x1C, 0x00, 0x70, 0x38, 0x10, 0x38, 0x70, 
  0xFE, 0x1C, 0x61, 0xEF, 0x0C, 0xE1, 0x83, 0x0E, 0xC3, 0x81, 0x86, 0xC3, 
  0x00, 0x06, 0xC3, 0x00, 0x06, 0xC3, 0x00, 0x07, 0xC3, 0x00, 0x06, 0xC3, 
  0x01, 0x86, 0xC3, 0x01, 0x86, 0xC3, 0x83, 0x86, 0x61, 0xC7, 0x0E, 0x70, 
  0xFF, 0x0C, 0x30, 0x7C, 0x18, 0x38, 0x00, 0x38, 0x1E, 0x00, 0xF0, 0x07, 
  0x83, 0xC0, 0x03, 0xFF, 0x80, 0x00, 0x7C, 0x00, 0x3E, 0x3B, 0x98, 0x40, 
  0x21, 0xF3, 0xCB, 0x05, 0x86, 0xC7, 0x3E, 0xC0, 0x20, 0x0F, 0xFF, 0xFC, 
  0x00, 0x10, 0x83, 0x38, 0x77, 0x0E, 0xE1, 0xCC, 0x10, 0xE1, 0xC7, 0x0E, 
  0x38, 0x70, 0x83, 0x00, 0x10, 0xFF, 0xFF, 0xFF, 0xFF, 0x00, 0x03, 0x00, 
  0x03, 0x00, 0x03, 0x00, 0x03, 0x00, 0x03, 0x00, 0x03, 0x00, 0x03, 0xFF, 
  0xFF, 0x01, 0xFF, 0x00, 0x07, 0xFF, 0xC0, 0x0F, 0x01, 0xE0, 0x1C, 0x00, 
  0x70, 0x38, 0x00, 0x38, 0x73, 0xFF, 0x1C, 0x63, 0xFF, 0x8C, 0xE3, 0x81, 
  0x8E, 0xC3, 0x81, 0x86, 0xC3, 0x81, 0x86, 0xC3, 0x83, 0x86, 0xC3, 0xFF, 
  0x07, 0xC3, 0xFF, 0x06, 0xC3, 0x83, 0x86, 0xC3, 0x81, 0x86, 0xC3, 0x81, 
  0x86, 0x63, 0x81, 0x8E, 0x73, 0x81, 0x8C, 0x33, 0x81, 0xD8, 0x38, 0x00, 
  0x38, 0x1E, 0x00, 0xF0, 0x07, 0x83, 0xC0, 0x03, 0xFF, 0x80, 0x00, 0x7C, 
  0x00, 0xFF, 0xFF, 0x3E, 0x3B, 0xB0, 0x78, 0x3C, 0x1E, 0x0F, 0x8E, 0xFE, 
  0x3E, 0x00, 0x03, 0x00, 0x06, 0x00, 0x0C, 0x00, 0x18, 0x00, 0x30, 0x00, 
  0x60, 0x00, 0xC0, 0x7F, 0xFF, 0xFF, 0xFE, 0x06, 0x00, 0x0C, 0x00, 0x18, 
  0x00, 0x30, 0x00, 0x60, 0x00, 0xC0, 0x01, 0x80, 0x00, 0x00, 0x00, 0x03, 
  0xFF, 0xFF, 0xFF, 0xF0, 0x3E, 0x3B, 0xB0, 0x78, 0x3C, 0x18, 0x1C, 0x1C, 
  0x3C, 0x38, 0x30, 0x30, 0x1F, 0xFF, 0xF8, 0x3F, 0x1E, 0xE6, 0x19, 0x83, 
  0x01, 0x83, 0xE0, 0xF0, 0x07, 0x00, 0xF0, 0x36, 0x0D, 0xC7, 0x3F, 0x81, 
  0x00, 0x3C, 0xE7, 0x38, 0xE0, 0x39, 0xC0, 0x73, 0x80, 0xE7, 0x01, 0xCE, 
  0x03, 0x9C, 0x07, 0x38, 0x0E, 0x70, 0x1C, 0xE0, 0x39, 0xC0, 0x73, 0x80, 
  0xE7, 0x01, 0xCE, 0x03, 0x9C, 0x0F, 0x3F, 0xF7, 0x7F, 0xCF, 0xEE, 0x0F, 
  0xC0, 0x03, 0x80, 0x07, 0x00, 0x0E, 0x00, 0x1C, 0x00, 0x38, 0x00, 0x00, 
  0x07, 0xFE, 0x3F, 0xFC, 0xFE, 0x31, 0xFC, 0x67, 0xF8, 0xCF, 0xF1, 0x9F, 
  0xE3, 0x7F, 0xC6, 0x7F, 0x8C, 0xFF, 0x19, 0xFE, 0x33, 0xFC, 0x63, 0xF8, 
  0xC3, 0xF1, 0x81, 0xE3, 0x00, 0xC6, 0x01, 0x8C, 0x03, 0x18, 0x06, 0x30, 
  0x0C, 0x60, 0x18, 0xC0, 0x31, 0x80, 0x63, 0x00, 0xC6, 0x01, 0x8C, 0x03, 
  0x18, 0x06, 0x30, 0x0C, 0x60, 0x18, 0xC0, 0xFF, 0x80, 0x08, 0x18, 0x1F, 
  0x03, 0x03, 0xFE, 0x3C, 0x08, 0xFF, 0xF1, 0x8C, 0x63, 0x18, 0xC6, 0x31, 
  0x80, 0x3E, 0x3B, 0x98, 0x78, 0x3C, 0x1E, 0x0F, 0x06, 0xC3, 0x63, 0x1F, 
  0x80, 0x00, 0x07, 0xFB, 0xFC, 0x80, 0x0C, 0x10, 0xE1, 0xC7, 0x0E, 0x38, 
  0x70, 0x83, 0x38, 0x77, 0x0E, 0xE1, 0xCC, 0x10, 0x80, 0x00, 0x18, 0x00, 
  0x30, 0x0C, 0x00, 0x30, 0x3E, 0x00, 0x30, 0x1F, 0x00, 0x18, 0x01, 0x80, 
  0x18, 0x00, 0xC0, 0x08, 0x00, 0x60, 0x0C, 0x00, 0x30, 0x0C, 0x00, 0x18, 
  0x06, 0x00, 0x0C, 0x06, 0x06, 0x06, 0x06, 0x03, 0x03, 0x03, 0x03, 0x81, 
  0x83, 0x03, 0x40, 0x01, 0x03, 0x20, 0x01, 0x81, 0x90, 0x01, 0x81, 0x88, 
  0x00, 0xC1, 0x84, 0x00, 0xC0, 0xFF, 0xC0, 0x40, 0x7F, 0xE0, 0x60, 0x00, 
  0x80, 0x60, 0x00, 0x40, 0x30, 0x00, 0x20, 0x30, 0x00, 0x00, 0x18, 0x00, 
  0x60, 0x18, 0x00, 0xC0, 0xF8, 0x00, 0xC0, 0xF8, 0x01, 0x80, 0x18, 0x03, 
  0x00, 0x18, 0x03, 0x00, 0x18, 0x06, 0x00, 0x18, 0x04, 0x00, 0x18, 0x0C, 
  0x00, 0x18, 0x18, 0x7E, 0x18, 0x18, 0xE7, 0x18, 0x31, 0xC3, 0x18, 0x21, 
  0x83, 0x00, 0x60, 0x03, 0x00, 0xC0, 0x03, 0x00, 0x80, 0x0E, 0x01, 0x80, 
  0x3C, 0x03, 0x00, 0x70, 0x03, 0x00, 0xC0, 0x06, 0x01, 0x80, 0x04, 0x01, 
  0xFF, 0x0C, 0x01, 0xFF, 0x18, 0x00, 0x00, 0x3E, 0x00, 0x10, 0x3B, 0x80, 
  0x18, 0x30, 0x60, 0x18, 0x18, 0x30, 0x0C, 0x00, 0x18, 0x0C, 0x00, 0x78, 
  0x0C, 0x00, 0x3C, 0x06, 0x00, 0x07, 0x06, 0x00, 0x01, 0x82, 0x00, 0x60, 
  0xC3, 0x03, 0x30, 0x63, 0x03, 0x9C, 0x71, 0x83, 0xC7, 0xF1, 0x81, 0xE0, 
  0x60, 0x81, 0xB0, 0x00, 0xC1, 0x98, 0x00, 0xC1, 0x8C, 0x00, 0x60, 0xC6, 
  0x00, 0x60, 0xFF, 0xC0, 0x60, 0x7F, 0xE0, 0x30, 0x00, 0xC0, 0x30, 0x00, 
  0x60, 0x10, 0x00, 0x30, 0x18, 0x00, 0x00, 0x03, 0x00, 0x0C, 0x00, 0x30, 
  0x00, 0x00, 0x00, 0x00, 0x00, 0x00, 0x30, 0x00, 0xC0, 0x07, 0x00, 0x1C, 
  0x00, 0xE0, 0x07, 0x00, 0x38, 0x01, 0xC0, 0x0F, 0x00, 0x38, 0x07, 0xE0, 
  0x1B, 0x80, 0x6E, 0x03, 0x9C, 0x0E, 0x7F, 0xF0, 0xFF, 0x80, 0x78, 0x00, 
  0x07, 0x80, 0x00, 0x70, 0x00, 0x07, 0x00, 0x00, 0x70, 0x00, 0x06, 0x00, 
  0x00, 0x00, 0x00, 0x3C, 0x00, 0x0F, 0x80, 0x01, 0xF0, 0x00, 0x77, 0x00, 
  0x0E, 0xE0, 0x01, 0xDC, 0x00, 0x71, 0xC0, 0x0E, 0x38, 0x01, 0xC7, 0x00, 
  0x70, 0x70, 0x0E, 0x0E, 0x01, 0xC1, 0xC0, 0x70, 0x1C, 0x0E, 0x03, 0x81, 
  0xFF, 0xF0, 0x7F, 0xFF, 0x0E, 0x00, 0xE1, 0xC0, 0x1E, 0x70, 0x01, 0xCE, 
  0x00, 0x3B, 0xC0, 0x07, 0xF0, 0x00, 0x7E, 0x00, 0x0E, 0x00, 0x3C, 0x00, 
  0x07, 0x00, 0x01, 0xC0, 0x00, 0x70, 0x00, 0x0C, 0x00, 0x00, 0x00, 0x00, 
  0x3C, 0x00, 0x0F, 0x80, 0x01, 0xF0, 0x00, 0x77, 0x00, 0x0E, 0xE0, 0x01, 
  0xDC, 0x00, 0x71, 0xC0, 0x0E, 0x38, 0x01, 0xC7, 0x00, 0x70, 0x70, 0x0E, 
  0x0E, 0x01, 0xC1, 0xC0, 0x70, 0x1C, 0x0E, 0x03, 0x81, 0xFF, 0xF0, 0x7F, 
  0xFF, 0x0E, 0x00, 0xE1, 0xC0, 0x1E, 0x70, 0x01, 0xCE, 0x00, 0x3B, 0xC0, 
  0x07, 0xF0, 0x00, 0x7E, 0x00, 0x0E, 0x00, 0xE0, 0x00, 0x3E, 0x00, 0x0E, 
  0xE0, 0x01, 0x8C, 0x00, 0x60, 0xC0, 0x00, 0x00, 0x00, 0x3C, 0x00, 0x0F, 
  0x80, 0x01, 0xF0, 0x00, 0x77, 0x00, 0x0E, 0xE0, 0x01, 0xDC, 0x00, 0x71, 
  0xC0, 0x0E, 0x38, 0x01, 0xC7, 0x00, 0x70, 0x70, 0x0E, 0x0E, 0x01, 0xC1, 
  0xC0, 0x70, 0x1C, 0x0E, 0x03, 0x81, 0xFF, 0xF0, 0x7F, 0xFF, 0x0E, 0x00, 
  0xE1, 0xC0, 0x1E, 0x70, 0x01, 0xCE, 0x00, 0x3B, 0xC0, 0x07, 0xF0, 0x00, 
  0x7E, 0x00, 0x0E, 0x03, 0x84, 0x00, 0xFF, 0x80, 0x1B, 0xF0, 0x00, 0x00, 
  0x00, 0x00, 0x00, 0x01, 0xE0, 0x00, 0x7C, 0x00, 0x0F, 0x80, 0x03, 0xB8, 
  0x00, 0x77, 0x00, 0x0E, 0xE0, 0x03, 0x8E, 0x00, 0x71, 0xC0, 0x0E, 0x38, 
  0x03, 0x83, 0x80, 0x70, 0x70, 0x0E, 0x0E, 0x03, 0x80, 0xE0, 0x70, 0x1C, 
  0x0F, 0xFF, 0x83, 0xFF, 0xF8, 0x70, 0x07, 0x0E, 0x00, 0xF3, 0x80, 0x0E, 
  0x70, 0x01, 0xDE, 0x00, 0x3F, 0x80, 0x03, 0xF0, 0x00, 0x70, 0x07, 0x1C, 
  0x00, 0xE3, 0x80, 0x1C, 0x70, 0x03, 0x8E, 0x00, 0x00, 0x00, 0x01, 0xE0, 
  0x00, 0x7C, 0x00, 0x0F, 0x80, 0x03, 0xB8, 0x00, 0x77, 0x00, 0x0E, 0xE0, 
  0x03, 0x8E, 0x00, 0x71, 0xC0, 0x0E, 0x38, 0x03, 0x83, 0x80, 0x70, 0x70, 
  0x0E, 0x0E, 0x03, 0x80, 0xE0, 0x70, 0x1C, 0x0F, 0xFF, 0x83, 0xFF, 0xF8, 
  0x70, 0x07, 0x1E, 0x00, 0xF3, 0x80, 0x0E, 0x70, 0x01, 0xDC, 0x00, 0x3F, 
  0x80, 0x03, 0xF0, 0x00, 0x70, 0x01, 0xF0, 0x00, 0x3E, 0x00, 0x0C, 0x60, 
  0x01, 0x8C, 0x00, 0x3F, 0x00, 0x03, 0xE0, 0x00, 0x00, 0x00, 0x07, 0x80, 
  0x01, 0xF0, 0x00, 0x3E, 0x00, 0x0E, 0xE0, 0x01, 0xDC, 0x00, 0x3B, 0x80, 
  0x0E, 0x38, 0x01, 0xC7, 0x00, 0x38, 0xE0, 0x0E, 0x0E, 0x01, 0xC1, 0xC0, 
  0x38, 0x38, 0x0E, 0x03, 0x81, 0xC0, 0x70, 0x3F, 0xFE, 0x0F, 0xFF, 0xE1, 
  0xC0, 0x1C, 0x38, 0x03, 0xCE, 0x00, 0x39, 0xC0, 0x07, 0x78, 0x00, 0xFE, 
  0x00, 0x0F, 0xC0, 0x01, 0xC0, 0x00, 0x3F, 0xFF, 0xF8, 0x01, 0xFF, 0xFF, 
  0xE0, 0x07, 0xFF, 0xFF, 0x80, 0x38, 0x70, 0x00, 0x00, 0xE1, 0xC0, 0x00, 
  0x03, 0x07, 0x00, 0x00, 0x1C, 0x1C, 0x00, 0x00, 0x70, 0x70, 0x00, 0x03, 
  0x81, 0xC0, 0x00, 0x0E, 0x07, 0x00, 0x00, 0x70, 0x1F, 0xFF, 0x81, 0xC0, 
  0x7F, 0xFE, 0x07, 0x01, 0xFF, 0xF8, 0x38, 0x07, 0x00, 0x00, 0xFF, 0xFC, 
  0x00, 0x07, 0xFF, 0xF0, 0x00, 0x1C, 0x01, 0xC0, 0x00, 0x70, 0x07, 0x00, 
  0x03, 0x80, 0x1C, 0x00, 0x0E, 0x00, 0x70, 0x00, 0x78, 0x01, 0xFF, 0xFD, 
  0xC0, 0x07, 0xFF, 0xF7, 0x00, 0x1F, 0xFF, 0xC0, 0x01, 0xFE, 0x00, 0x7F, 
  0xF8, 0x0F, 0x8F, 0xC1, 0xE0, 0x1C, 0x3C, 0x00, 0xE3, 0x80, 0x0E, 0x70, 
  0x00, 0x77, 0x00, 0x00, 0x70, 0x00, 0x07, 0x00, 0x00, 0x60, 0x00, 0x0E, 
  0x00, 0x00, 0xE0, 0x00, 0x06, 0x00, 0x00, 0x70, 0x00, 0x07, 0x00, 0x07, 
  0x70, 0x00, 0x77, 0x80, 0x0F, 0x38, 0x00, 0xE1, 0xC0, 0x1E, 0x1F, 0x03, 
  0xC0, 0xFF, 0xF8, 0x03, 0xFF, 0x00, 0x0F, 0x80, 0x00, 0x60, 0x00, 0x07, 
  0x80, 0x00, 0x1C, 0x00, 0x01, 0xC0, 0x03, 0xF8, 0x00, 0x0F, 0x00, 0x0E, 
  0x00, 0x07, 0x00, 0x03, 0x80, 0x01, 0x80, 0x00, 0xC0, 0x00, 0x00, 0xFF, 
  0xFF, 0xFF, 0xFF, 0xFF, 0xFF, 0xE0, 0x00, 0xE0, 0x00, 0xE0, 0x00, 0xE0, 
  0x00, 0xE0, 0x00, 0xE0, 0x00, 0xE0, 0x00, 0xFF, 0xFE, 0xFF, 0xFE, 0xFF, 
  0xFE, 0xE0, 0x00, 0xE0, 0x00, 0xE0, 0x00, 0xE0, 0x00, 0xE0, 0x00, 0xE0, 
  0x00, 0xE0, 0x00, 0xFF, 0xFF, 0xFF, 0xFF, 0xFF, 0xFF, 0x00, 0xF0, 0x01, 
  0xE0, 0x01, 0xC0, 0x03, 0x80, 0x03, 0x00, 0x00, 0x00, 0xFF, 0xFF, 0xFF, 
  0xFF, 0xFF, 0xFF, 0xE0, 0x00, 0xE0, 0x00, 0xE0, 0x00, 0xE0, 0x00, 0xE0, 
  0x00, 0xE0, 0x00, 0xE0, 0x00, 0xFF, 0xFE, 0xFF, 0xFE, 0xFF, 0xFE, 0xE0, 
  0x00, 0xE0, 0x00, 0xE0, 0x00, 0xE0, 0x00, 0xE0, 0x00, 0xE0, 0x00, 0xE0, 
  0x00, 0xFF, 0xFF, 0xFF, 0xFF, 0xFF, 0xFF, 0x03, 0xC0, 0x07, 0xC0, 0x06, 
  0xE0, 0x0C, 0x70, 0x18, 0x30, 0x00, 0x00, 0xFF, 0xFF, 0xFF, 0xFF, 0xFF, 
  0xFF, 0xE0, 0x00, 0xE0, 0x00, 0xE0, 0x00, 0xE0, 0x00, 0xE0, 0x00, 0xE0, 
  0x00, 0xE0, 0x00, 0xFF, 0xFE, 0xFF, 0xFE, 0xFF, 0xFE, 0xE0, 0x00, 0xE0, 
  0x00, 0xE0, 0x00, 0xE0, 0x00, 0xE0, 0x00, 0xE0, 0x00, 0xE0, 0x00, 0xFF, 
  0xFF, 0xFF, 0xFF, 0xFF, 0xFF, 0x1E, 0x70, 0x1E, 0x70, 0x1E, 0x70, 0x1E, 
  0x70, 0x00, 0x00, 0xFF, 0xFF, 0xFF, 0xFF, 0xFF, 0xFF, 0xE0, 0x00, 0xE0, 
  0x00, 0xE0, 0x00, 0xE0, 0x00, 0xE0, 0x00, 0xE0, 0x00, 0xE0, 0x00, 0xFF, 
  0xFE, 0xFF, 0xFE, 0xFF, 0xFE, 0xE0, 0x00, 0xE0, 0x00, 0xE0, 0x00, 0xE0, 
  0x00, 0xE0, 0x00, 0xE0, 0x00, 0xE0, 0x00, 0xFF, 0xFF, 0xFF, 0xFF, 0xFF, 
  0xFF, 0xF0, 0xF0, 0xE0, 0xE0, 0xC0, 0x07, 0x0E, 0x1C, 0x38, 0x70, 0xE1, 
  0xC3, 0x87, 0x0E, 0x1C, 0x38, 0x70, 0xE1, 0xC3, 0x87, 0x0E, 0x1C, 0x38, 
  0x70, 0xE1, 0xC0, 0x1C, 0x70, 0xC3, 0x0C, 0x00, 0x1C, 0x38, 0x70, 0xE1, 
  0xC3, 0x87, 0x0E, 0x1C, 0x38, 0x70, 0xE1, 0xC3, 0x87, 0x0E, 0x1C, 0x38, 
  0x70, 0xE1, 0xC3, 0x87, 0x00, 0x1C, 0x1F, 0x1D, 0xCC, 0x6C, 0x18, 0x00, 
  0x70, 0x38, 0x1C, 0x0E, 0x07, 0x03, 0x81, 0xC0, 0xE0, 0x70, 0x38, 0x1C, 
  0x0E, 0x07, 0x03, 0x81, 0xC0, 0xE0, 0x70, 0x38, 0x1C, 0x0E, 0x07, 0x03, 
  0x81, 0xC0, 0xF3, 0xF9, 0xFC, 0xFE, 0x70, 0x00, 0xE0, 0x70, 0x38, 0x1C, 
  0x0E, 0x07, 0x03, 0x81, 0xC0, 0xE0, 0x70, 0x38, 0x1C, 0x0E, 0x07, 0x03, 
  0x81, 0xC0, 0xE0, 0x70, 0x38, 0x1C, 0x0E, 0x07, 0x03, 0x80, 0x3F, 0xF8, 
  0x03, 0xFF, 0xE0, 0x3F, 0xFF, 0x83, 0x80, 0x7C, 0x38, 0x01, 0xC3, 0x80, 
  0x0E, 0x38, 0x00, 0xE3, 0x80, 0x0E, 0x38, 0x00, 0x73, 0x80, 0x07, 0xFF, 
  0xC0, 0x7F, 0xFC, 0x07, 0x38, 0x00, 0x73, 0x80, 0x07, 0x38, 0x00, 0x73, 
  0x80, 0x0E, 0x38, 0x00, 0xE3, 0x80, 0x0E, 0x38, 0x01, 0xC3, 0x80, 0x3C, 
  0x3F, 0xFF, 0x83, 0xFF, 0xF0, 0x3F, 0xFC, 0x00, 0x07, 0xCC, 0x01, 0xFF, 
  0x00, 0xC7, 0x80, 0x00, 0x00, 0xF0, 0x01, 0xFC, 0x00, 0x7F, 0x80, 0x1F, 
  0xF0, 0x07, 0xFC, 0x01, 0xFB, 0x80, 0x7E, 0xF0, 0x1F, 0x9C, 0x07, 0xE3, 
  0x81, 0xF8, 0xF0, 0x7E, 0x1C, 0x1F, 0x83, 0x87, 0xE0, 0xE1, 0xF8, 0x1C, 
  0x7E, 0x07, 0x9F, 0x80, 0xE7, 0xE0, 0x1D, 0xF8, 0x07, 0xFE, 0x00, 0xFF, 
  0x80, 0x1F, 0xE0, 0x07, 0xF8, 0x00, 0xFE, 0x00, 0x1C, 0x01, 0xC0, 0x00, 
  0x03, 0x80, 0x00, 0x07, 0x00, 0x00, 0x0C, 0x00, 0x00, 0x18, 0x00, 0x00, 
  0x00, 0x00, 0x1F, 0xE0, 0x01, 0xFF, 0xE0, 0x0F, 0xC7, 0xE0, 0x78, 0x07, 
  0xC3, 0xC0, 0x07, 0x0E, 0x00, 0x1E, 0x70, 0x00, 0x39, 0xC0, 0x00, 0x7E, 
  0x00, 0x01, 0xF8, 0x00, 0x07, 0xE0, 0x00, 0x1F, 0x80, 0x00, 0x7E, 0x00, 
  0x01, 0xF8, 0x00, 0x07, 0xE0, 0x00, 0x1D, 0xC0, 0x00, 0x77, 0x00, 0x03, 
  0x9E, 0x00, 0x0E, 0x38, 0x00, 0x78, 0xF0, 0x03, 0xC1, 0xF0, 0x3E, 0x03, 
  0xFF, 0xF0, 0x03, 0xFF, 0x80, 0x01, 0xF0, 0x00, 0x00, 0x0E, 0x00, 0x00, 
  0x70, 0x00, 0x03, 0x80, 0x00, 0x0C, 0x00, 0x00, 0x60, 0x00, 0x00, 0x00, 
  0x00, 0x1F, 0xE0, 0x01, 0xFF, 0xE0, 0x0F, 0xC7, 0xE0, 0x78, 0x07, 0xC3, 
  0xC0, 0x07, 0x0E, 0x00, 0x1E, 0x70, 0x00, 0x39, 0xC0, 0x00, 0x7E, 0x00, 
  0x01, 0xF8, 0x00, 0x07, 0xE0, 0x00, 0x1F, 0x80, 0x00, 0x7E, 0x00, 0x01, 
  0xF8, 0x00, 0x07, 0xE0, 0x00, 0x1D, 0xC0, 0x00, 0x77, 0x00, 0x03, 0x9E, 
  0x00, 0x0E, 0x38, 0x00, 0x78, 0xF0, 0x03, 0xC1, 0xF0, 0x3E, 0x03, 0xFF, 
  0xF0, 0x03, 0xFF, 0x80, 0x01, 0xF0, 0x00, 0x00, 0x78, 0x00, 0x01, 0xF0, 
  0x00, 0x0C, 0xC0, 0x00, 0x71, 0x80, 0x01, 0x83, 0x00, 0x00, 0x00, 0x00, 
  0x1F, 0xE0, 0x01, 0xFF, 0xE0, 0x0F, 0xC7, 0xE0, 0x78, 0x07, 0xC3, 0xC0, 
  0x07, 0x0E, 0x00, 0x1E, 0x70, 0x00, 0x39, 0xC0, 0x00, 0x7E, 0x00, 0x01, 
  0xF8, 0x00, 0x07, 0xE0, 0x00, 0x1F, 0x80, 0x00, 0x7E, 0x00, 0x01, 0xF8, 
  0x00, 0x07, 0xE0, 0x00, 0x1D, 0xC0, 0x00, 0x77, 0x00, 0x03, 0x9E, 0x00, 
  0x0E, 0x38, 0x00, 0x78, 0xF0, 0x03, 0xC1, 0xF0, 0x3E, 0x03, 0xFF, 0xF0, 
  0x03, 0xFF, 0x80, 0x01, 0xF0, 0x00, 0x00, 0xC3, 0x00, 0x07, 0xFC, 0x00, 
  0x1F, 0xE0, 0x00, 0xC1, 0x00, 0x00, 0x00, 0x00, 0x07, 0xF8, 0x00, 0x7F, 
  0xF8, 0x03, 0xF1, 0xF8, 0x1E, 0x01, 0xF0, 0xF0, 0x01, 0xC3, 0x80, 0x07, 
  0x9C, 0x00, 0x0E, 0x70, 0x00, 0x1F, 0x80, 0x00, 0x7E, 0x00, 0x01, 0xF8, 
  0x00, 0x07, 0xE0, 0x00, 0x1F, 0x80, 0x00, 0x7E, 0x00, 0x01, 0xF8, 0x00, 
  0x07, 0x70, 0x00, 0x1D, 0xC0, 0x00, 0xE7, 0x80, 0x03, 0x8E, 0x00, 0x1E, 
  0x3C, 0x00, 0xF0, 0x7C, 0x0F, 0x80, 0xFF, 0xFC, 0x00, 0xFF, 0xE0, 0x00, 
  0x7C, 0x00, 0x01, 0xCF, 0x00, 0x07, 0x3C, 0x00, 0x1C, 0xF0, 0x00, 0x73, 
  0xC0, 0x00, 0x00, 0x00, 0x07, 0xF8, 0x00, 0x7F, 0xF8, 0x03, 0xF1, 0xF8, 
  0x1E, 0x01, 0xF0, 0xF0, 0x01, 0xC3, 0x80, 0x07, 0x9C, 0x00, 0x0E, 0x70, 
  0x00, 0x1F, 0x80, 0x00, 0x7E, 0x00, 0x01, 0xF8, 0x00, 0x07, 0xE0, 0x00, 
  0x1F, 0x80, 0x00, 0x7E, 0x00, 0x01, 0xF8, 0x00, 0x07, 0x70, 0x00, 0x1D, 
  0xC0, 0x00, 0xE7, 0x80, 0x03, 0x8E, 0x00, 0x1E, 0x3C, 0x00, 0xF0, 0x7C, 
  0x0F, 0x80, 0xFF, 0xFC, 0x00, 0xFF, 0xE0, 0x00, 0x7C, 0x00, 0x40, 0x3E, 
  0x07, 0x70, 0xE3, 0x9C, 0x1F, 0x80, 0xF0, 0x0F, 0x01, 0xF8, 0x39, 0xC7, 
  0x0E, 0xE0, 0x74, 0x02, 0x00, 0x00, 0x00, 0x07, 0xF8, 0x30, 0x7F, 0xF9, 
  0x83, 0xF1, 0xFC, 0x1E, 0x01, 0xF0, 0xF0, 0x03, 0xC7, 0x80, 0x1F, 0x9C, 
  0x00, 0x6E, 0x70, 0x03, 0x3F, 0x80, 0x18, 0x7E, 0x00, 0xC1, 0xF8, 0x06, 
  0x07, 0xE0, 0x30, 0x1F, 0x81, 0x80, 0x7E, 0x0C, 0x01, 0xF8, 0x60, 0x07, 
  0x73, 0x80, 0x1D, 0xDC, 0x00, 0xE7, 0xE0, 0x03, 0x8F, 0x00, 0x1C, 0x3C, 
  0x00, 0xF0, 0xFC, 0x0F, 0x86, 0xFF, 0xFC, 0x30, 0xFF, 0xC0, 0x00, 0x7C, 
  0x00, 0x0F, 0x00, 0x03, 0x80, 0x00, 0xE0, 0x00, 0x38, 0x00, 0x0C, 0x00, 
  0x00, 0x03, 0x80, 0x0F, 0xC0, 0x07, 0xE0, 0x03, 0xF0, 0x01, 0xF8, 0x00, 
  0xFC, 0x00, 0x7E, 0x00, 0x3F, 0x00, 0x1F, 0x80, 0x0F, 0xC0, 0x07, 0xE0, 
  0x03, 0xF0, 0x01, 0xF8, 0x00, 0xFC, 0x00, 0x7E, 0x00, 0x3F, 0x00, 0x1F, 
  0x80, 0x0F, 0xC0, 0x07, 0xE0, 0x03, 0xF8, 0x03, 0x9E, 0x03, 0xC7, 0xFF, 
  0xC1, 0xFF, 0xC0, 0x1F, 0x00, 0x00, 0x70, 0x00, 0x70, 0x00, 0x30, 0x00, 
  0x30, 0x00, 0x30, 0x00, 0x00, 0x03, 0x80, 0x0F, 0xC0, 0x07, 0xE0, 0x03, 
  0xF0, 0x01, 0xF8, 0x00, 0xFC, 0x00, 0x7E, 0x00, 0x3F, 0x00, 0x1F, 0x80, 
  0x0F, 0xC0, 0x07, 0xE0, 0x03, 0xF0, 0x01, 0xF8, 0x00, 0xFC, 0x00, 0x7E, 
  0x00, 0x3F, 0x00, 0x1F, 0x80, 0x0F, 0xC0, 0x07, 0xE0, 0x03, 0xF8, 0x03, 
  0x9E, 0x03, 0xC7, 0xFF, 0xC1, 0xFF, 0xC0, 0x1F, 0x00, 0x01, 0xC0, 0x01, 
  0xF0, 0x01, 0xDC, 0x00, 0xC6, 0x00, 0xC1, 0x80, 0x00, 0x03, 0x80, 0x0F, 
  0xC0, 0x07, 0xE0, 0x03, 0xF0, 0x01, 0xF8, 0x00, 0xFC, 0x00, 0x7E, 0x00, 
  0x3F, 0x00, 0x1F, 0x80, 0x0F, 0xC0, 0x07, 0xE0, 0x03, 0xF0, 0x01, 0xF8, 
  0x00, 0xFC, 0x00, 0x7E, 0x00, 0x3F, 0x00, 0x1F, 0x80, 0x0F, 0xC0, 0x07, 
  0xE0, 0x03, 0xF8, 0x03, 0x9E, 0x03, 0xC7, 0xFF, 0xC1, 0xFF, 0xC0, 0x1F, 
  0x00, 0x0E, 0x38, 0x07, 0x1C, 0x03, 0x8E, 0x01, 0xC7, 0x00, 0x00, 0x07, 
  0x00, 0x1F, 0x80, 0x0F, 0xC0, 0x07, 0xE0, 0x03, 0xF0, 0x01, 0xF8, 0x00, 
  0xFC, 0x00, 0x7E, 0x00, 0x3F, 0x00, 0x1F, 0x80, 0x0F, 0xC0, 0x07, 0xE0, 
  0x03, 0xF0, 0x01, 0xF8, 0x00, 0xFC, 0x00, 0x7E, 0x00, 0x3F, 0x00, 0x1F, 
  0x80, 0x0F, 0xC0, 0x07, 0xF0, 0x07, 0x3C, 0x07, 0x8F, 0xFF, 0x83, 0xFF, 
  0x80, 0x3E, 0x00, 0x00, 0x1E, 0x00, 0x00, 0xE0, 0x00, 0x0E, 0x00, 0x00, 
  0xE0, 0x00, 0x06, 0x00, 0x00, 0x00, 0x01, 0xC0, 0x01, 0xEF, 0x00, 0x1E, 
  0x38, 0x00, 0xE1, 0xE0, 0x0F, 0x07, 0x80, 0x70, 0x1C, 0x07, 0x00, 0xF0, 
  0x38, 0x03, 0x83, 0x80, 0x0E, 0x3C, 0x00, 0x79, 0xC0, 0x01, 0xDC, 0x00, 
  0x07, 0xE0, 0x00, 0x3E, 0x00, 0x00, 0xE0, 0x00, 0x07, 0x00, 0x00, 0x38, 
  0x00, 0x01, 0xC0, 0x00, 0x0E, 0x00, 0x00, 0x70, 0x00, 0x03, 0x80, 0x00, 
  0x1C, 0x00, 0x00, 0xE0, 0x00, 0x07, 0x00, 0x00, 0xE0, 0x00, 0xE0, 0x00, 
  0xE0, 0x00, 0xE0, 0x00, 0xFF, 0xF0, 0xFF, 0xFC, 0xFF, 0xFE, 0xE0, 0x0F, 
  0xE0, 0x07, 0xE0, 0x07, 0xE0, 0x07, 0xE0, 0x07, 0xE0, 0x07, 0xE0, 0x0F, 
  0xE0, 0x7E, 0xFF, 0xFC, 0xFF, 0xF8, 0xE0, 0x00, 0xE0, 0x00, 0xE0, 0x00, 
  0xE0, 0x00, 0xE0, 0x00, 0xE0, 0x00, 0x07, 0xC0, 0x3F, 0xF0, 0x7F, 0xFC, 
  0x70, 0x1C, 0xE0, 0x0E, 0xE0, 0x0E, 0xE0, 0x0E, 0xE0, 0x0E, 0xE0, 0x1C, 
  0xE0, 0xF8, 0xE1, 0xF0, 0xE1, 0xFC, 0xE0, 0x1E, 0xE0, 0x0E, 0xE0, 0x07, 
  0xE0, 0x07, 0xE0, 0x07, 0xE0, 0x07, 0xE0, 0x07, 0xE0, 0x0E, 0xE0, 0x3E, 
  0xE3, 0xFC, 0xE3, 0xF0, 0x0E, 0x00, 0x07, 0x00, 0x03, 0x00, 0x01, 0x80, 
  0x00, 0xC0, 0x00, 0x00, 0x07, 0xE0, 0x1F, 0xF0, 0x3F, 0xF8, 0x70, 0x1C, 
  0x70, 0x1C, 0x00, 0x1C, 0x00, 0x1C, 0x00, 0xFC, 0x1F, 0xFC, 0x7F, 0x9C, 
  0x78, 0x1C, 0xE0, 0x1C, 0xE0, 0x1C, 0xE0, 0x1C, 0x70, 0x7C, 0x7F, 0xFF, 
  0x3F, 0xCF, 0x0F, 0x06, 0x00, 0xF0, 0x00, 0xE0, 0x01, 0xC0, 0x03, 0x80, 
  0x03, 0x00, 0x00, 0x00, 0x07, 0xE0, 0x1F, 0xF0, 0x3F, 0xF8, 0x70, 0x1C, 
  0x70, 0x1C, 0x00, 0x1C, 0x00, 0x1C, 0x00, 0xFC, 0x1F, 0xFC, 0x7F, 0x9C, 
  0x78, 0x1C, 0xE0, 0x1C, 0xE0, 0x1C, 0xE0, 0x1C, 0x70, 0x7C, 0x7F, 0xFF, 
  0x3F, 0xCF, 0x0F, 0x06, 0x03, 0x80, 0x07, 0xC0, 0x06, 0xE0, 0x0C, 0x60, 
  0x18, 0x30, 0x00, 0x00, 0x07, 0xE0, 0x1F, 0xF0, 0x3F, 0xF8, 0x70, 0x1C, 
  0x70, 0x1C, 0x00, 0x1C, 0x00, 0x1C, 0x00, 0xFC, 0x1F, 0xFC, 0x7F, 0x9C, 
  0x78, 0x1C, 0xE0, 0x1C, 0xE0, 0x1C, 0xE0, 0x1C, 0x70, 0x7C, 0x7F, 0xFF, 
  0x3F, 0xCF, 0x0F, 0x06, 0x0F, 0x30, 0x1F, 0xF0, 0x18, 0xE0, 0x00, 0x00, 
  0x00, 0x00, 0x07, 0xE0, 0x1F, 0xF0, 0x3F, 0xF8, 0x70, 0x1C, 0x70, 0x1C, 
  0x00, 0x1C, 0x00, 0x1C, 0x00, 0xFC, 0x1F, 0xFC, 0x7F, 0x9C, 0x78, 0x1C, 
  0xE0, 0x1C, 0xE0, 0x1C, 0xE0, 0x1C, 0x70, 0x7C, 0x7F, 0xFF, 0x3F, 0xCF, 
  0x0F, 0x06, 0x1E, 0x70, 0x1E, 0x70, 0x1E, 0x70, 0x00, 0x00, 0x00, 0x00, 
  0x00, 0x00, 0x07, 0xE0, 0x1F, 0xF0, 0x3F, 0xF8, 0x70, 0x1C, 0x70, 0x1C, 
  0x00, 0x1C, 0x00, 0x1C, 0x00, 0xFC, 0x1F, 0xFC, 0x7F, 0x9C, 0x78, 0x1C, 
  0xE0, 0x1C, 0xE0, 0x1C, 0xE0, 0x1C, 0x70, 0x7C, 0x7F, 0xFF, 0x3F, 0xCF, 
  0x0F, 0x06, 0x03, 0xC0, 0x07, 0xC0, 0x0E, 0x60, 0x0C, 0x60, 0x07, 0xE0, 
  0x07, 0xC0, 0x00, 0x00, 0x07, 0xE0, 0x1F, 0xF0, 0x3F, 0xF8, 0x70, 0x1C, 
  0x70, 0x1C, 0x00, 0x1C, 0x00, 0x1C, 0x00, 0xFC, 0x1F, 0xFC, 0x7F, 0x9C, 
  0x78, 0x1C, 0xE0, 0x1C, 0xE0, 0x1C, 0xE0, 0x1C, 0x70, 0x7C, 0x7F, 0xFF, 
  0x3F, 0xCF, 0x0F, 0x06, 0x07, 0xC0, 0xF8, 0x07, 0xFC, 0xFF, 0x83, 0xFF, 
  0xFF, 0xF1, 0xC0, 0x7C, 0x1E, 0x70, 0x1E, 0x03, 0x80, 0x07, 0x00, 0x60, 
  0x01, 0xC0, 0x1C, 0x03, 0xF0, 0x07, 0x1F, 0xFF, 0xFF, 0xCF, 0xE7, 0xFF, 
  0xF7, 0x81, 0xC0, 0x03, 0x80, 0x70, 0x00, 0xE0, 0x1C, 0x01, 0xB8, 0x0F, 
  0x80, 0xE7, 0x07, 0xF0, 0x79, 0xFF, 0x9F, 0xFC, 0x3F, 0xC3, 0xFE, 0x03, 
  0x80, 0x3E, 0x00, 0x07, 0xC0, 0x7F, 0xC3, 0xFF, 0x9E, 0x0E, 0x70, 0x1B, 
  0x80, 0x7E, 0x00, 0x38, 0x00, 0xE0, 0x03, 0x80, 0x0E, 0x00, 0x38, 0x07, 
  0xE0, 0x1D, 0xC0, 0x77, 0x83, 0x8F, 0xFC, 0x1F, 0xE0, 0x1E, 0x00, 0x20, 
  0x01, 0xF0, 0x00, 0xC0, 0x03, 0x01, 0xFC, 0x01, 0xC0, 0x0E, 0x00, 0x0E, 
  0x00, 0x0C, 0x00, 0x0C, 0x00, 0x0C, 0x00, 0x00, 0x01, 0xF0, 0x0F, 0xF8, 
  0x3F, 0xF8, 0x70, 0x79, 0xC0, 0x73, 0x00, 0x7E, 0x00, 0xFC, 0x01, 0xFF, 
  0xFF, 0xFF, 0xFF, 0xE0, 0x01, 0xC0, 0x01, 0x80, 0x3B, 0x80, 0xE3, 0x83, 
  0xC7, 0xFF, 0x07, 0xFC, 0x01, 0xC0, 0x00, 0xF0, 0x01, 0xC0, 0x07, 0x00, 
  0x1C, 0x00, 0x30, 0x00, 0x00, 0x01, 0xF0, 0x0F, 0xF8, 0x3F, 0xF8, 0x70, 
  0x79, 0xC0, 0x73, 0x00, 0x7E, 0x00, 0xFC, 0x01, 0xFF, 0xFF, 0xFF, 0xFF, 
  0xE0, 0x01, 0xC0, 0x01, 0x80, 0x3B, 0x80, 0xE3, 0x83, 0xC7, 0xFF, 0x07, 
  0xFC, 0x01, 0xC0, 0x03, 0xC0, 0x07, 0x80, 0x1B, 0x80, 0x73, 0x80, 0xC3, 
  0x00, 0x00, 0x01, 0xF0, 0x0F, 0xF8, 0x3F, 0xF8, 0x70, 0x79, 0xC0, 0x73, 
  0x00, 0x7E, 0x00, 0xFC, 0x01, 0xFF, 0xFF, 0xFF, 0xFF, 0xE0, 0x01, 0xC0, 
  0x01, 0x80, 0x3B, 0x80, 0xE3, 0x83, 0xC7, 0xFF, 0x07, 0xFC, 0x01, 0xC0, 
  0x1E, 0x70, 0x3C, 0xE0, 0x79, 0xC0, 0x00, 0x00, 0x00, 0x00, 0x00, 0x01, 
  0xF0, 0x0F, 0xF8, 0x3F, 0xF8, 0x70, 0x79, 0xC0, 0x73, 0x00, 0x7E, 0x00, 
  0xFC, 0x01, 0xFF, 0xFF, 0xFF, 0xFF, 0xE0, 0x01, 0xC0, 0x01, 0x80, 0x3B, 
  0x80, 0xE3, 0x83, 0xC7, 0xFF, 0x07, 0xFC, 0x01, 0xC0, 0xF0, 0xE0, 0xE0, 
  0xE0, 0xC0, 0x00, 0x0C, 0x18, 0x30, 0x60, 0xC1, 0x83, 0x06, 0x0C, 0x18, 
  0x30, 0x60, 0xC1, 0x83, 0x06, 0x00, 0x1C, 0x70, 0xC3, 0x0C, 0x00, 0x00, 
  0x18, 0x30, 0x60, 0xC1, 0x83, 0x06, 0x0C, 0x18, 0x30, 0x60, 0xC1, 0x83, 
  0x06, 0x0C, 0x00, 0x1C, 0x1F, 0x1D, 0x8C, 0x6C, 0x38, 0x00, 0x00, 0x30, 
  0x18, 0x0C, 0x06, 0x03, 0x01, 0x80, 0xC0, 0x60, 0x30, 0x18, 0x0C, 0x06, 
  0x03, 0x01, 0x80, 0xC0, 0x60, 0xF3, 0xF9, 0xFC, 0xE0, 0x00, 0x00, 0x00, 
  0x00, 0x18, 0x0C, 0x06, 0x03, 0x01, 0x80, 0xC0, 0x60, 0x30, 0x18, 0x0C, 
  0x06, 0x03, 0x01, 0x80, 0xC0, 0x60, 0x30, 0x38, 0x40, 0x7B, 0xC0, 0x3E, 
  0x00, 0xFC, 0x03, 0x1C, 0x00, 0x1C, 0x01, 0xDC, 0x0F, 0xFC, 0x3F, 0xF8, 
  0xF0, 0x79, 0xC0, 0x77, 0x00, 0x7E, 0x00, 0xFC, 0x01, 0xF8, 0x03, 0xF0, 
  0x07, 0xE0, 0x0F, 0xC0, 0x1D, 0xC0, 0x3B, 0x80, 0xE7, 0x83, 0xC7, 0xFF, 
  0x07, 0xFC, 0x01, 0xE0, 0x1E, 0x31, 0xFF, 0x0C, 0xF8, 0x00, 0x00, 0x00, 
  0x01, 0xE3, 0xBF, 0xDF, 0xDF, 0xF0, 0x3F, 0x81, 0xF8, 0x07, 0xC0, 0x3E, 
  0x01, 0xF0, 0x0F, 0x80, 0x7C, 0x03, 0xE0, 0x1F, 0x00, 0xF8, 0x07, 0xC0, 
  0x3E, 0x01, 0xF0, 0x0C, 0x1E, 0x00, 0x1E, 0x00, 0x1C, 0x00, 0x1C, 0x00, 
  0x18, 0x00, 0x00, 0x01, 0xF0, 0x0F, 0xF8, 0x3F, 0xF8, 0xF0, 0x79, 0xC0, 
  0x73, 0x00, 0x7E, 0x00, 0xFC, 0x01, 0xF8, 0x03, 0xF0, 0x07, 0xE0, 0x0F, 
  0xC0, 0x1D, 0x80, 0x33, 0x80, 0xE7, 0x83, 0xC7, 0xFF, 0x07, 0xFC, 0x01, 
  0xC0, 0x00, 0xF0, 0x03, 0xC0, 0x07, 0x00, 0x1C, 0x00, 0x60, 0x00, 0x00, 
  0x01, 0xF0, 0x0F, 0xF8, 0x3F, 0xF8, 0xF0, 0x79, 0xC0, 0x73, 0x00, 0x7E, 
  0x00, 0xFC, 0x01, 0xF8, 0x03, 0xF0, 0x07, 0xE0, 0x0F, 0xC0, 0x1D, 0x80, 
  0x33, 0x80, 0xE7, 0x83, 0xC7, 0xFF, 0x07, 0xFC, 0x01, 0xC0, 0x03, 0x80, 
  0x0F, 0x80, 0x1B, 0x80, 0x63, 0x01, 0x83, 0x00, 0x00, 0x01, 0xF0, 0x0F, 
  0xF8, 0x3F, 0xF8, 0xF0, 0x79, 0xC0, 0x73, 0x00, 0x7E, 0x00, 0xFC, 0x01, 
  0xF8, 0x03, 0xF0, 0x07, 0xE0, 0x0F, 0xC0, 0x1D, 0x80, 0x33, 0x80, 0xE7, 
  0x83, 0xC7, 0xFF, 0x07, 0xFC, 0x01, 0xC0, 0x0F, 0x30, 0x3F, 0xE0, 0x67, 
  0x80, 0x00, 0x00, 0x00, 0x00, 0xF8, 0x07, 0xFC, 0x1F, 0xFC, 0x78, 0x3C, 
  0xE0, 0x39, 0x80, 0x3F, 0x00, 0x7E, 0x00, 0xFC, 0x01, 0xF8, 0x03, 0xF0, 
  0x07, 0xE0, 0x0E, 0xC0, 0x19, 0xC0, 0x73, 0xC1, 0xE3, 0xFF, 0x83, 0xFE, 
  0x00, 0xE0, 0x00, 0x1C, 0x70, 0x38, 0xE0, 0x71, 0xC0, 0x00, 0x00, 0x00, 
  0x00, 0x00, 0x01, 0xF0, 0x0F, 0xF8, 0x3F, 0xF8, 0xF0, 0x79, 0xC0, 0x73, 
  0x00, 0x7E, 0x00, 0xFC, 0x01, 0xF8, 0x03, 0xF0, 0x07, 0xE0, 0x0F, 0xC0, 
  0x1D, 0x80, 0x33, 0x80, 0xE7, 0x83, 0xC7, 0xFF, 0x07, 0xFC, 0x01, 0xC0, 
  0x03, 0x80, 0x07, 0x00, 0x0E, 0x00, 0x00, 0x00, 0x00, 0x00, 0x00, 0x00, 
  0x00, 0x7F, 0xFF, 0xFF, 0xFE, 0x00, 0x00, 0x00, 0x00, 0x00, 0x00, 0x38, 
  0x00, 0x70, 0x00, 0xE0, 0x00, 0x07, 0xC2, 0x1F, 0xF6, 0x3F, 0xFC, 0x78, 
  0x3C, 0x70, 0x1C, 0x60, 0x3E, 0xE0, 0x6E, 0xE0, 0xCE, 0xE1, 0x8E, 0xE3, 
  0x0E, 0xE6, 0x0E, 0xEC, 0x0E, 0x68, 0x0C, 0x78, 0x1C, 0x78, 0x3C, 0x7F, 
  0xF8, 0xDF, 0xF0, 0x83, 0xC0, 0x3C, 0x00, 0xE0, 0x03, 0x80, 0x0E, 0x00, 
  0x30, 0x00, 0x00, 0x00, 0x1C, 0x07, 0xE0, 0x3F, 0x01, 0xF8, 0x0F, 0xC0, 
  0x7E, 0x03, 0xF0, 0x1F, 0x80, 0xFC, 0x07, 0xE0, 0x3F, 0x01, 0xF8, 0x0F, 
  0xC0, 0x7E, 0x07, 0xBF, 0xED, 0xFE, 0x61, 0xC0, 0x01, 0xC0, 0x1C, 0x00, 
  0xC0, 0x0C, 0x00, 0xC0, 0x00, 0x00, 0x00, 0x1C, 0x07, 0xE0, 0x3F, 0x01, 
  0xF8, 0x0F, 0xC0, 0x7E, 0x03, 0xF0, 0x1F, 0x80, 0xFC, 0x07, 0xE0, 0x3F, 
  0x01, 0xF8, 0x0F, 0xC0, 0x7E, 0x07, 0xBF, 0xED, 0xFE, 0x61, 0xC0, 0x07, 
  0x00, 0x7C, 0x03, 0x70, 0x31, 0x83, 0x06, 0x00, 0x00, 0x00, 0x1C, 0x07, 
  0xE0, 0x3F, 0x01, 0xF8, 0x0F, 0xC0, 0x7E, 0x03, 0xF0, 0x1F, 0x80, 0xFC, 
  0x07, 0xE0, 0x3F, 0x01, 0xF8, 0x0F, 0xC0, 0x7E, 0x07, 0xBF, 0xED, 0xFE, 
  0x61, 0xC0, 0x38, 0xE1, 0xC7, 0x0E, 0x38, 0x00, 0x00, 0x00, 0x00, 0x00, 
  0x00, 0x1C, 0x07, 0xE0, 0x3F, 0x01, 0xF8, 0x0F, 0xC0, 0x7E, 0x03, 0xF0, 
  0x1F, 0x80, 0xFC, 0x07, 0xE0, 0x3F, 0x01, 0xF8, 0x0F, 0xC0, 0x7E, 0x07, 
  0xBF, 0xED, 0xFE, 0x61, 0xC0, 0x01, 0xE0, 0x07, 0x00, 0x38, 0x01, 0xC0, 
  0x06, 0x00, 0x00, 0x00, 0x00, 0x38, 0x07, 0xE0, 0x39, 0x80, 0xE7, 0x03, 
  0x9C, 0x1C, 0x30, 0x70, 0xE1, 0x83, 0x8E, 0x06, 0x38, 0x1C, 0xC0, 0x77, 
  0x00, 0xDC, 0x03, 0xE0, 0x0F, 0x80, 0x1C, 0x00, 0x70, 0x01, 0xC0, 0x06, 
  0x00, 0x38, 0x00, 0xE0, 0x1F, 0x00, 0x78, 0x01, 0xC0, 0x00, 0xC0, 0x03, 
  0x00, 0x0C, 0x00, 0x30, 0x00, 0xC0, 0x03, 0x1E, 0x0D, 0xFE, 0x3F, 0xFC, 
  0xF0, 0x7B, 0x80, 0xFE, 0x01, 0xF8, 0x07, 0xC0, 0x1F, 0x00, 0x3C, 0x00, 
  0xF0, 0x07, 0xE0, 0x1F, 0x80, 0x7F, 0x03, 0xFC, 0x1E, 0xFF, 0xF3, 0x3F, 
  0x8C, 0x38, 0x30, 0x00, 0xC0, 0x03, 0x00, 0x0C, 0x00, 0x30, 0x00, 0xC0, 
  0x00, 0x3C, 0xE0, 0xF3, 0x83, 0xCE, 0x00, 0x00, 0x00, 0x00, 0x00, 0x00, 
  0x00, 0x38, 0x07, 0xE0, 0x39, 0x80, 0xE7, 0x03, 0x9C, 0x1C, 0x30, 0x70, 
  0xE1, 0x83, 0x8E, 0x06, 0x38, 0x1C, 0xC0, 0x77, 0x00, 0xDC, 0x03, 0xE0, 
  0x0F, 0x80, 0x1C, 0x00, 0x70, 0x01, 0xC0, 0x06, 0x00, 0x38, 0x00, 0xE0, 
  0x1F, 0x00, 0x78, 0x01, 0xC0, 0x00, 
};

const GFXglyph FreeSans16pt8bGlyphs[] PROGMEM = {
  { 0, 1, 1, 9, 0, -1 },
  { 1, 3, 23, 9, 4, -23 },
  { 10, 8, 7, 11, 2, -22 },
  { 17, 17, 23, 17, 0, -22 },
  { 66, 15, 28, 17, 1, -24 },
  { 119, 26, 23, 28, 1, -22 },
  { 194, 18, 23, 21, 2, -22 },
  { 246, 3, 7, 6, 1, -22 },
  { 249, 7, 30, 10, 2, -23 },
  { 276, 7, 30, 10, 1, -23 },
  { 303, 10, 9, 12, 1, -23 },
  { 315, 15, 15, 18, 2, -15 },
  { 344, 3, 8, 9, 3, -3 },
  { 347, 8, 2, 10, 1, -10 },
  { 349, 3, 3, 9, 3, -3 },
  { 351, 9, 24, 9, 0, -23 },
  { 378, 15, 23, 17, 1, -22 },
  { 422, 8, 22, 17, 3, -22 },
  { 444, 15, 22, 17, 1, -22 },
  { 486, 15, 23, 17, 1, -22 },
  { 530, 15, 22, 17, 1, -22 },
  { 572, 15, 23, 17, 1, -22 },
  { 616, 15, 23, 17, 1, -22 },
  { 660, 15, 22, 17, 1, -22 },
  { 702, 15, 23, 17, 1, -22 },
  { 746, 15, 23, 17, 1, -22 },
  { 790, 4, 16, 9, 3, -16 },
  { 798, 4, 21, 9, 3, -16 },
  { 809, 16, 15, 18, 1, -15 },
  { 839, 15, 8, 18, 2, -11 },
  { 854, 15, 15, 18, 2, -15 },
  { 883, 14, 23, 17, 2, -23 },
  { 924, 29, 27, 32, 1, -23 },
  { 1022, 19, 23, 21, 1, -23 },
  { 1077, 18, 23, 21, 2, -23 },
  { 1129, 20, 24, 23, 1, -23 },
  { 1189, 18, 23, 23, 3, -23 },
  { 1241, 16, 23, 21, 3, -23 },
  { 1287, 15, 23, 19, 3, -23 },
  { 1331, 21, 24, 24, 1, -23 },
  { 1394, 17, 23, 23, 3, -23 },
  { 1443, 3, 23, 9, 3, -23 },
  { 1452, 12, 24, 16, 1, -23 },
  { 1488, 19, 23, 21, 2, -23 },
  { 1543, 15, 23, 17, 2, -23 },
  { 1587, 22, 23, 26, 2, -23 },
  { 1651, 18, 23, 23, 2, -23 },
  { 1703, 22, 24, 24, 1, -23 },
  { 1769, 16, 23, 21, 3, -23 },
  { 1815, 22, 25, 24, 1, -23 },
  { 1884, 18, 23, 23, 3, -23 },
  { 1936, 18, 24, 21, 1, -23 },
  { 1990, 18, 23, 19, 1, -23 },
  { 2042, 17, 24, 23, 3, -23 },
  { 2093, 19, 23, 21, 1, -23 },
  { 2148, 28, 23, 30, 1, -23 },
  { 2229, 19, 23, 21, 1, -23 },
  { 2284, 21, 23, 21, 0, -23 },
  { 2345, 17, 23, 19, 1, -23 },
  { 2394, 6, 30, 9, 2, -23 },
  { 2417, 9, 24, 9, 0, -23 },
  { 2444, 6, 30, 9, 1, -23 },
  { 2467, 12, 12, 15, 1, -22 },
  { 2485, 19, 2, 17, -1, 4 },
  { 2490, 6, 4, 10, 1, -23 },
  { 2493, 16, 18, 17, 1, -17 },
  { 2529, 14, 24, 17, 2, -23 },
  { 2571, 14, 18, 16, 1, -17 },
  { 2603, 15, 24, 17, 1, -23 },
  { 2648, 15, 18, 17, 1, -17 },
  { 2682, 7, 23, 9, 1, -23 },
  { 2703, 14, 24, 17, 1, -17 },
  { 2745, 13, 23, 17, 2, -23 },
  { 2783, 3, 23, 7, 2, -23 },
  { 2792, 6, 30, 7, -1, -23 },
  { 2815, 14, 23, 16, 2, -23 },
  { 2856, 3, 23, 7, 2, -23 },
  { 2865, 22, 17, 26, 2, -17 },
  { 2912, 13, 17, 17, 2, -17 },
  { 2940, 15, 18, 17, 1, -17 },
  { 2974, 14, 24, 17, 2, -17 },
  { 3016, 15, 24, 17, 1, -17 },
  { 3061, 8, 17, 10, 2, -17 },
  { 3078, 13, 18, 16, 1, -17 },
  { 3108, 8, 22, 9, 0, -21 },
  { 3130, 13, 17, 17, 2, -16 },
  { 3158, 15, 16, 16, 0, -16 },
  { 3188, 22, 16, 23, 0, -16 },
  { 3232, 14, 16, 16, 1, -16 },
  { 3260, 14, 23, 16, 1, -16 },
  { 3301, 13, 16, 16, 1, -16 },
  { 3327, 8, 30, 10, 1, -23 },
  { 3357, 2, 30, 8, 3, -23 },
  { 3365, 7, 30, 10, 1, -23 },
  { 3392, 14, 6, 18, 2, -14 },
  { 3403, 16, 23, 22, 3, -23 },
  { 3449, 16, 23, 22, 3, -23 },
  { 3495, 16, 23, 22, 3, -23 },
  { 3541, 16, 23, 22, 3, -23 },
  { 3587, 16, 23, 22, 3, -23 },
  { 3633, 16, 23, 22, 3, -23 },
  { 3679, 16, 23, 22, 3, -23 },
  { 3725, 16, 23, 22, 3, -23 },
  { 3771, 16, 23, 22, 3, -23 },
  { 3817, 16, 23, 22, 3, -23 },
  { 3863, 16, 23, 22, 3, -23 },
  { 3909, 16, 23, 22, 3, -23 },
  { 3955, 16, 23, 22, 3, -23 },
  { 4001, 16, 23, 22, 3, -23 },
  { 4047, 16, 23, 22, 3, -23 },
  { 4093, 16, 23, 22, 3, -23 },
  { 4139, 16, 23, 22, 3, -23 },
  { 4185, 16, 23, 22, 3, -23 },
  { 4231, 16, 23, 22, 3, -23 },
  { 4277, 16, 23, 22, 3, -23 },
  { 4323, 16, 23, 22, 3, -23 },
  { 4369, 16, 23, 22, 3, -23 },
  { 4415, 16, 23, 22, 3, -23 },
  { 4461, 16, 23, 22, 3, -23 },
  { 4507, 16, 23, 22, 3, -23 },
  { 4553, 16, 23, 22, 3, -23 },
  { 4599, 16, 23, 22, 3, -23 },
  { 4645, 16, 23, 22, 3, -23 },
  { 4691, 16, 23, 22, 3, -23 },
  { 4737, 16, 23, 22, 3, -23 },
  { 4783, 16, 23, 22, 3, -23 },
  { 4829, 16, 23, 22, 3, -23 },
  { 4875, 16, 23, 22, 3, -23 },
  { 4921, 1, 1, 9, 0, -1 },
  { 4922, 2, 22, 9, 4, -16 },
  { 4928, 14, 24, 17, 2, -20 },
  { 4970, 16, 24, 17, 1, -23 },
  { 5018, 13, 13, 17, 2, -17 },
  { 5040, 17, 22, 17, 0, -22 },
  { 5087, 2, 30, 8, 3, -23 },
  { 5095, 15, 30, 17, 1, -23 },
  { 5152, 9, 3, 10, 1, -22 },
  { 5156, 24, 24, 23, 0, -23 },
  { 5228, 9, 14, 12, 1, -23 },
  { 5244, 12, 11, 14, 1, -14 },
  { 5261, 16, 9, 18, 1, -12 },
  { 5279, 8, 2, 10, 1, -10 },
  { 5281, 24, 24, 23, 0, -23 },
  { 5353, 8, 2, 10, 1, -22 },
  { 5355, 9, 9, 19, 5, -21 },
  { 5366, 15, 20, 18, 2, -20 },
  { 5404, 9, 13, 11, 1, -22 },
  { 5419, 10, 14, 11, 0, -22 },
  { 5437, 6, 4, 10, 3, -23 },
  { 5440, 15, 23, 17, 2, -16 },
  { 5484, 15, 29, 17, 1, -23 },
  { 5539, 3, 3, 9, 3, -10 },
  { 5541, 8, 7, 10, 1, 0 },
  { 5548, 5, 13, 11, 2, -22 },
  { 5557, 9, 14, 11, 1, -23 },
  { 5573, 12, 11, 14, 1, -14 },
  { 5590, 25, 23, 27, 2, -22 },
  { 5662, 24, 23, 27, 2, -22 },
  { 5731, 25, 23, 28, 1, -22 },
  { 5803, 14, 23, 17, 3, -16 },
  { 5844, 19, 29, 21, 1, -29 },
  { 5913, 19, 29, 21, 1, -29 },
  { 5982, 19, 29, 21, 1, -29 },
  { 6051, 19, 28, 21, 1, -28 },
  { 6118, 19, 28, 21, 1, -28 },
  { 6185, 19, 30, 21, 1, -30 },
  { 6257, 30, 23, 31, 0, -23 },
  { 6344, 20, 30, 23, 1, -23 },
  { 6419, 16, 29, 21, 3, -29 },
  { 6477, 16, 29, 21, 3, -29 },
  { 6535, 16, 29, 21, 3, -29 },
  { 6593, 16, 28, 21, 3, -28 },
  { 6649, 7, 29, 9, 0, -29 },
  { 6675, 7, 29, 9, 2, -29 },
  { 6701, 9, 29, 9, 0, -29 },
  { 6734, 9, 28, 9, 0, -28 },
  { 6766, 20, 23, 23, 1, -23 },
  { 6824, 18, 27, 23, 2, -27 },
  { 6885, 22, 30, 24, 1, -29 },
  { 6968, 22, 30, 24, 1, -29 },
  { 7051, 22, 30, 24, 1, -29 },
  { 7134, 22, 29, 24, 1, -28 },
  { 7214, 22, 29, 24, 1, -28 },
  { 7294, 12, 12, 18, 3, -13 },
  { 7312, 22, 25, 24, 1, -24 },
  { 7381, 17, 30, 23, 3, -29 },
  { 7445, 17, 30, 23, 3, -29 },
  { 7509, 17, 30, 23, 3, -29 },
  { 7573, 17, 29, 23, 3, -28 },
  { 7635, 21, 29, 21, 0, -29 },
  { 7712, 16, 23, 21, 3, -23 },
  { 7758, 16, 23, 19, 2, -23 },
  { 7804, 16, 24, 17, 1, -23 },
  { 7852, 16, 24, 17, 1, -23 },
  { 7900, 16, 24, 17, 1, -23 },
  { 7948, 16, 23, 17, 1, -22 },
  { 7994, 16, 24, 17, 1, -23 },
  { 8042, 16, 25, 17, 1, -24 },
  { 8092, 26, 18, 28, 1, -17 },
  { 8151, 14, 24, 16, 1, -17 },
  { 8193, 15, 24, 17, 1, -23 },
  { 8238, 15, 24, 17, 1, -23 },
  { 8283, 15, 24, 17, 1, -23 },
  { 8328, 15, 24, 17, 1, -23 },
  { 8373, 7, 23, 8, 0, -23 },
  { 8394, 7, 23, 8, 1, -23 },
  { 8415, 9, 23, 8, 0, -23 },
  { 8441, 9, 23, 8, -1, -23 },
  { 8467, 15, 24, 17, 1, -23 },
  { 8512, 13, 22, 17, 2, -22 },
  { 8548, 15, 24, 17, 1, -23 },
  { 8593, 15, 24, 17, 1, -23 },
  { 8638, 15, 24, 17, 1, -23 },
  { 8683, 15, 23, 17, 1, -22 },
  { 8727, 15, 24, 17, 1, -23 },
  { 8772, 15, 15, 18, 2, -15 },
  { 8801, 16, 18, 19, 1, -17 },
  { 8837, 13, 24, 17, 2, -23 },
  { 8876, 13, 24, 17, 2, -23 },
  { 8915, 13, 24, 17, 2, -23 },
  { 8954, 13, 24, 17, 2, -23 },
  { 8993, 14, 30, 16, 1, -23 },
  { 9046, 14, 29, 17, 2, -22 },
  { 9097, 14, 30, 16, 1, -23 },
};

const GFXfont FreeSans16pt8b PROGMEM = {
  (uint8_t *)FreeSans16pt8bBitmaps,
  (GFXglyph *)FreeSans16pt8bGlyphs,
  0x20, 0xFF, 44
};

const uint8_t FreeSansBold20pt8bBitmaps[] PROGMEM = {
  0x00, 0xFF, 0xFF, 0xFF, 0xFF, 0xFF, 0xFF, 0xFD, 0xF7, 0xDF, 0x7D, 0xE7, 
  0x9E, 0x38, 0xE3, 0x8E, 0x00, 0x0F, 0xFF, 0xFF, 0xFF, 0xFF, 0xF8, 0x7F, 
  0xF0, 0xFF, 0xE1, 0xFF, 0xC3, 0xFF, 0x87, 0xFF, 0x0F, 0xFE, 0x1F, 0x3C, 
  0x1E, 0x70, 0x3C, 0xE0, 0x71, 0xC0, 0x60, 0x01, 0xE1, 0xE0, 0x07, 0x87, 
  0x80, 0x1E, 0x1E, 0x00, 0xF8, 0x78, 0x03, 0xC3, 0xE0, 0x0F, 0x0F, 0x00, 
  0x3C, 0x3C, 0x1F, 0xFF, 0xFF, 0x7F, 0xFF, 0xFD, 0xFF, 0xFF, 0xF0, 0x78, 
  0x78, 0x01, 0xE1, 0xE0, 0x07, 0x87, 0x80, 0x3E, 0x1E, 0x00, 0xF0, 0xF8, 
  0x03, 0xC3, 0xC0, 0xFF, 0xFF, 0xF3, 0xFF, 0xFF, 0xCF, 0xFF, 0xFF, 0x3F, 
  0xFF, 0xFC, 0x1E, 0x1E, 0x00, 0x78, 0x78, 0x01, 0xE1, 0xE0, 0x0F, 0x87, 
  0x80, 0x3C, 0x3E, 0x00, 0xF0, 0xF0, 0x03, 0xC3, 0xC0, 0x0F, 0x0F, 0x00, 
  0x00, 0x60, 0x00, 0x06, 0x00, 0x01, 0xF8, 0x00, 0xFF, 0xF0, 0x1F, 0xFF, 
  0x83, 0xFF, 0xFC, 0x7F, 0x6F, 0xC7, 0xC6, 0x7E, 0x7C, 0x63, 0xE7, 0x86, 
  0x3E, 0x78, 0x63, 0xE7, 0xC6, 0x00, 0x7E, 0x60, 0x07, 0xFE, 0x00, 0x3F, 
  0xF8, 0x01, 0xFF, 0xE0, 0x0F, 0xFF, 0x80, 0x3F, 0xFC, 0x00, 0x7F, 0xE0, 
  0x06, 0xFE, 0x00, 0x63, 0xE0, 0x06, 0x3F, 0xF8, 0x63, 0xFF, 0x86, 0x3F, 
  0xFC, 0x63, 0xEF, 0xC6, 0x7E, 0x7F, 0x6F, 0xE3, 0xFF, 0xFC, 0x3F, 0xFF, 
  0x80, 0xFF, 0xF0, 0x03, 0xF8, 0x00, 0x06, 0x00, 0x00, 0x60, 0x00, 0x06, 
  0x00, 0x00, 0x60, 0x00, 0x00, 0x00, 0x01, 0xC0, 0x0F, 0xF0, 0x01, 0xC0, 
  0x0F, 0xFC, 0x01, 0xC0, 0x0F, 0xFF, 0x00, 0xE0, 0x07, 0xFF, 0x80, 0xE0, 
  0x07, 0xC3, 0xE0, 0x70, 0x03, 0xC0, 0xF0, 0x70, 0x01, 0xE0, 0x78, 0x38, 
  0x00, 0xF0, 0x3C, 0x38, 0x00, 0x78, 0x1E, 0x1C, 0x00, 0x3E, 0x1F, 0x1C, 
  0x00, 0x0F, 0xFF, 0x0E, 0x00, 0x03, 0xFF, 0x0E, 0x00, 0x00, 0xFF, 0x07, 
  0x00, 0x00, 0x1E, 0x07, 0x03, 0xC0, 0x00, 0x07, 0x0F, 0xF8, 0x00, 0x03, 
  0x8F, 0xFE, 0x00, 0x03, 0x8F, 0xFF, 0x80, 0x01, 0xC7, 0xC7, 0xC0, 0x01, 
  0xC3, 0xC1, 0xF0, 0x00, 0xE3, 0xC0, 0x78, 0x00, 0xE1, 0xE0, 0x3C, 0x00, 
  0x70, 0xF0, 0x1E, 0x00, 0x70, 0x3C, 0x1E, 0x00, 0x38, 0x1F, 0xBF, 0x00, 
  0x38, 0x07, 0xFF, 0x00, 0x38, 0x01, 0xFF, 0x80, 0x1C, 0x00, 0x7F, 0x00, 
  0x1C, 0x00, 0x04, 0x00, 0x01, 0xFC, 0x00, 0x03, 0xFF, 0x80, 0x03, 0xFF, 
  0xC0, 0x01, 0xFF, 0xF0, 0x01, 0xF8, 0xF8, 0x00, 0xF8, 0x3C, 0x00, 0x7C, 
  0x1E, 0x00, 0x3F, 0x1F, 0x00, 0x0F, 0xCF, 0x80, 0x07, 0xEF, 0x80, 0x01, 
  0xFF, 0xC0, 0x00, 0x7F, 0x80, 0x00, 0x3F, 0x80, 0x00, 0x7F, 0xE0, 0xF0, 
  0x7F, 0xF0, 0x78, 0x7F, 0xFC, 0x7C, 0x7E, 0x3F, 0x3E, 0x3E, 0x1F, 0xDF, 
  0x3F, 0x07, 0xFF, 0x1F, 0x01, 0xFF, 0x8F, 0x80, 0x7F, 0x87, 0xE0, 0x1F, 
  0xC3, 0xF0, 0x0F, 0xE0, 0xFC, 0x1F, 0xF8, 0x7F, 0xFF, 0xFC, 0x1F, 0xFF, 
  0xFF, 0x07, 0xFF, 0xCF, 0xC1, 0xFF, 0xC7, 0xF0, 0x3F, 0x00, 0x00, 0xFF, 
  0xFF, 0xFF, 0xFF, 0xEF, 0x73, 0x9C, 0x03, 0xC1, 0xE0, 0x78, 0x3C, 0x1F, 
  0x07, 0x83, 0xE0, 0xF8, 0x3C, 0x1F, 0x07, 0xC1, 0xE0, 0xF8, 0x3E, 0x0F, 
  0x83, 0xE0, 0xF0, 0x3C, 0x0F, 0x03, 0xC0, 0xF0, 0x3C, 0x0F, 0x83, 0xE0, 
  0xF8, 0x3E, 0x07, 0x81, 0xF0, 0x7C, 0x0F, 0x03, 0xE0, 0x78, 0x1F, 0x03, 
  0xC0, 0xF8, 0x1E, 0x03, 0xC0, 0xF0, 0x3C, 0x07, 0x81, 0xF0, 0x3C, 0x0F, 
  0x81, 0xE0, 0x7C, 0x1F, 0x03, 0xE0, 0xF8, 0x3E, 0x07, 0x81, 0xF0, 0x7C, 
  0x1F, 0x07, 0xC1, 0xF0, 0x7C, 0x1F, 0x07, 0xC1, 0xF0, 0x7C, 0x1F, 0x07, 
  0x83, 0xE0, 0xF8, 0x3E, 0x0F, 0x07, 0xC1, 0xE0, 0xF8, 0x3C, 0x1F, 0x07, 
  0x81, 0xE0, 0xF0, 0x00, 0x07, 0x00, 0x38, 0x01, 0xC0, 0x0E, 0x0F, 0x77, 
  0x7F, 0xFF, 0xFF, 0xE1, 0xF0, 0x0F, 0x80, 0xEE, 0x0F, 0x78, 0x71, 0xC1, 
  0x04, 0x00, 0x01, 0xF0, 0x00, 0x3E, 0x00, 0x07, 0xC0, 0x00, 0xF8, 0x00, 
  0x1F, 0x00, 0x03, 0xE0, 0x00, 0x7C, 0x00, 0x0F, 0x80, 0xFF, 0xFF, 0xFF, 
  0xFF, 0xFF, 0xFF, 0xFF, 0xFF, 0xFF, 0xF0, 0x1F, 0x00, 0x03, 0xE0, 0x00, 
  0x7C, 0x00, 0x0F, 0x80, 0x01, 0xF0, 0x00, 0x3E, 0x00, 0x07, 0xC0, 0x00, 
  0xFF, 0xFF, 0xFF, 0xFF, 0xF0, 0xC3, 0x1C, 0x77, 0xBC, 0xC0, 0xFF, 0xFF, 
  0xFF, 0xFF, 0xFF, 0xFF, 0xFE, 0xFF, 0xFF, 0xFF, 0xFF, 0xF0, 0x00, 0xE0, 
  0x18, 0x07, 0x00, 0xE0, 0x1C, 0x03, 0x00, 0xE0, 0x1C, 0x03, 0x00, 0xE0, 
  0x1C, 0x03, 0x80, 0x60, 0x1C, 0x03, 0x80, 0x60, 0x1C, 0x03, 0x80, 0x70, 
  0x0C, 0x03, 0x80, 0x70, 0x0C, 0x01, 0x80, 0x70, 0x0E, 0x01, 0x80, 0x70, 
  0x0E, 0x00, 0x03, 0xFC, 0x01, 0xFF, 0xC0, 0x7F, 0xFC, 0x1F, 0xFF, 0xC3, 
  0xF1, 0xFC, 0xFC, 0x1F, 0x9F, 0x01, 0xF3, 0xE0, 0x3F, 0x7C, 0x07, 0xFF, 
  0x80, 0xFF, 0xF0, 0x0F, 0xFE, 0x01, 0xFF, 0xC0, 0x3F, 0xF8, 0x07, 0xFF, 
  0x00, 0xFF, 0xE0, 0x1F, 0xFC, 0x03, 0xFF, 0x80, 0x7F, 0xF0, 0x0F, 0xFE, 
  0x03, 0xF7, 0xC0, 0x7E, 0xF8, 0x0F, 0xDF, 0x81, 0xF3, 0xF8, 0x7E, 0x3F, 
  0xFF, 0x83, 0xFF, 0xF0, 0x7F, 0xFC, 0x07, 0xFF, 0x00, 0x1F, 0x80, 0x00, 
  0xF0, 0x0F, 0x01, 0xF0, 0x3F, 0x0F, 0xFF, 0xFF, 0xFF, 0xFF, 0xFF, 0xFF, 
  0xF0, 0x3F, 0x03, 0xF0, 0x3F, 0x03, 0xF0, 0x3F, 0x03, 0xF0, 0x3F, 0x03, 
  0xF0, 0x3F, 0x03, 0xF0, 0x3F, 0x03, 0xF0, 0x3F, 0x03, 0xF0, 0x3F, 0x03, 
  0xF0, 0x3F, 0x03, 0xF0, 0x3F, 0x07, 0xFC, 0x01, 0xFF, 0xE0, 0x7F, 0xFE, 
  0x1F, 0xFF, 0xE7, 0xF0, 0xFC, 0xFC, 0x0F, 0xDF, 0x01, 0xFB, 0xE0, 0x1F, 
  0x7C, 0x03, 0xEF, 0x80, 0x7C, 0x00, 0x1F, 0x80, 0x03, 0xF0, 0x00, 0xFC, 
  0x00, 0x3F, 0x80, 0x0F, 0xE0, 0x03, 0xF8, 0x00, 0xFE, 0x00, 0x7F, 0x80, 
  0x1F, 0xC0, 0x07, 0xF0, 0x01, 0xF8, 0x00, 0x7E, 0x00, 0x1F, 0xC0, 0x03, 
  0xFF, 0xFF, 0x7F, 0xFF, 0xFF, 0xFF, 0xFF, 0xFF, 0xFF, 0xFF, 0xFF, 0xF0, 
  0x07, 0xFC, 0x03, 0xFF, 0xE0, 0xFF, 0xFE, 0x1F, 0xFF, 0xC7, 0xE1, 0xFC, 
  0xF8, 0x1F, 0x9F, 0x01, 0xF7, 0xE0, 0x3E, 0xFC, 0x07, 0xC0, 0x00, 0xF8, 
  0x00, 0x3E, 0x00, 0x1F, 0xC0, 0x1F, 0xF0, 0x03, 0xFC, 0x00, 0x7F, 0xE0, 
  0x0F, 0xFE, 0x00, 0x0F, 0xC0, 0x00, 0xFC, 0x00, 0x1F, 0x80, 0x01, 0xFF, 
  0xC0, 0x3F, 0xF8, 0x0F, 0xFF, 0x01, 0xFB, 0xF0, 0x7F, 0x7F, 0xFF, 0xC7, 
  0xFF, 0xF0, 0x7F, 0xFE, 0x07, 0xFF, 0x00, 0x1F, 0x80, 0x00, 0x3F, 0x80, 
  0x0F, 0xF0, 0x01, 0xFE, 0x00, 0x7F, 0xC0, 0x0F, 0xF8, 0x03, 0xFF, 0x00, 
  0xF7, 0xE0, 0x1E, 0xFC, 0x07, 0x9F, 0x80, 0xF3, 0xF0, 0x3C, 0x7E, 0x0F, 
  0x0F, 0xC1, 0xE1, 0xF8, 0x78, 0x3F, 0x0F, 0x07, 0xE3, 0xC0, 0xFC, 0xF0, 
  0x1F, 0x9F, 0xFF, 0xFF, 0xFF, 0xFF, 0xFF, 0xFF, 0xFF, 0xFF, 0xFF, 0xFF, 
  0xFF, 0xC0, 0x07, 0xE0, 0x00, 0xFC, 0x00, 0x1F, 0x80, 0x03, 0xF0, 0x00, 
  0x7E, 0x00, 0x0F, 0xC0, 0x1F, 0xFF, 0xC3, 0xFF, 0xF8, 0x7F, 0xFF, 0x0F, 
  0xFF, 0xE1, 0xFF, 0xFC, 0x7C, 0x00, 0x0F, 0x00, 0x01, 0xE0, 0x00, 0x3C, 
  0x00, 0x07, 0x8F, 0x00, 0xFF, 0xF8, 0x3F, 0xFF, 0x87, 0xFF, 0xF8, 0xFF, 
  0xFF, 0x9F, 0x83, 0xF3, 0xE0, 0x3F, 0x00, 0x07, 0xE0, 0x00, 0x7C, 0x00, 
  0x0F, 0x80, 0x01, 0xF0, 0x00, 0x3F, 0xF8, 0x0F, 0xFF, 0x01, 0xFF, 0xF0, 
  0x7E, 0x7F, 0xFF, 0xC7, 0xFF, 0xF0, 0xFF, 0xFC, 0x07, 0xFF, 0x00, 0x3F, 
  0x00, 0x03, 0xFE, 0x00, 0xFF, 0xE0, 0x7F, 0xFE, 0x0F, 0xFF, 0xE3, 0xF8, 
  0xFC, 0x7C, 0x0F, 0xDF, 0x80, 0xFB, 0xE0, 0x00, 0x7C, 0x00, 0x0F, 0x80, 
  0x03, 0xF3, 0xF8, 0x7F, 0xFF, 0x8F, 0xFF, 0xF9, 0xFF, 0xFF, 0xBF, 0xC3, 
  0xF7, 0xF0, 0x3F, 0xFC, 0x03, 0xFF, 0x80, 0x7F, 0xF0, 0x0F, 0xFE, 0x01, 
  0xF7, 0xC0, 0x3E, 0xF8, 0x07, 0xDF, 0x81, 0xF9, 0xF8, 0x7E, 0x3F, 0xFF, 
  0xC3, 0xFF, 0xF0, 0x3F, 0xFC, 0x03, 0xFF, 0x00, 0x1F, 0x80, 0xFF, 0xFF, 
  0xFF, 0xFF, 0xFF, 0xFF, 0xFF, 0xFF, 0xFF, 0xFF, 0xFF, 0xFF, 0xF0, 0x00, 
  0x3E, 0x00, 0x07, 0xC0, 0x00, 0xF8, 0x00, 0x1F, 0x80, 0x01, 0xF0, 0x00, 
  0x3E, 0x00, 0x07, 0xE0, 0x00, 0x7C, 0x00, 0x0F, 0xC0, 0x00, 0xF8, 0x00, 
  0x1F, 0x80, 0x01, 0xF0, 0x00, 0x1F, 0x00, 0x03, 0xE0, 0x00, 0x3E, 0x00, 
  0x03, 0xE0, 0x00, 0x7E, 0x00, 0x07, 0xC0, 0x00, 0x7C, 0x00, 0x07, 0xC0, 
  0x00, 0x7C, 0x00, 0x0F, 0xC0, 0x00, 0xFC, 0x00, 0x07, 0xFC, 0x00, 0xFF, 
  0xF0, 0x1F, 0xFF, 0x83, 0xFF, 0xFC, 0x7F, 0x0F, 0xC7, 0xC0, 0x7C, 0x7C, 
  0x03, 0xE7, 0xC0, 0x3E, 0x7C, 0x03, 0xC7, 0xC0, 0x7C, 0x3E, 0x0F, 0xC3, 
  0xFF, 0xF8, 0x0F, 0xFF, 0x01, 0xFF, 0xF0, 0x3F, 0xFF, 0x87, 0xF0, 0xFC, 
  0x7C, 0x07, 0xEF, 0xC0, 0x3E, 0xF8, 0x03, 0xEF, 0x80, 0x3F, 0xF8, 0x03, 
  0xFF, 0xC0, 0x3E, 0xFC, 0x07, 0xE7, 0xE0, 0xFE, 0x7F, 0xFF, 0xC3, 0xFF, 
  0xFC, 0x1F, 0xFF, 0x80, 0xFF, 0xE0, 0x01, 0xF8, 0x00, 0x07, 0xF8, 0x01, 
  0xFF, 0xC0, 0x7F, 0xFC, 0x1F, 0xFF, 0xC7, 0xF1, 0xF8, 0xF8, 0x1F, 0xBF, 
  0x01, 0xF7, 0xC0, 0x3F, 0xF8, 0x03, 0xFF, 0x00, 0x7F, 0xE0, 0x0F, 0xFE, 
  0x03, 0xFF, 0xC0, 0x7E, 0xFC, 0x1F, 0xDF, 0xEF, 0xF9, 0xFF, 0xFF, 0x3F, 
  0xFF, 0xE3, 0xFF, 0x7C, 0x1F, 0x8F, 0x80, 0x03, 0xF0, 0x00, 0x7C, 0x00, 
  0x0F, 0x9F, 0x03, 0xF3, 0xF0, 0xFC, 0x7F, 0xFF, 0x87, 0xFF, 0xE0, 0x7F, 
  0xF8, 0x07, 0xFE, 0x00, 0x3F, 0x00, 0xFF, 0xFF, 0xFF, 0xFC, 0x00, 0x00, 
  0x00, 0x00, 0x00, 0x00, 0x0F, 0xFF, 0xFF, 0xFF, 0xFF, 0xFF, 0xFF, 0xFF, 
  0xFC, 0x00, 0x00, 0x00, 0x00, 0x00, 0x00, 0x0F, 0xFF, 0xFF, 0xFF, 0xFF, 
  0x0C, 0x31, 0xC7, 0x7B, 0xCC, 0x00, 0x00, 0x00, 0x00, 0x00, 0x1C, 0x00, 
  0x1F, 0x80, 0x1F, 0xF0, 0x0F, 0xFE, 0x0F, 0xFF, 0x0F, 0xFF, 0x07, 0xFF, 
  0x00, 0xFF, 0x00, 0x1F, 0x00, 0x03, 0xE0, 0x00, 0x7F, 0x80, 0x0F, 0xFE, 
  0x00, 0x3F, 0xF8, 0x00, 0xFF, 0xE0, 0x07, 0xFF, 0x00, 0x1F, 0xE0, 0x00, 
  0x7C, 0x00, 0x03, 0x80, 0xFF, 0xFF, 0xFF, 0xFF, 0xFF, 0xFF, 0xFF, 0xFF, 
  0xFF, 0xFF, 0xFF, 0xFE, 0x00, 0x00, 0x00, 0x00, 0x00, 0x00, 0x00, 0x00, 
  0x00, 0x1F, 0xFF, 0xFF, 0xFF, 0xFF, 0xFF, 0xFF, 0xFF, 0xFF, 0xFF, 0xFF, 
  0xFF, 0xC0, 0x00, 0x00, 0x18, 0x00, 0x03, 0xE0, 0x00, 0x7F, 0x80, 0x0F, 
  0xFC, 0x00, 0x7F, 0xF0, 0x01, 0xFF, 0xC0, 0x0F, 0xFF, 0x00, 0x3F, 0xE0, 
  0x00, 0xFC, 0x00, 0x1F, 0x80, 0x1F, 0xF0, 0x1F, 0xFC, 0x1F, 0xFE, 0x1F, 
  0xFE, 0x07, 0xFE, 0x00, 0xFE, 0x00, 0x1F, 0x00, 0x03, 0x00, 0x00, 0x00, 
  0x03, 0xFC, 0x00, 0xFF, 0xF0, 0x1F, 0xFF, 0x83, 0xFF, 0xFC, 0x3F, 0xFF, 
  0xE7, 0xF0, 0x7E, 0x7E, 0x03, 0xE7, 0xC0, 0x3F, 0x7C, 0x03, 0xFF, 0xC0, 
  0x3F, 0x00, 0x03, 0xF0, 0x00, 0x7E, 0x00, 0x07, 0xE0, 0x01, 0xFC, 0x00, 
  0x3F, 0xC0, 0x07, 0xF0, 0x00, 0x7E, 0x00, 0x0F, 0xC0, 0x00, 0xF8, 0x00, 
  0x0F, 0x80, 0x00, 0xF0, 0x00, 0x00, 0x00, 0x00, 0x00, 0x00, 0x1F, 0x80, 
  0x01, 0xF8, 0x00, 0x1F, 0x80, 0x01, 0xF8, 0x00, 0x1F, 0x80, 0x01, 0xF8, 
  0x00, 0x00, 0x03, 0xFF, 0x00, 0x00, 0x01, 0xFF, 0xFE, 0x00, 0x00, 0x7F, 
  0xFF, 0xF8, 0x00, 0x0F, 0xE0, 0x1F, 0xC0, 0x01, 0xF0, 0x00, 0x3F, 0x00, 
  0x3C, 0x00, 0x00, 0xF0, 0x07, 0x80, 0x00, 0x07, 0x80, 0xF0, 0x00, 0x00, 
  0x3C, 0x1E, 0x00, 0x00, 0x01, 0xE1, 0xE0, 0x1F, 0xCF, 0x1E, 0x3C, 0x03, 
  0xFE, 0xE0, 0xE3, 0x80, 0x7F, 0xFE, 0x0F, 0x78, 0x0F, 0x07, 0xE0, 0xF7, 
  0x81, 0xE0, 0x3E, 0x07, 0x70, 0x1C, 0x03, 0xC0, 0x7F, 0x03, 0xC0, 0x3C, 
  0x07, 0xF0, 0x38, 0x03, 0xC0, 0xFF, 0x07, 0x80, 0x38, 0x0F, 0xF0, 0x78, 
  0x03, 0x80, 0xFF, 0x07, 0x80, 0x78, 0x1E, 0xF0, 0x78, 0x07, 0x81, 0xEF, 
  0x07, 0x80, 0xF0, 0x3C, 0xF0, 0x7C, 0x1F, 0x87, 0xC7, 0x83, 0xF7, 0xF9, 
  0xF8, 0x78, 0x1F, 0xFB, 0xFF, 0x03, 0xC0, 0xFF, 0x3F, 0xE0, 0x3E, 0x07, 
  0xC0, 0xF0, 0x01, 0xF0, 0x00, 0x00, 0x00, 0x0F, 0x80, 0x00, 0x00, 0x00, 
  0x7C, 0x00, 0x00, 0x00, 0x03, 0xF8, 0x00, 0xC0, 0x00, 0x1F, 0xFF, 0xFE, 
  0x00, 0x00, 0x7F, 0xFF, 0xE0, 0x00, 0x00, 0xFF, 0xF8, 0x00, 0x00, 0x3F, 
  0x80, 0x00, 0x07, 0xF0, 0x00, 0x01, 0xFE, 0x00, 0x00, 0x3F, 0xE0, 0x00, 
  0x07, 0xFC, 0x00, 0x01, 0xFF, 0x80, 0x00, 0x3F, 0xF8, 0x00, 0x07, 0xFF, 
  0x00, 0x01, 0xFB, 0xE0, 0x00, 0x3F, 0x7E, 0x00, 0x07, 0xCF, 0xC0, 0x01, 
  0xF8, 0xF8, 0x00, 0x3F, 0x1F, 0x80, 0x07, 0xC3, 0xF0, 0x01, 0xF8, 0x3F, 
  0x00, 0x3F, 0x07, 0xE0, 0x0F, 0xC0, 0xFC, 0x01, 0xF8, 0x0F, 0xC0, 0x3F, 
  0xFF, 0xF8, 0x0F, 0xFF, 0xFF, 0x01, 0xFF, 0xFF, 0xF0, 0x3F, 0xFF, 0xFE, 
  0x0F, 0xFF, 0xFF, 0xC1, 0xF8, 0x00, 0xFC, 0x3F, 0x00, 0x1F, 0x8F, 0xC0, 
  0x03, 0xF1, 0xF8, 0x00, 0x3F, 0x3F, 0x00, 0x07, 0xEF, 0xC0, 0x00, 0xFC, 
  0xFF, 0xF8, 0x01, 0xFF, 0xFF, 0x83, 0xFF, 0xFF, 0xC7, 0xFF, 0xFF, 0xCF, 
  0xFF, 0xFF, 0x9F, 0x80, 0x7F, 0xBF, 0x00, 0x3F, 0x7E, 0x00, 0x7E, 0xFC, 
  0x00, 0x7D, 0xF8, 0x01, 0xFB, 0xF0, 0x03, 0xF7, 0xE0, 0x1F, 0xCF, 0xFF, 
  0xFF, 0x1F, 0xFF, 0xFC, 0x3F, 0xFF, 0xF8, 0x7F, 0xFF, 0xFC, 0xFF, 0xFF, 
  0xFD, 0xF8, 0x01, 0xFB, 0xF0, 0x01, 0xFF, 0xE0, 0x03, 0xFF, 0xC0, 0x07, 
  0xFF, 0x80, 0x0F, 0xFF, 0x00, 0x1F, 0xFE, 0x00, 0x7F, 0xFF, 0xFF, 0xFD, 
  0xFF, 0xFF, 0xFB, 0xFF, 0xFF, 0xE7, 0xFF, 0xFF, 0x0F, 0xFF, 0xF8, 0x00, 
  0x00, 0x7F, 0x80, 0x01, 0xFF, 0xF0, 0x01, 0xFF, 0xFE, 0x01, 0xFF, 0xFF, 
  0x81, 0xFF, 0xFF, 0xE1, 0xFE, 0x07, 0xF0, 0xFE, 0x01, 0xFC, 0xFE, 0x00, 
  0x7E, 0x7E, 0x00, 0x1F, 0x7F, 0x00, 0x0F, 0xFF, 0x00, 0x00, 0x1F, 0x80, 
  0x00, 0x0F, 0xC0, 0x00, 0x07, 0xE0, 0x00, 0x03, 0xF0, 0x00, 0x01, 0xF8, 
  0x00, 0x00, 0xFC, 0x00, 0x00, 0x7E, 0x00, 0x00, 0x3F, 0x00, 0x00, 0x1F, 
  0x80, 0x03, 0xFF, 0xC0, 0x01, 0xFB, 0xF0, 0x00, 0xFD, 0xFC, 0x00, 0xFC, 
  0x7F, 0x00, 0xFE, 0x3F, 0xC1, 0xFE, 0x0F, 0xFF, 0xFF, 0x03, 0xFF, 0xFF, 
  0x00, 0xFF, 0xFF, 0x00, 0x3F, 0xFE, 0x00, 0x03, 0xF8, 0x00, 0xFF, 0xF0, 
  0x00, 0xFF, 0xFF, 0x80, 0xFF, 0xFF, 0xE0, 0xFF, 0xFF, 0xF0, 0xFF, 0xFF, 
  0xF8, 0xFC, 0x07, 0xF8, 0xFC, 0x01, 0xFC, 0xFC, 0x00, 0xFC, 0xFC, 0x00, 
  0x7E, 0xFC, 0x00, 0x7E, 0xFC, 0x00, 0x7E, 0xFC, 0x00, 0x3E, 0xFC, 0x00, 
  0x3F, 0xFC, 0x00, 0x3F, 0xFC, 0x00, 0x3F, 0xFC, 0x00, 0x3F, 0xFC, 0x00, 
  0x3F, 0xFC, 0x00, 0x3E, 0xFC, 0x00, 0x7E, 0xFC, 0x00, 0x7E, 0xFC, 0x00, 
  0x7E, 0xFC, 0x00, 0xFE, 0xFC, 0x01, 0xFC, 0xFC, 0x03, 0xFC, 0xFF, 0xFF, 
  0xF8, 0xFF, 0xFF, 0xF0, 0xFF, 0xFF, 0xE0, 0xFF, 0xFF, 0xC0, 0xFF, 0xFF, 
  0x00, 0xFF, 0xFF, 0xFF, 0xFF, 0xFF, 0xFF, 0xFF, 0xFF, 0xFF, 0xFF, 0xFF, 
  0xFF, 0xFF, 0xFE, 0x00, 0x03, 0xF0, 0x00, 0x1F, 0x80, 0x00, 0xFC, 0x00, 
  0x07, 0xE0, 0x00, 0x3F, 0x00, 0x01, 0xF8, 0x00, 0x0F, 0xFF, 0xFF, 0x7F, 
  0xFF, 0xFB, 0xFF, 0xFF, 0xDF, 0xFF, 0xFE, 0xFF, 0xFF, 0xF7, 0xE0, 0x00, 
  0x3F, 0x00, 0x01, 0xF8, 0x00, 0x0F, 0xC0, 0x00, 0x7E, 0x00, 0x03, 0xF0, 
  0x00, 0x1F, 0x80, 0x00, 0xFF, 0xFF, 0xFF, 0xFF, 0xFF, 0xFF, 0xFF, 0xFF, 
  0xFF, 0xFF, 0xFF, 0xFF, 0xFF, 0x80, 0xFF, 0xFF, 0xFF, 0xFF, 0xFF, 0xFF, 
  0xFF, 0xFF, 0xFF, 0xFF, 0xFF, 0xFF, 0xFF, 0xC0, 0x00, 0xFC, 0x00, 0x0F, 
  0xC0, 0x00, 0xFC, 0x00, 0x0F, 0xC0, 0x00, 0xFC, 0x00, 0x0F, 0xC0, 0x00, 
  0xFF, 0xFF, 0xCF, 0xFF, 0xFC, 0xFF, 0xFF, 0xCF, 0xFF, 0xFC, 0xFF, 0xFF, 
  0xCF, 0xC0, 0x00, 0xFC, 0x00, 0x0F, 0xC0, 0x00, 0xFC, 0x00, 0x0F, 0xC0, 
  0x00, 0xFC, 0x00, 0x0F, 0xC0, 0x00, 0xFC, 0x00, 0x0F, 0xC0, 0x00, 0xFC, 
  0x00, 0x0F, 0xC0, 0x00, 0xFC, 0x00, 0x00, 0x00, 0x7F, 0xC0, 0x00, 0x7F, 
  0xFC, 0x00, 0x7F, 0xFF, 0xC0, 0x3F, 0xFF, 0xF8, 0x1F, 0xFF, 0xFF, 0x0F, 
  0xF0, 0x1F, 0xE3, 0xF8, 0x03, 0xF9, 0xFC, 0x00, 0x7E, 0x7E, 0x00, 0x0F, 
  0xFF, 0x00, 0x03, 0xFF, 0xC0, 0x00, 0x03, 0xF0, 0x00, 0x00, 0xFC, 0x00, 
  0x00, 0x3F, 0x00, 0x00, 0x0F, 0xC0, 0x3F, 0xFF, 0xF0, 0x0F, 0xFF, 0xFC, 
  0x03, 0xFF, 0xFF, 0x00, 0xFF, 0xFF, 0xC0, 0x00, 0x7F, 0xF0, 0x00, 0x1F, 
  0xFE, 0x00, 0x0F, 0xDF, 0x80, 0x03, 0xF7, 0xF0, 0x01, 0xFC, 0xFE, 0x00, 
  0xFF, 0x1F, 0xE0, 0xFF, 0xC7, 0xFF, 0xFE, 0xF0, 0xFF, 0xFF, 0xBC, 0x1F, 
  0xFF, 0xCF, 0x01, 0xFF, 0xC3, 0xC0, 0x0F, 0xC0, 0x00, 0xFC, 0x00, 0x7F, 
  0xF8, 0x00, 0xFF, 0xF0, 0x01, 0xFF, 0xE0, 0x03, 0xFF, 0xC0, 0x07, 0xFF, 
  0x80, 0x0F, 0xFF, 0x00, 0x1F, 0xFE, 0x00, 0x3F, 0xFC, 0x00, 0x7F, 0xF8, 
  0x00, 0xFF, 0xF0, 0x01, 0xFF, 0xFF, 0xFF, 0xFF, 0xFF, 0xFF, 0xFF, 0xFF, 
  0xFF, 0xFF, 0xFF, 0xFF, 0xFF, 0xFF, 0xFF, 0xFC, 0x00, 0x7F, 0xF8, 0x00, 
  0xFF, 0xF0, 0x01, 0xFF, 0xE0, 0x03, 0xFF, 0xC0, 0x07, 0xFF, 0x80, 0x0F, 
  0xFF, 0x00, 0x1F, 0xFE, 0x00, 0x3F, 0xFC, 0x00, 0x7F, 0xF8, 0x00, 0xFF, 
  0xF0, 0x01, 0xFF, 0xE0, 0x03, 0xFF, 0xC0, 0x07, 0xE0, 0xFF, 0xFF, 0xFF, 
  0xFF, 0xFF, 0xFF, 0xFF, 0xFF, 0xFF, 0xFF, 0xFF, 0xFF, 0xFF, 0xFF, 0xFF, 
  0xFF, 0xFF, 0xFF, 0xFF, 0xFF, 0xFF, 0xFC, 0x00, 0x0F, 0xC0, 0x03, 0xF0, 
  0x00, 0xFC, 0x00, 0x3F, 0x00, 0x0F, 0xC0, 0x03, 0xF0, 0x00, 0xFC, 0x00, 
  0x3F, 0x00, 0x0F, 0xC0, 0x03, 0xF0, 0x00, 0xFC, 0x00, 0x3F, 0x00, 0x0F, 
  0xC0, 0x03, 0xF0, 0x00, 0xFC, 0x00, 0x3F, 0x00, 0x0F, 0xC0, 0x03, 0xFF, 
  0xC0, 0xFF, 0xF0, 0x3F, 0xFC, 0x0F, 0xFF, 0x03, 0xFF, 0xC0, 0xFF, 0xF0, 
  0x3F, 0xFE, 0x1F, 0xDF, 0xFF, 0xE7, 0xFF, 0xF8, 0xFF, 0xFC, 0x1F, 0xFE, 
  0x00, 0xFC, 0x00, 0xFC, 0x00, 0x7F, 0x7E, 0x00, 0x7F, 0x3F, 0x00, 0x7F, 
  0x1F, 0x80, 0x7F, 0x0F, 0xC0, 0x7F, 0x07, 0xE0, 0x7F, 0x03, 0xF0, 0x3F, 
  0x01, 0xF8, 0x3F, 0x00, 0xFC, 0x3F, 0x00, 0x7E, 0x3F, 0x00, 0x3F, 0x3F, 
  0x80, 0x1F, 0xBF, 0x80, 0x0F, 0xFF, 0x80, 0x07, 0xFF, 0xC0, 0x03, 0xFF, 
  0xF0, 0x01, 0xFF, 0xFC, 0x00, 0xFF, 0xFE, 0x00, 0x7F, 0x9F, 0x80, 0x3F, 
  0x8F, 0xE0, 0x1F, 0x83, 0xF8, 0x0F, 0xC0, 0xFC, 0x07, 0xE0, 0x7F, 0x03, 
  0xF0, 0x1F, 0xC1, 0xF8, 0x07, 0xF0, 0xFC, 0x01, 0xFC, 0x7E, 0x00, 0xFE, 
  0x3F, 0x00, 0x3F, 0x9F, 0x80, 0x0F, 0xEF, 0xC0, 0x03, 0xF8, 0xFC, 0x00, 
  0x0F, 0xC0, 0x00, 0xFC, 0x00, 0x0F, 0xC0, 0x00, 0xFC, 0x00, 0x0F, 0xC0, 
  0x00, 0xFC, 0x00, 0x0F, 0xC0, 0x00, 0xFC, 0x00, 0x0F, 0xC0, 0x00, 0xFC, 
  0x00, 0x0F, 0xC0, 0x00, 0xFC, 0x00, 0x0F, 0xC0, 0x00, 0xFC, 0x00, 0x0F, 
  0xC0, 0x00, 0xFC, 0x00, 0x0F, 0xC0, 0x00, 0xFC, 0x00, 0x0F, 0xC0, 0x00, 
  0xFC, 0x00, 0x0F, 0xC0, 0x00, 0xFC, 0x00, 0x0F, 0xC0, 0x00, 0xFF, 0xFF, 
  0xFF, 0xFF, 0xFF, 0xFF, 0xFF, 0xFF, 0xFF, 0xFF, 0xFF, 0xFF, 0xF0, 0xFF, 
  0x00, 0x1F, 0xFF, 0xF0, 0x07, 0xFF, 0xFE, 0x00, 0xFF, 0xFF, 0xC0, 0x1F, 
  0xFF, 0xF8, 0x03, 0xFF, 0xFF, 0x80, 0xFF, 0xFF, 0xF0, 0x1F, 0xFF, 0xDE, 
  0x03, 0xDF, 0xFB, 0xC0, 0x7B, 0xFF, 0x78, 0x0F, 0x7F, 0xEF, 0x83, 0xEF, 
  0xFC, 0xF0, 0x79, 0xFF, 0x9E, 0x0F, 0x3F, 0xF3, 0xC1, 0xE7, 0xFE, 0x7C, 
  0x7C, 0xFF, 0xCF, 0x8F, 0x9F, 0xF8, 0xF1, 0xE3, 0xFF, 0x1E, 0x3C, 0x7F, 
  0xE3, 0xC7, 0x8F, 0xFC, 0x7D, 0xF1, 0xFF, 0x87, 0xBC, 0x3F, 0xF0, 0xF7, 
  0x87, 0xFE, 0x1E, 0xF0, 0xFF, 0xC3, 0xFE, 0x1F, 0xF8, 0x3F, 0x83, 0xFF, 
  0x07, 0xF0, 0x7F, 0xE0, 0xFE, 0x0F, 0xFC, 0x1F, 0xC1, 0xFF, 0x83, 0xF8, 
  0x3E, 0xFC, 0x00, 0x7F, 0xF8, 0x00, 0xFF, 0xF8, 0x01, 0xFF, 0xF0, 0x03, 
  0xFF, 0xF0, 0x07, 0xFF, 0xF0, 0x0F, 0xFF, 0xE0, 0x1F, 0xFF, 0xE0, 0x3F, 
  0xFF, 0xC0, 0x7F, 0xFF, 0xC0, 0xFF, 0xFF, 0xC1, 0xFF, 0xEF, 0x83, 0xFF, 
  0xDF, 0x87, 0xFF, 0x9F, 0x0F, 0xFF, 0x1F, 0x1F, 0xFE, 0x3E, 0x3F, 0xFC, 
  0x3E, 0x7F, 0xF8, 0x7E, 0xFF, 0xF0, 0x7D, 0xFF, 0xE0, 0xFF, 0xFF, 0xC0, 
  0xFF, 0xFF, 0x80, 0xFF, 0xFF, 0x01, 0xFF, 0xFE, 0x01, 0xFF, 0xFC, 0x03, 
  0xFF, 0xF8, 0x03, 0xFF, 0xF0, 0x03, 0xFF, 0xE0, 0x07, 0xFF, 0xC0, 0x07, 
  0xE0, 0x00, 0x7F, 0x80, 0x00, 0x3F, 0xFE, 0x00, 0x1F, 0xFF, 0xE0, 0x07, 
  0xFF, 0xFF, 0x01, 0xFF, 0xFF, 0xF0, 0x7F, 0xC1, 0xFE, 0x0F, 0xE0, 0x0F, 
  0xE3, 0xF8, 0x00, 0xFC, 0x7E, 0x00, 0x0F, 0xDF, 0xC0, 0x01, 0xFB, 0xF0, 
  0x00, 0x3F, 0xFE, 0x00, 0x03, 0xFF, 0xC0, 0x00, 0x7F, 0xF0, 0x00, 0x0F, 
  0xFE, 0x00, 0x01, 0xFF, 0xC0, 0x00, 0x3F, 0xFC, 0x00, 0x07, 0xFF, 0x80, 
  0x00, 0xFF, 0xF0, 0x00, 0x1F, 0xFE, 0x00, 0x07, 0xFF, 0xE0, 0x00, 0xFC, 
  0xFC, 0x00, 0x3F, 0x9F, 0xC0, 0x07, 0xE1, 0xFC, 0x01, 0xFC, 0x3F, 0xE0, 
  0xFF, 0x03, 0xFF, 0xFF, 0xC0, 0x3F, 0xFF, 0xF8, 0x03, 0xFF, 0xFC, 0x00, 
  0x1F, 0xFF, 0x00, 0x00, 0x7F, 0x00, 0x00, 0xFF, 0xFC, 0x03, 0xFF, 0xFF, 
  0x0F, 0xFF, 0xFE, 0x3F, 0xFF, 0xFC, 0xFF, 0xFF, 0xFB, 0xF0, 0x1F, 0xEF, 
  0xC0, 0x1F, 0xBF, 0x00, 0x3F, 0xFC, 0x00, 0xFF, 0xF0, 0x03, 0xFF, 0xC0, 
  0x0F, 0xFF, 0x00, 0x3F, 0xFC, 0x01, 0xFB, 0xF0, 0x0F, 0xEF, 0xFF, 0xFF, 
  0xBF, 0xFF, 0xFC, 0xFF, 0xFF, 0xE3, 0xFF, 0xFF, 0x0F, 0xFF, 0xF0, 0x3F, 
  0x00, 0x00, 0xFC, 0x00, 0x03, 0xF0, 0x00, 0x0F, 0xC0, 0x00, 0x3F, 0x00, 
  0x00, 0xFC, 0x00, 0x03, 0xF0, 0x00, 0x0F, 0xC0, 0x00, 0x3F, 0x00, 0x00, 
  0xFC, 0x00, 0x00, 0x00, 0x7F, 0x80, 0x00, 0x3F, 0xFE, 0x00, 0x1F, 0xFF, 
  0xF0, 0x07, 0xFF, 0xFF, 0x01, 0xFF, 0xFF, 0xF0, 0x7F, 0xC1, 0xFE, 0x0F, 
  0xE0, 0x0F, 0xE3, 0xF8, 0x00, 0xFE, 0x7E, 0x00, 0x0F, 0xDF, 0xC0, 0x01, 
  0xFB, 0xF0, 0x00, 0x1F, 0xFE, 0x00, 0x03, 0xFF, 0xC0, 0x00, 0x7F, 0xF8, 
  0x00, 0x0F, 0xFF, 0x00, 0x01, 0xFF, 0xE0, 0x00, 0x3F, 0xFC, 0x00, 0x07, 
  0xFF, 0x80, 0x00, 0xFF, 0xF0, 0x02, 0x1F, 0xFE, 0x00, 0xE3, 0xFF, 0xE0, 
  0x1E, 0xFC, 0xFC, 0x07, 0xFF, 0x9F, 0xC0, 0x7F, 0xF1, 0xFC, 0x07, 0xFC, 
  0x3F, 0xE0, 0xFF, 0x03, 0xFF, 0xFF, 0xF0, 0x3F, 0xFF, 0xFF, 0x03, 0xFF, 
  0xFF, 0xF0, 0x1F, 0xFF, 0x7E, 0x00, 0x7F, 0x07, 0x80, 0x00, 0x00, 0x20, 
  0xFF, 0xFF, 0x00, 0xFF, 0xFF, 0xF0, 0xFF, 0xFF, 0xF8, 0xFF, 0xFF, 0xFC, 
  0xFF, 0xFF, 0xFC, 0xFC, 0x01, 0xFE, 0xFC, 0x00, 0x7E, 0xFC, 0x00, 0x7E, 
  0xFC, 0x00, 0x7E, 0xFC, 0x00, 0x7E, 0xFC, 0x00, 0x7E, 0xFC, 0x00, 0x7C, 
  0xFC, 0x01, 0xFC, 0xFF, 0xFF, 0xF8, 0xFF, 0xFF, 0xF0, 0xFF, 0xFF, 0xE0, 
  0xFF, 0xFF, 0xF8, 0xFF, 0xFF, 0xF8, 0xFC, 0x01, 0xFC, 0xFC, 0x00, 0xFC, 
  0xFC, 0x00, 0xFC, 0xFC, 0x00, 0xFC, 0xFC, 0x00, 0xFC, 0xFC, 0x00, 0xFC, 
  0xFC, 0x00, 0xFC, 0xFC, 0x00, 0xFC, 0xFC, 0x00, 0xFC, 0xFC, 0x00, 0x7E, 
  0xFC, 0x00, 0x7F, 0x01, 0xFF, 0x00, 0x07, 0xFF, 0xE0, 0x1F, 0xFF, 0xF0, 
  0x3F, 0xFF, 0xF8, 0x3F, 0xFF, 0xFC, 0x7F, 0x01, 0xFC, 0x7E, 0x00, 0xFC, 
  0x7C, 0x00, 0x7E, 0x7C, 0x00, 0x7E, 0x7E, 0x00, 0x00, 0x7E, 0x00, 0x00, 
  0x7F, 0xC0, 0x00, 0x3F, 0xFE, 0x00, 0x3F, 0xFF, 0xE0, 0x1F, 0xFF, 0xF8, 
  0x07, 0xFF, 0xFC, 0x00, 0x7F, 0xFE, 0x00, 0x03, 0xFE, 0x00, 0x00, 0x7F, 
  0x00, 0x00, 0x3F, 0xFC, 0x00, 0x3F, 0xFC, 0x00, 0x3F, 0x7C, 0x00, 0x3F, 
  0x7E, 0x00, 0x7E, 0x7F, 0x80, 0xFE, 0x3F, 0xFF, 0xFC, 0x1F, 0xFF, 0xFC, 
  0x0F, 0xFF, 0xF8, 0x07, 0xFF, 0xE0, 0x00, 0xFF, 0x00, 0xFF, 0xFF, 0xFF, 
  0xFF, 0xFF, 0xFF, 0xFF, 0xFF, 0xFF, 0xFF, 0xFF, 0xFF, 0xFF, 0xFC, 0x03, 
  0xF0, 0x00, 0x0F, 0xC0, 0x00, 0x3F, 0x00, 0x00, 0xFC, 0x00, 0x03, 0xF0, 
  0x00, 0x0F, 0xC0, 0x00, 0x3F, 0x00, 0x00, 0xFC, 0x00, 0x03, 0xF0, 0x00, 
  0x0F, 0xC0, 0x00, 0x3F, 0x00, 0x00, 0xFC, 0x00, 0x03, 0xF0, 0x00, 0x0F, 
  0xC0, 0x00, 0x3F, 0x00, 0x00, 0xFC, 0x00, 0x03, 0xF0, 0x00, 0x0F, 0xC0, 
  0x00, 0x3F, 0x00, 0x00, 0xFC, 0x00, 0x03, 0xF0, 0x00, 0x0F, 0xC0, 0x00, 
  0x3F, 0x00, 0x00, 0xFC, 0x00, 0xFC, 0x00, 0x7F, 0xF8, 0x00, 0xFF, 0xF0, 
  0x01, 0xFF, 0xE0, 0x03, 0xFF, 0xC0, 0x07, 0xFF, 0x80, 0x0F, 0xFF, 0x00, 
  0x1F, 0xFE, 0x00, 0x3F, 0xFC, 0x00, 0x7F, 0xF8, 0x00, 0xFF, 0xF0, 0x01, 
  0xFF, 0xE0, 0x03, 0xFF, 0xC0, 0x07, 0xFF, 0x80, 0x0F, 0xFF, 0x00, 0x1F, 
  0xFE, 0x00, 0x3F, 0xFC, 0x00, 0x7F, 0xF8, 0x00, 0xFF, 0xF0, 0x01, 0xFF, 
  0xE0, 0x03, 0xFF, 0xC0, 0x07, 0xFF, 0x80, 0x0F, 0xBF, 0x00, 0x3F, 0x7F, 
  0x00, 0xFE, 0x7F, 0x83, 0xFC, 0xFF, 0xFF, 0xF0, 0xFF, 0xFF, 0xC0, 0xFF, 
  0xFF, 0x00, 0x7F, 0xFC, 0x00, 0x1F, 0xC0, 0x00, 0xFC, 0x00, 0x3F, 0xFC, 
  0x00, 0x3F, 0x7C, 0x00, 0x3F, 0x7E, 0x00, 0x3E, 0x7E, 0x00, 0x7E, 0x3E, 
  0x00, 0x7E, 0x3F, 0x00, 0x7C, 0x3F, 0x00, 0xFC, 0x1F, 0x00, 0xFC, 0x1F, 
  0x80, 0xF8, 0x1F, 0x80, 0xF8, 0x0F, 0x81, 0xF8, 0x0F, 0x81, 0xF0, 0x0F, 
  0xC1, 0xF0, 0x07, 0xC3, 0xF0, 0x07, 0xC3, 0xE0, 0x07, 0xE3, 0xE0, 0x03, 
  0xE7, 0xC0, 0x03, 0xE7, 0xC0, 0x03, 0xE7, 0xC0, 0x01, 0xF7, 0x80, 0x01, 
  0xFF, 0x80, 0x01, 0xFF, 0x80, 0x00, 0xFF, 0x00, 0x00, 0xFF, 0x00, 0x00, 
  0xFF, 0x00, 0x00, 0x7E, 0x00, 0x00, 0x7E, 0x00, 0x00, 0x7E, 0x00, 0x7E, 
  0x00, 0xF8, 0x03, 0xF3, 0xF0, 0x0F, 0xE0, 0x1F, 0x9F, 0x80, 0x7F, 0x00, 
  0xFC, 0xFC, 0x03, 0xF8, 0x07, 0xE3, 0xF0, 0x1F, 0xC0, 0x7E, 0x1F, 0x80, 
  0xFE, 0x03, 0xF0, 0xFC, 0x0F, 0xF8, 0x1F, 0x87, 0xE0, 0x7B, 0xC0, 0xFC, 
  0x1F, 0x03, 0xDE, 0x07, 0xC0, 0xFC, 0x1E, 0xF0, 0x7E, 0x07, 0xE1, 0xF7, 
  0xC3, 0xF0, 0x1F, 0x0F, 0x9E, 0x1F, 0x00, 0xF8, 0x78, 0xF0, 0xF8, 0x07, 
  0xC3, 0xC7, 0x87, 0xC0, 0x3F, 0x1E, 0x3C, 0x7E, 0x00, 0xF9, 0xF1, 0xF3, 
  0xE0, 0x07, 0xCF, 0x07, 0x9F, 0x00, 0x3E, 0x78, 0x3C, 0xF8, 0x00, 0xF3, 
  0xC1, 0xE7, 0x80, 0x07, 0xDE, 0x0F, 0xFC, 0x00, 0x3F, 0xF0, 0x7F, 0xE0, 
  0x01, 0xFF, 0x01, 0xFF, 0x00, 0x07, 0xF8, 0x0F, 0xF0, 0x00, 0x3F, 0xC0, 
  0x7F, 0x80, 0x01, 0xFE, 0x03, 0xFC, 0x00, 0x07, 0xF0, 0x0F, 0xE0, 0x00, 
  0x3F, 0x00, 0x7E, 0x00, 0x01, 0xF8, 0x03, 0xF0, 0x00, 0x0F, 0xC0, 0x1F, 
  0x80, 0x00, 0xFE, 0x00, 0x7F, 0x3F, 0x80, 0x3F, 0x9F, 0xC0, 0x3F, 0x87, 
  0xF0, 0x1F, 0x81, 0xF8, 0x1F, 0xC0, 0xFE, 0x0F, 0xC0, 0x3F, 0x0F, 0xC0, 
  0x1F, 0xCF, 0xE0, 0x07, 0xE7, 0xE0, 0x01, 0xFF, 0xF0, 0x00, 0xFF, 0xF0, 
  0x00, 0x3F, 0xF0, 0x00, 0x0F, 0xF8, 0x00, 0x07, 0xF8, 0x00, 0x01, 0xF8, 
  0x00, 0x01, 0xFE, 0x00, 0x00, 0xFF, 0x80, 0x00, 0xFF, 0xC0, 0x00, 0xFF, 
  0xF0, 0x00, 0x7F, 0xFC, 0x00, 0x7E, 0x7E, 0x00, 0x3F, 0x3F, 0x80, 0x3F, 
  0x0F, 0xC0, 0x3F, 0x83, 0xF0, 0x1F, 0x81, 0xFC, 0x1F, 0xC0, 0x7E, 0x1F, 
  0xC0, 0x3F, 0x8F, 0xE0, 0x0F, 0xEF, 0xE0, 0x07, 0xF0, 0xFE, 0x00, 0x3F, 
  0x7E, 0x00, 0x7F, 0x7F, 0x00, 0x7E, 0x3F, 0x00, 0x7E, 0x3F, 0x00, 0xFC, 
  0x1F, 0x80, 0xFC, 0x1F, 0x81, 0xF8, 0x0F, 0xC1, 0xF8, 0x0F, 0xC3, 0xF0, 
  0x07, 0xE3, 0xF0, 0x07, 0xE3, 0xE0, 0x03, 0xF7, 0xE0, 0x03, 0xF7, 0xC0, 
  0x01, 0xFF, 0xC0, 0x01, 0xFF, 0x80, 0x00, 0xFF, 0x80, 0x00, 0x7F, 0x00, 
  0x00, 0x7F, 0x00, 0x00, 0x3E, 0x00, 0x00, 0x3E, 0x00, 0x00, 0x3E, 0x00, 
  0x00, 0x3E, 0x00, 0x00, 0x3E, 0x00, 0x00, 0x3E, 0x00, 0x00, 0x3E, 0x00, 
  0x00, 0x3E, 0x00, 0x00, 0x3E, 0x00, 0x00, 0x3E, 0x00, 0x00, 0x3E, 0x00, 
  0xFF, 0xFF, 0xFF, 0xFF, 0xFF, 0xFF, 0xFF, 0xFF, 0xFF, 0xFF, 0xFF, 0xFF, 
  0xFF, 0xFC, 0x00, 0x07, 0xE0, 0x00, 0x3F, 0x80, 0x01, 0xFC, 0x00, 0x0F, 
  0xE0, 0x00, 0x3F, 0x00, 0x01, 0xFC, 0x00, 0x0F, 0xE0, 0x00, 0x7F, 0x00, 
  0x03, 0xF8, 0x00, 0x0F, 0xE0, 0x00, 0x7F, 0x00, 0x03, 0xF8, 0x00, 0x1F, 
  0xC0, 0x00, 0x7E, 0x00, 0x03, 0xF8, 0x00, 0x1F, 0xC0, 0x00, 0xFE, 0x00, 
  0x07, 0xF0, 0x00, 0x1F, 0xC0, 0x00, 0xFF, 0xFF, 0xFF, 0xFF, 0xFF, 0xFF, 
  0xFF, 0xFF, 0xFF, 0xFF, 0xFF, 0xFF, 0xFF, 0xFC, 0xFF, 0xFF, 0xFF, 0xFF, 
  0xFF, 0x87, 0xC3, 0xE1, 0xF0, 0xF8, 0x7C, 0x3E, 0x1F, 0x0F, 0x87, 0xC3, 
  0xE1, 0xF0, 0xF8, 0x7C, 0x3E, 0x1F, 0x0F, 0x87, 0xC3, 0xE1, 0xF0, 0xF8, 
  0x7C, 0x3E, 0x1F, 0x0F, 0x87, 0xC3, 0xE1, 0xF0, 0xF8, 0x7F, 0xFF, 0xFF, 
  0xFF, 0xF8, 0xC0, 0x1C, 0x03, 0x80, 0x30, 0x07, 0x00, 0xE0, 0x0C, 0x01, 
  0xC0, 0x38, 0x03, 0x00, 0x70, 0x0E, 0x00, 0xC0, 0x18, 0x03, 0x80, 0x70, 
  0x06, 0x00, 0xE0, 0x1C, 0x01, 0x80, 0x38, 0x07, 0x00, 0x60, 0x0E, 0x01, 
  0xC0, 0x18, 0x03, 0x80, 0x70, 0x06, 0xFF, 0xFF, 0xFF, 0xFF, 0xF0, 0xF8, 
  0x7C, 0x3E, 0x1F, 0x0F, 0x87, 0xC3, 0xE1, 0xF0, 0xF8, 0x7C, 0x3E, 0x1F, 
  0x0F, 0x87, 0xC3, 0xE1, 0xF0, 0xF8, 0x7C, 0x3E, 0x1F, 0x0F, 0x87, 0xC3, 
  0xE1, 0xF0, 0xF8, 0x7C, 0x3E, 0x1F, 0x0F, 0xFF, 0xFF, 0xFF, 0xFF, 0xF8, 
  0x01, 0xF0, 0x00, 0xFC, 0x00, 0x3F, 0x80, 0x1F, 0xE0, 0x07, 0xFC, 0x01, 
  0xEF, 0x00, 0xFB, 0xC0, 0x3C, 0xF8, 0x1F, 0x1E, 0x07, 0x87, 0xC1, 0xE0, 
  0xF0, 0xF8, 0x3C, 0x3C, 0x0F, 0x8F, 0x01, 0xE7, 0xC0, 0x7D, 0xE0, 0x0F, 
  0xFF, 0xFF, 0xFF, 0xFF, 0xFF, 0xFF, 0xFF, 0xFF, 0xFF, 0xF8, 0xF1, 0xF1, 
  0xE1, 0xE1, 0xC0, 0x00, 0x40, 0x00, 0xFF, 0xE0, 0x1F, 0xFF, 0x83, 0xFF, 
  0xF8, 0x7F, 0xFF, 0xC7, 0xE0, 0xFC, 0x7C, 0x07, 0xC7, 0xC0, 0x7C, 0x00, 
  0x0F, 0xC0, 0x07, 0xFC, 0x0F, 0xFF, 0xC3, 0xFF, 0xFC, 0x7F, 0xE7, 0xC7, 
  0xE0, 0x7C, 0xFC, 0x07, 0xCF, 0xC0, 0x7C, 0xFC, 0x0F, 0xCF, 0xC1, 0xFC, 
  0xFF, 0xFF, 0xC7, 0xFF, 0xFC, 0x7F, 0xF7, 0xE3, 0xFE, 0x7F, 0x0F, 0x80, 
  0x00, 0xFC, 0x00, 0x07, 0xE0, 0x00, 0x3F, 0x00, 0x01, 0xF8, 0x00, 0x0F, 
  0xC0, 0x00, 0x7E, 0x00, 0x03, 0xF0, 0x00, 0x1F, 0x82, 0x00, 0xFC, 0xFE, 
  0x07, 0xEF, 0xFC, 0x3F, 0xFF, 0xF1, 0xFF, 0xFF, 0xCF, 0xF8, 0xFE, 0x7F, 
  0x03, 0xFB, 0xF8, 0x0F, 0xDF, 0x80, 0x7E, 0xFC, 0x01, 0xF7, 0xE0, 0x0F, 
  0xBF, 0x00, 0x7F, 0xF8, 0x03, 0xEF, 0xC0, 0x1F, 0x7E, 0x00, 0xFB, 0xF0, 
  0x0F, 0xDF, 0xC0, 0x7E, 0xFF, 0x07, 0xE7, 0xFF, 0xFF, 0x3F, 0xFF, 0xF1, 
  0xFF, 0xFF, 0x0F, 0xDF, 0xF0, 0x00, 0x3E, 0x00, 0x00, 0x00, 0x00, 0x7F, 
  0xC0, 0x3F, 0xFC, 0x0F, 0xFF, 0xC3, 0xFF, 0xFC, 0x7E, 0x1F, 0xDF, 0x81, 
  0xFB, 0xF0, 0x1F, 0x7C, 0x03, 0xFF, 0x80, 0x03, 0xF0, 0x00, 0x7E, 0x00, 
  0x0F, 0xC0, 0x01, 0xF8, 0x00, 0x3F, 0x00, 0x03, 0xE0, 0x1F, 0x7E, 0x03, 
  0xEF, 0xE0, 0xFC, 0xFF, 0xFF, 0x0F, 0xFF, 0xE1, 0xFF, 0xF8, 0x0F, 0xFC, 
  0x00, 0x7E, 0x00, 0x00, 0x01, 0xF0, 0x00, 0x1F, 0x00, 0x01, 0xF0, 0x00, 
  0x1F, 0x00, 0x01, 0xF0, 0x00, 0x1F, 0x00, 0x01, 0xF0, 0x00, 0x1F, 0x07, 
  0xF9, 0xF0, 0xFF, 0xDF, 0x1F, 0xFF, 0xF3, 0xFF, 0xFF, 0x3F, 0x8F, 0xF7, 
  0xE0, 0x7F, 0x7E, 0x03, 0xFF, 0xC0, 0x3F, 0xFC, 0x01, 0xFF, 0xC0, 0x1F, 
  0xFC, 0x01, 0xFF, 0xC0, 0x1F, 0xFC, 0x01, 0xFF, 0xC0, 0x3F, 0x7C, 0x03, 
  0xF7, 0xE0, 0x3F, 0x7F, 0x07, 0xF3, 0xFF, 0xFF, 0x3F, 0xFF, 0xF1, 0xFF, 
  0xDF, 0x0F, 0xF9, 0xF0, 0x1F, 0x00, 0x00, 0x40, 0x00, 0x7F, 0xC0, 0x0F, 
  0xFF, 0x01, 0xFF, 0xF8, 0x3F, 0xFF, 0xC7, 0xE0, 0xFC, 0x7C, 0x07, 0xEF, 
  0xC0, 0x7E, 0xFC, 0x03, 0xEF, 0x80, 0x3E, 0xFF, 0xFF, 0xEF, 0xFF, 0xFF, 
  0xFF, 0xFF, 0xFF, 0x80, 0x00, 0xF8, 0x00, 0x0F, 0xC0, 0x00, 0xFC, 0x03, 
  0xE7, 0xE0, 0x7E, 0x7F, 0x9F, 0xC3, 0xFF, 0xF8, 0x1F, 0xFF, 0x00, 0xFF, 
  0xE0, 0x01, 0xF0, 0x00, 0x00, 0x81, 0xFC, 0x7F, 0x8F, 0xF1, 0xFE, 0x3E, 
  0x07, 0xC0, 0xF8, 0xFF, 0xFF, 0xFF, 0xFF, 0xFF, 0xF1, 0xF0, 0x3E, 0x07, 
  0xC0, 0xF8, 0x1F, 0x03, 0xE0, 0x7C, 0x0F, 0x81, 0xF0, 0x3E, 0x07, 0xC0, 
  0xF8, 0x1F, 0x03, 0xE0, 0x7C, 0x0F, 0x81, 0xF0, 0x00, 0x00, 0x00, 0x7F, 
  0x9F, 0x0F, 0xFD, 0xF1, 0xFF, 0xFF, 0x3F, 0xFF, 0xF3, 0xF8, 0xFF, 0x7E, 
  0x07, 0xF7, 0xE0, 0x3F, 0x7C, 0x03, 0xFF, 0xC0, 0x1F, 0xFC, 0x01, 0xFF, 
  0xC0, 0x1F, 0xFC, 0x01, 0xFF, 0xC0, 0x1F, 0xFC, 0x01, 0xF7, 0xC0, 0x3F, 
  0x7E, 0x03, 0xF7, 0xF0, 0x7F, 0x3F, 0xFF, 0xF3, 0xFF, 0xFF, 0x1F, 0xFD, 
  0xF0, 0xFF, 0x9F, 0x03, 0xF1, 0xF0, 0x00, 0x1F, 0x00, 0x01, 0xF7, 0xE0, 
  0x3F, 0x7F, 0x07, 0xE3, 0xFF, 0xFE, 0x1F, 0xFF, 0xC0, 0xFF, 0xF0, 0x00, 
  0x20, 0x00, 0xF8, 0x00, 0x3E, 0x00, 0x0F, 0x80, 0x03, 0xE0, 0x00, 0xF8, 
  0x00, 0x3E, 0x00, 0x0F, 0x80, 0x03, 0xE0, 0x00, 0xF9, 0xFE, 0x3E, 0xFF, 
  0xCF, 0xFF, 0xFB, 0xFF, 0xFF, 0xFF, 0x1F, 0xFF, 0x03, 0xFF, 0x80, 0x7F, 
  0xE0, 0x1F, 0xF8, 0x07, 0xFE, 0x01, 0xFF, 0x80, 0x7F, 0xE0, 0x1F, 0xF8, 
  0x07, 0xFE, 0x01, 0xFF, 0x80, 0x7F, 0xE0, 0x1F, 0xF8, 0x07, 0xFE, 0x01, 
  0xFF, 0x80, 0x7F, 0xE0, 0x1F, 0xF8, 0x07, 0xC0, 0xFF, 0xFF, 0xFF, 0x80, 
  0x00, 0xFF, 0xFF, 0xFF, 0xFF, 0xFF, 0xFF, 0xFF, 0xFF, 0xFF, 0xFF, 0xFF, 
  0xFF, 0xFF, 0x80, 0x1F, 0x1F, 0x1F, 0x1F, 0x1F, 0x00, 0x00, 0x00, 0x1F, 
  0x1F, 0x1F, 0x1F, 0x1F, 0x1F, 0x1F, 0x1F, 0x1F, 0x1F, 0x1F, 0x1F, 0x1F, 
  0x1F, 0x1F, 0x1F, 0x1F, 0x1F, 0x1F, 0x1F, 0x1F, 0x1F, 0x1F, 0x1F, 0x1F, 
  0xFF, 0xFF, 0xFF, 0xFE, 0x18, 0xFC, 0x00, 0x1F, 0x80, 0x03, 0xF0, 0x00, 
  0x7E, 0x00, 0x0F, 0xC0, 0x01, 0xF8, 0x00, 0x3F, 0x00, 0x07, 0xE0, 0x00, 
  0xFC, 0x0F, 0xDF, 0x83, 0xF3, 0xF0, 0xFE, 0x7E, 0x1F, 0x8F, 0xC7, 0xE1, 
  0xF9, 0xF8, 0x3F, 0x7E, 0x07, 0xFF, 0x80, 0xFF, 0xF0, 0x1F, 0xFF, 0x03, 
  0xFF, 0xE0, 0x7F, 0xFE, 0x0F, 0xEF, 0xC1, 0xF8, 0xFC, 0x3F, 0x1F, 0xC7, 
  0xE1, 0xF8, 0xFC, 0x1F, 0x9F, 0x83, 0xF3, 0xF0, 0x3F, 0x7E, 0x07, 0xFF, 
  0xC0, 0x7E, 0xFF, 0xFF, 0xFF, 0xFF, 0xFF, 0xFF, 0xFF, 0xFF, 0xFF, 0xFF, 
  0xFF, 0xFF, 0xFF, 0xFF, 0xFF, 0xFF, 0xFF, 0xFF, 0x80, 0x00, 0x10, 0x01, 
  0x03, 0xF3, 0xF8, 0x3F, 0xCF, 0xDF, 0xFB, 0xFF, 0xBF, 0xFF, 0xFF, 0xFE, 
  0xFF, 0xFF, 0xFF, 0xFF, 0xFC, 0x7F, 0xC7, 0xFF, 0xE0, 0xFE, 0x0F, 0xFF, 
  0x01, 0xF0, 0x1F, 0xFC, 0x07, 0xC0, 0x7F, 0xF0, 0x1F, 0x01, 0xFF, 0xC0, 
  0x7C, 0x07, 0xFF, 0x01, 0xF0, 0x1F, 0xFC, 0x07, 0xC0, 0x7F, 0xF0, 0x1F, 
  0x01, 0xFF, 0xC0, 0x7C, 0x07, 0xFF, 0x01, 0xF0, 0x1F, 0xFC, 0x07, 0xC0, 
  0x7F, 0xF0, 0x1F, 0x01, 0xFF, 0xC0, 0x7C, 0x07, 0xFF, 0x01, 0xF0, 0x1F, 
  0xFC, 0x07, 0xC0, 0x7F, 0xF0, 0x1F, 0x01, 0xF0, 0x00, 0x00, 0x1F, 0x9F, 
  0xE3, 0xF7, 0xFF, 0x7F, 0xFF, 0xEF, 0xFF, 0xFF, 0xFF, 0x1F, 0xFF, 0x81, 
  0xFF, 0xE0, 0x1F, 0xFC, 0x03, 0xFF, 0x80, 0x7F, 0xF0, 0x0F, 0xFE, 0x01, 
  0xFF, 0xC0, 0x3F, 0xF8, 0x07, 0xFF, 0x00, 0xFF, 0xE0, 0x1F, 0xFC, 0x03, 
  0xFF, 0x80, 0x7F, 0xF0, 0x0F, 0xFE, 0x01, 0xFF, 0xC0, 0x3F, 0xF8, 0x07, 
  0xC0, 0x00, 0x00, 0x00, 0x1F, 0xF8, 0x03, 0xFF, 0xE0, 0x3F, 0xFF, 0xC3, 
  0xFF, 0xFE, 0x1F, 0xC3, 0xF9, 0xF8, 0x0F, 0xCF, 0xC0, 0x3F, 0x7C, 0x01, 
  0xFF, 0xE0, 0x07, 0xFF, 0x00, 0x3F, 0xF8, 0x01, 0xFF, 0xC0, 0x0F, 0xFE, 
  0x00, 0x7D, 0xF0, 0x07, 0xEF, 0xC0, 0x3F, 0x7E, 0x03, 0xFB, 0xF8, 0x1F, 
  0x8F, 0xFF, 0xFC, 0x3F, 0xFF, 0xC0, 0xFF, 0xFC, 0x03, 0xFF, 0xC0, 0x07, 
  0xF0, 0x00, 0x00, 0x10, 0x0F, 0xCF, 0xF0, 0xFD, 0xFF, 0x8F, 0xFF, 0xFC, 
  0xFF, 0xFF, 0xEF, 0xF8, 0xFE, 0xFE, 0x07, 0xFF, 0xE0, 0x3F, 0xFC, 0x03, 
  0xFF, 0xC0, 0x1F, 0xFC, 0x01, 0xFF, 0xC0, 0x1F, 0xFC, 0x01, 0xFF, 0xC0, 
  0x1F, 0xFC, 0x01, 0xFF, 0xC0, 0x3F, 0xFE, 0x03, 0xFF, 0xF0, 0x7E, 0xFF, 
  0xFF, 0xEF, 0xFF, 0xFC, 0xFF, 0xFF, 0x8F, 0xDF, 0xF0, 0xFC, 0x7C, 0x0F, 
  0xC0, 0x00, 0xFC, 0x00, 0x0F, 0xC0, 0x00, 0xFC, 0x00, 0x0F, 0xC0, 0x00, 
  0xFC, 0x00, 0x0F, 0xC0, 0x00, 0xFC, 0x00, 0x00, 0x00, 0x00, 0x00, 0x7F, 
  0x9F, 0x0F, 0xFD, 0xF1, 0xFF, 0xFF, 0x3F, 0xFF, 0xF7, 0xF8, 0xFF, 0x7E, 
  0x07, 0xF7, 0xE0, 0x3F, 0xFC, 0x03, 0xFF, 0xC0, 0x1F, 0xFC, 0x01, 0xFF, 
  0xC0, 0x1F, 0xFC, 0x01, 0xFF, 0xC0, 0x1F, 0xFC, 0x03, 0xF7, 0xC0, 0x3F, 
  0x7E, 0x03, 0xF7, 0xF0, 0x7F, 0x3F, 0xFF, 0xF3, 0xFF, 0xFF, 0x1F, 0xFD, 
  0xF0, 0xFF, 0x9F, 0x03, 0xF1, 0xF0, 0x00, 0x1F, 0x00, 0x01, 0xF0, 0x00, 
  0x1F, 0x00, 0x01, 0xF0, 0x00, 0x1F, 0x00, 0x01, 0xF0, 0x00, 0x1F, 0x00, 
  0x01, 0xF0, 0x00, 0x0F, 0xC7, 0xFD, 0xFF, 0xDF, 0xFF, 0xFF, 0xFF, 0xFF, 
  0x0F, 0xE0, 0xFC, 0x0F, 0xC0, 0xFC, 0x0F, 0xC0, 0xFC, 0x0F, 0xC0, 0xFC, 
  0x0F, 0xC0, 0xFC, 0x0F, 0xC0, 0xFC, 0x0F, 0xC0, 0xFC, 0x0F, 0xC0, 0x00, 
  0x40, 0x00, 0xFF, 0xC0, 0x7F, 0xFC, 0x1F, 0xFF, 0xC3, 0xFF, 0xFC, 0xFC, 
  0x1F, 0x9F, 0x01, 0xFB, 0xF0, 0x3F, 0x7F, 0x80, 0x0F, 0xFE, 0x00, 0xFF, 
  0xF8, 0x0F, 0xFF, 0xC0, 0x7F, 0xFC, 0x01, 0xFF, 0xC0, 0x07, 0xF8, 0x00, 
  0x3F, 0xFC, 0x03, 0xFF, 0x80, 0xFD, 0xFE, 0x7F, 0xBF, 0xFF, 0xE3, 0xFF, 
  0xF8, 0x3F, 0xFE, 0x00, 0xFF, 0x00, 0x3F, 0x07, 0xE0, 0xFC, 0x1F, 0x83, 
  0xF1, 0xFF, 0xFF, 0xFF, 0xFF, 0xFF, 0xE7, 0xE0, 0xFC, 0x1F, 0x83, 0xF0, 
  0x7E, 0x0F, 0xC1, 0xF8, 0x3F, 0x07, 0xE0, 0xFC, 0x1F, 0x83, 0xF0, 0x7E, 
  0x0F, 0xE1, 0xFF, 0x1F, 0xE3, 0xFC, 0x1F, 0x80, 0xFC, 0x03, 0xFF, 0x80, 
  0x7F, 0xF0, 0x0F, 0xFE, 0x01, 0xFF, 0xC0, 0x3F, 0xF8, 0x07, 0xFF, 0x00, 
  0xFF, 0xE0, 0x1F, 0xFC, 0x03, 0xFF, 0x80, 0x7F, 0xF0, 0x0F, 0xFE, 0x01, 
  0xFF, 0xC0, 0x3F, 0xF8, 0x07, 0xFF, 0x01, 0xFF, 0xE0, 0x3F, 0xFE, 0x0F, 
  0xEF, 0xFF, 0xFD, 0xFF, 0xFF, 0x9F, 0xFD, 0xF1, 0xFF, 0x3E, 0x0F, 0x80, 
  0x00, 0xFC, 0x03, 0xFF, 0xC0, 0x3E, 0xFC, 0x07, 0xE7, 0xC0, 0x7E, 0x7E, 
  0x07, 0xC7, 0xE0, 0x7C, 0x3E, 0x0F, 0xC3, 0xF0, 0xF8, 0x1F, 0x0F, 0x81, 
  0xF0, 0xF8, 0x1F, 0x9F, 0x00, 0xF9, 0xF0, 0x0F, 0x9F, 0x00, 0xFB, 0xE0, 
  0x07, 0xFE, 0x00, 0x7F, 0xE0, 0x07, 0xFC, 0x00, 0x3F, 0xC0, 0x03, 0xFC, 
  0x00, 0x3F, 0x80, 0x01, 0xF8, 0x00, 0xFC, 0x0F, 0xC0, 0xFD, 0xF0, 0x3F, 
  0x03, 0xF7, 0xC0, 0xFE, 0x0F, 0x9F, 0x83, 0xF8, 0x3E, 0x7E, 0x1F, 0xE1, 
  0xF8, 0xF8, 0x7F, 0x87, 0xC3, 0xE1, 0xFE, 0x1F, 0x0F, 0xC7, 0xFC, 0x7C, 
  0x1F, 0x1E, 0xF3, 0xF0, 0x7C, 0xF3, 0xCF, 0x81, 0xF3, 0xCF, 0x3E, 0x07, 
  0xEF, 0x3C, 0xF8, 0x0F, 0xBC, 0x7B, 0xC0, 0x3F, 0xE1, 0xFF, 0x00, 0xFF, 
  0x87, 0xFC, 0x01, 0xFE, 0x1F, 0xF0, 0x07, 0xF8, 0x7F, 0x80, 0x1F, 0xE0, 
  0xFE, 0x00, 0x7F, 0x03, 0xF8, 0x00, 0xFC, 0x0F, 0xC0, 0x03, 0xF0, 0x3F, 
  0x00, 0xFE, 0x07, 0xE7, 0xE0, 0xFE, 0x3F, 0x0F, 0xC3, 0xF1, 0xF8, 0x1F, 
  0x9F, 0x81, 0xFB, 0xF0, 0x0F, 0xFE, 0x00, 0x7F, 0xE0, 0x07, 0xFC, 0x00, 
  0x3F, 0x80, 0x01, 0xF8, 0x00, 0x3F, 0xC0, 0x07, 0xFC, 0x00, 0x7F, 0xE0, 
  0x0F, 0xFF, 0x01, 0xFB, 0xF0, 0x1F, 0x9F, 0x83, 0xF1, 0xFC, 0x7F, 0x0F, 
  0xC7, 0xE0, 0x7E, 0xFC, 0x07, 0xF0, 0x7E, 0x01, 0xFB, 0xF0, 0x0F, 0x9F, 
  0x80, 0x7C, 0x7C, 0x07, 0xE3, 0xF0, 0x3E, 0x1F, 0x81, 0xF0, 0x7C, 0x0F, 
  0x83, 0xF0, 0xF8, 0x1F, 0x87, 0xC0, 0x7C, 0x3E, 0x03, 0xF3, 0xE0, 0x1F, 
  0x9F, 0x00, 0x7C, 0xF8, 0x03, 0xF7, 0x80, 0x0F, 0xFC, 0x00, 0x7F, 0xE0, 
  0x03, 0xFE, 0x00, 0x0F, 0xF0, 0x00, 0x7F, 0x80, 0x03, 0xF8, 0x00, 0x0F, 
  0xC0, 0x00, 0x7E, 0x00, 0x03, 0xE0, 0x00, 0x1F, 0x00, 0x01, 0xF8, 0x00, 
  0xFF, 0x80, 0x07, 0xFC, 0x00, 0x3F, 0xC0, 0x01, 0xFC, 0x00, 0x06, 0x00, 
  0x00, 0x7F, 0xFF, 0xBF, 0xFF, 0xDF, 0xFF, 0xEF, 0xFF, 0xF0, 0x03, 0xF8, 
  0x03, 0xF8, 0x03, 0xF8, 0x01, 0xF8, 0x01, 0xF8, 0x01, 0xFC, 0x01, 0xFC, 
  0x01, 0xFC, 0x01, 0xFC, 0x01, 0xFC, 0x00, 0xFC, 0x00, 0xFE, 0x00, 0xFE, 
  0x00, 0x7F, 0xFF, 0xFF, 0xFF, 0xFF, 0xFF, 0xFF, 0xFF, 0xF8, 0x00, 0xE0, 
  0xFC, 0x1F, 0x87, 0xF0, 0xF8, 0x1E, 0x03, 0xC0, 0x78, 0x0F, 0x01, 0xE0, 
  0x3C, 0x07, 0x80, 0xF0, 0x1E, 0x03, 0xC0, 0xF8, 0x3F, 0x1F, 0xC3, 0xE0, 
  0x7F, 0x03, 0xF0, 0x3E, 0x03, 0xC0, 0x78, 0x0F, 0x01, 0xE0, 0x3C, 0x07, 
  0x80, 0xF0, 0x1E, 0x03, 0xC0, 0x78, 0x0F, 0x81, 0xFC, 0x3F, 0x83, 0xF0, 
  0x1E, 0xFF, 0xFF, 0xFF, 0xFF, 0xFF, 0xFF, 0xFF, 0xFF, 0xFF, 0xFF, 0xFF, 
  0xFF, 0xFF, 0xFE, 0xE0, 0x1F, 0x83, 0xF8, 0x7F, 0x03, 0xE0, 0x3E, 0x07, 
  0xC0, 0xF8, 0x1F, 0x03, 0xE0, 0x7C, 0x0F, 0x81, 0xF0, 0x3E, 0x07, 0xC0, 
  0xF8, 0x1F, 0x01, 0xFC, 0x0F, 0x83, 0xF1, 0xFE, 0x3E, 0x07, 0xC0, 0xF8, 
  0x1F, 0x03, 0xE0, 0x7C, 0x0F, 0x81, 0xF0, 0x3E, 0x07, 0xC0, 0xF8, 0x1F, 
  0x1F, 0xC3, 0xF8, 0x7E, 0x0F, 0x80, 0x3F, 0x00, 0x1F, 0xF0, 0x77, 0xFE, 
  0x1D, 0xC7, 0xFF, 0xE0, 0x7F, 0x80, 0x0F, 0xC0, 0xFF, 0xFF, 0xFF, 0xFF, 
  0xFF, 0xFF, 0xFF, 0xFF, 0xFF, 0xFF, 0xFF, 0xC0, 0x0F, 0xFE, 0x00, 0x7F, 
  0xF0, 0x03, 0xFF, 0x80, 0x1F, 0xFC, 0x00, 0xFF, 0xE0, 0x07, 0xFF, 0x00, 
  0x3F, 0xF8, 0x01, 0xFF, 0xC0, 0x0F, 0xFE, 0x00, 0x7F, 0xF0, 0x03, 0xFF, 
  0x80, 0x1F, 0xFC, 0x00, 0xFF, 0xE0, 0x07, 0xFF, 0x00, 0x3F, 0xF8, 0x01, 
  0xFF, 0xC0, 0x0F, 0xFE, 0x00, 0x7F, 0xF0, 0x03, 0xFF, 0x80, 0x1F, 0xFC, 
  0x00, 0xFF, 0xFF, 0xFF, 0xFF, 0xFF, 0xFF, 0xFF, 0xFF, 0xFF, 0xFF, 0xFF, 
  0x80, 0xFF, 0xFF, 0xFF, 0xFF, 0xFF, 0xFF, 0xFF, 0xFF, 0xFF, 0xFF, 0xFF, 
  0xC0, 0x0F, 0xFE, 0x00, 0x7F, 0xF0, 0x03, 0xFF, 0x80, 0x1F, 0xFC, 0x00, 
  0xFF, 0xE0, 0x07, 0xFF, 0x00, 0x3F, 0xF8, 0x01, 0xFF, 0xC0, 0x0F, 0xFE, 
  0x00, 0x7F, 0xF0, 0x03, 0xFF, 0x80, 0x1F, 0xFC, 0x00, 0xFF, 0xE0, 0x07, 
  0xFF, 0x00, 0x3F, 0xF8, 0x01, 0xFF, 0xC0, 0x0F, 0xFE, 0x00, 0x7F, 0xF0, 
  0x03, 0xFF, 0x80, 0x1F, 0xFC, 0x00, 0xFF, 0xFF, 0xFF, 0xFF, 0xFF, 0xFF, 
  0xFF, 0xFF, 0xFF, 0xFF, 0xFF, 0x80, 0xFF, 0xFF, 0xFF, 0xFF, 0xFF, 0xFF, 
  0xFF, 0xFF, 0xFF, 0xFF, 0xFF, 0xC0, 0x0F, 0xFE, 0x00, 0x7F, 0xF0, 0x03, 
  0xFF, 0x80, 0x1F, 0xFC, 0x00, 0xFF, 0xE0, 0x07, 0xFF, 0x00, 0x3F, 0xF8, 
  0x01, 0xFF, 0xC0, 0x0F, 0xFE, 0x00, 0x7F, 0xF0, 0x03, 0xFF, 0x80, 0x1F, 
  0xFC, 0x00, 0xFF, 0xE0, 0x07, 0xFF, 0x00, 0x3F, 0xF8, 0x01, 0xFF, 0xC0, 
  0x0F, 0xFE, 0x00, 0x7F, 0xF0, 0x03, 0xFF, 0x80, 0x1F, 0xFC, 0x00, 0xFF, 
  0xFF, 0xFF, 0xFF, 0xFF, 0xFF, 0xFF, 0xFF, 0xFF, 0xFF, 0xFF, 0x80, 0xFF, 
  0xFF, 0xFF, 0xFF, 0xFF, 0xFF, 0xFF, 0xFF, 0xFF, 0xFF, 0xFF, 0xC0, 0x0F, 
  0xFE, 0x00, 0x7F, 0xF0, 0x03, 0xFF, 0x80, 0x1F, 0xFC, 0x00, 0xFF, 0xE0, 
  0x07, 0xFF, 0x00, 0x3F, 0xF8, 0x01, 0xFF, 0xC0, 0x0F, 0xFE, 0x00, 0x7F, 
  0xF0, 0x03, 0xFF, 0x80, 0x1F, 0xFC, 0x00, 0xFF, 0xE0, 0x07, 0xFF, 0x00, 
  0x3F, 0xF8, 0x01, 0xFF, 0xC0, 0x0F, 0xFE, 0x00, 0x7F, 0xF0, 0x03, 0xFF, 
  0x80, 0x1F, 0xFC, 0x00, 0xFF, 0xFF, 0xFF, 0xFF, 0xFF, 0xFF, 0xFF, 0xFF, 
  0xFF, 0xFF, 0xFF, 0x80, 0xFF, 0xFF, 0xFF, 0xFF, 0xFF, 0xFF, 0xFF, 0xFF, 
  0xFF, 0xFF, 0xFF, 0xC0, 0x0F, 0xFE, 0x00, 0x7F, 0xF0, 0x03, 0xFF, 0x80, 
  0x1F, 0xFC, 0x00, 0xFF, 0xE0, 0x07, 0xFF, 0x00, 0x3F, 0xF8, 0x01, 0xFF, 
  0xC0, 0x0F, 0xFE, 0x00, 0x7F, 0xF0, 0x03, 0xFF, 0x80, 0x1F, 0xFC, 0x00, 
  0xFF, 0xE0, 0x07, 0xFF, 0x00, 0x3F, 0xF8, 0x01, 0xFF, 0xC0, 0x0F, 0xFE, 
  0x00, 0x7F, 0xF0, 0x03, 0xFF, 0x80, 0x1F, 0xFC, 0x00, 0xFF, 0xFF, 0xFF, 
  0xFF, 0xFF, 0xFF, 0xFF, 0xFF, 0xFF, 0xFF, 0xFF, 0x80, 0xFF, 0xFF, 0xFF, 
  0xFF, 0xFF, 0xFF, 0xFF, 0xFF, 0xFF, 0xFF, 0xFF, 0xC0, 0x0F, 0xFE, 0x00, 
  0x7F, 0xF0, 0x03, 0xFF, 0x80, 0x1F, 0xFC, 0x00, 0xFF, 0xE0, 0x07, 0xFF, 
  0x00, 0x3F, 0xF8, 0x01, 0xFF, 0xC0, 0x0F, 0xFE, 0x00, 0x7F, 0xF0, 0x03, 
  0xFF, 0x80, 0x1F, 0xFC, 0x00, 0xFF, 0xE0, 0x07, 0xFF, 0x00, 0x3F, 0xF8, 
  0x01, 0xFF, 0xC0, 0x0F, 0xFE, 0x00, 0x7F, 0xF0, 0x03, 0xFF, 0x80, 0x1F, 
  0xFC, 0x00, 0xFF, 0xFF, 0xFF, 0xFF, 0xFF, 0xFF, 0xFF, 0xFF, 0xFF, 0xFF, 
  0xFF, 0x80, 0xFF, 0xFF, 0xFF, 0xFF, 0xFF, 0xFF, 0xFF, 0xFF, 0xFF, 0xFF, 
  0xFF, 0xC0, 0x0F, 0xFE, 0x00, 0x7F, 0xF0, 0x03, 0xFF, 0x80, 0x1F, 0xFC, 
  0x00, 0xFF, 0xE0, 0x07, 0xFF, 0x00, 0x3F, 0xF8, 0x01, 0xFF, 0xC0, 0x0F, 
  0xFE, 0x00, 0x7F, 0xF0, 0x03, 0xFF, 0x80, 0x1F, 0xFC, 0x00, 0xFF, 0xE0, 
  0x07, 0xFF, 0x00, 0x3F, 0xF8, 0x01, 0xFF, 0xC0, 0x0F, 0xFE, 0x00, 0x7F, 
  0xF0, 0x03, 0xFF, 0x80, 0x1F, 0xFC, 0x00, 0xFF, 0xFF, 0xFF, 0xFF, 0xFF, 
  0xFF, 0xFF, 0xFF, 0xFF, 0xFF, 0xFF, 0x80, 0xFF, 0xFF, 0xFF, 0xFF, 0xFF, 
  0xFF, 0xFF, 0xFF, 0xFF, 0xFF, 0xFF, 0xC0, 0x0F, 0xFE, 0x00, 0x7F, 0xF0, 
  0x03, 0xFF, 0x80, 0x1F, 0xFC, 0x00, 0xFF, 0xE0, 0x07, 0xFF, 0x00, 0x3F, 
  0xF8, 0x01, 0xFF, 0xC0, 0x0F, 0xFE, 0x00, 0x7F, 0xF0, 0x03, 0xFF, 0x80, 
  0x1F, 0xFC, 0x00, 0xFF, 0xE0, 0x07, 0xFF, 0x00, 0x3F, 0xF8, 0x01, 0xFF, 
  0xC0, 0x0F, 0xFE, 0x00, 0x7F, 0xF0, 0x03, 0xFF, 0x80, 0x1F, 0xFC, 0x00, 
  0xFF, 0xFF, 0xFF, 0xFF, 0xFF, 0xFF, 0xFF, 0xFF, 0xFF, 0xFF, 0xFF, 0x80, 
  0xFF, 0xFF, 0xFF, 0xFF, 0xFF, 0xFF, 0xFF, 0xFF, 0xFF, 0xFF, 0xFF, 0xC0, 
  0x0F, 0xFE, 0x00, 0x7F, 0xF0, 0x03, 0xFF, 0x80, 0x1F, 0xFC, 0x00, 0xFF, 
  0xE0, 0x07, 0xFF, 0x00, 0x3F, 0xF8, 0x01, 0xFF, 0xC0, 0x0F, 0xFE, 0x00, 
  0x7F, 0xF0, 0x03, 0xFF, 0x80, 0x1F, 0xFC, 0x00, 0xFF, 0xE0, 0x07, 0xFF, 
  0x00, 0x3F, 0xF8, 0x01, 0xFF, 0xC0, 0x0F, 0xFE, 0x00, 0x7F, 0xF0, 0x03, 
  0xFF, 0x80, 0x1F, 0xFC, 0x00, 0xFF, 0xFF, 0xFF, 0xFF, 0xFF, 0xFF, 0xFF, 
  0xFF, 0xFF, 0xFF, 0xFF, 0x80, 0xFF, 0xFF, 0xFF, 0xFF, 0xFF, 0xFF, 0xFF, 
  0xFF, 0xFF, 0xFF, 0xFF, 0xC0, 0x0F, 0xFE, 0x00, 0x7F, 0xF0, 0x03, 0xFF, 
  0x80, 0x1F, 0xFC, 0x00, 0xFF, 0xE0, 0x07, 0xFF, 0x00, 0x3F, 0xF8, 0x01, 
  0xFF, 0xC0, 0x0F, 0xFE, 0x00, 0x7F, 0xF0, 0x03, 0xFF, 0x80, 0x1F, 0xFC, 
  0x00, 0xFF, 0xE0, 0x07, 0xFF, 0x00, 0x3F, 0xF8, 0x01, 0xFF, 0xC0, 0x0F, 
  0xFE, 0x00, 0x7F, 0xF0, 0x03, 0xFF, 0x80, 0x1F, 0xFC, 0x00, 0xFF, 0xFF, 
  0xFF, 0xFF, 0xFF, 0xFF, 0xFF, 0xFF, 0xFF, 0xFF, 0xFF, 0x80, 0xFF, 0xFF, 
  0xFF, 0xFF, 0xFF, 0xFF, 0xFF, 0xFF, 0xFF, 0xFF, 0xFF, 0xC0, 0x0F, 0xFE, 
  0x00, 0x7F, 0xF0, 0x03, 0xFF, 0x80, 0x1F, 0xFC, 0x00, 0xFF, 0xE0, 0x07, 
  0xFF, 0x00, 0x3F, 0xF8, 0x01, 0xFF, 0xC0, 0x0F, 0xFE, 0x00, 0x7F, 0xF0, 
  0x03, 0xFF, 0x80, 0x1F, 0xFC, 0x00, 0xFF, 0xE0, 0x07, 0xFF, 0x00, 0x3F, 
  0xF8, 0x01, 0xFF, 0xC0, 0x0F, 0xFE, 0x00, 0x7F, 0xF0, 0x03, 0xFF, 0x80, 
  0x1F, 0xFC, 0x00, 0xFF, 0xFF, 0xFF, 0xFF, 0xFF, 0xFF, 0xFF, 0xFF, 0xFF, 
  0xFF, 0xFF, 0x80, 0xFF, 0xFF, 0xFF, 0xFF, 0xFF, 0xFF, 0xFF, 0xFF, 0xFF, 
  0xFF, 0xFF, 0xC0, 0x0F, 0xFE, 0x00, 0x7F, 0xF0, 0x03, 0xFF, 0x80, 0x1F, 
  0xFC, 0x00, 0xFF, 0xE0, 0x07, 0xFF, 0x00, 0x3F, 0xF8, 0x01, 0xFF, 0xC0, 
  0x0F, 0xFE, 0x00, 0x7F, 0xF0, 0x03, 0xFF, 0x80, 0x1F, 0xFC, 0x00, 0xFF, 
  0xE0, 0x07, 0xFF, 0x00, 0x3F, 0xF8, 0x01, 0xFF, 0xC0, 0x0F, 0xFE, 0x00, 
  0x7F, 0xF0, 0x03, 0xFF, 0x80, 0x1F, 0xFC, 0x00, 0xFF, 0xFF, 0xFF, 0xFF, 
  0xFF, 0xFF, 0xFF, 0xFF, 0xFF, 0xFF, 0xFF, 0x80, 0xFF, 0xFF, 0xFF, 0xFF, 
  0xFF, 0xFF, 0xFF, 0xFF, 0xFF, 0xFF, 0xFF, 0xC0, 0x0F, 0xFE, 0x00, 0x7F, 
  0xF0, 0x03, 0xFF, 0x80, 0x1F, 0xFC, 0x00, 0xFF, 0xE0, 0x07, 0xFF, 0x00, 
  0x3F, 0xF8, 0x01, 0xFF, 0xC0, 0x0F, 0xFE, 0x00, 0x7F, 0xF0, 0x03, 0xFF, 
  0x80, 0x1F, 0xFC, 0x00, 0xFF, 0xE0, 0x07, 0xFF, 0x00, 0x3F, 0xF8, 0x01, 
  0xFF, 0xC0, 0x0F, 0xFE, 0x00, 0x7F, 0xF0, 0x03, 0xFF, 0x80, 0x1F, 0xFC, 
  0x00, 0xFF, 0xFF, 0xFF, 0xFF, 0xFF, 0xFF, 0xFF, 0xFF, 0xFF, 0xFF, 0xFF, 
  0x80, 0xFF, 0xFF, 0xFF, 0xFF, 0xFF, 0xFF, 0xFF, 0xFF, 0xFF, 0xFF, 0xFF, 
  0xC0, 0x0F, 0xFE, 0x00, 0x7F, 0xF0, 0x03, 0xFF, 0x80, 0x1F, 0xFC, 0x00, 
  0xFF, 0xE0, 0x07, 0xFF, 0x00, 0x3F, 0xF8, 0x01, 0xFF, 0xC0, 0x0F, 0xFE, 
  0x00, 0x7F, 0xF0, 0x03, 0xFF, 0x80, 0x1F, 0xFC, 0x00, 0xFF, 0xE0, 0x07, 
  0xFF, 0x00, 0x3F, 0xF8, 0x01, 0xFF, 0xC0, 0x0F, 0xFE, 0x00, 0x7F, 0xF0, 
  0x03, 0xFF, 0x80, 0x1F, 0xFC, 0x00, 0xFF, 0xFF, 0xFF, 0xFF, 0xFF, 0xFF, 
  0xFF, 0xFF, 0xFF, 0xFF, 0xFF, 0x80, 0xFF, 0xFF, 0xFF, 0xFF, 0xFF, 0xFF, 
  0xFF, 0xFF, 0xFF, 0xFF, 0xFF, 0xC0, 0x0F, 0xFE, 0x00, 0x7F, 0xF0, 0x03, 
  0xFF, 0x80, 0x1F, 0xFC, 0x00, 0xFF, 0xE0, 0x07, 0xFF, 0x00, 0x3F, 0xF8, 
  0x01, 0xFF, 0xC0, 0x0F, 0xFE, 0x00, 0x7F, 0xF0, 0x03, 0xFF, 0x80, 0x1F, 
  0xFC, 0x00, 0xFF, 0xE0, 0x07, 0xFF, 0x00, 0x3F, 0xF8, 0x01, 0xFF, 0xC0, 
  0x0F, 0xFE, 0x00, 0x7F, 0xF0, 0x03, 0xFF, 0x80, 0x1F, 0xFC, 0x00, 0xFF, 
  0xFF, 0xFF, 0xFF, 0xFF, 0xFF, 0xFF, 0xFF, 0xFF, 0xFF, 0xFF, 0x80, 0xFF, 
  0xFF, 0xFF, 0xFF, 0xFF, 0xFF, 0xFF, 0xFF, 0xFF, 0xFF, 0xFF, 0xC0, 0x0F, 
  0xFE, 0x00, 0x7F, 0xF0, 0x03, 0xFF, 0x80, 0x1F, 0xFC, 0x00, 0xFF, 0xE0, 
  0x07, 0xFF, 0x00, 0x3F, 0xF8, 0x01, 0xFF, 0xC0, 0x0F, 0xFE, 0x00, 0x7F, 
  0xF0, 0x03, 0xFF, 0x80, 0x1F, 0xFC, 0x00, 0xFF, 0xE0, 0x07, 0xFF, 0x00, 
  0x3F, 0xF8, 0x01, 0xFF, 0xC0, 0x0F, 0xFE, 0x00, 0x7F, 0xF0, 0x03, 0xFF, 
  0x80, 0x1F, 0xFC, 0x00, 0xFF, 0xFF, 0xFF, 0xFF, 0xFF, 0xFF, 0xFF, 0xFF, 
  0xFF, 0xFF, 0xFF, 0x80, 0xFF, 0xFF, 0xFF, 0xFF, 0xFF, 0xFF, 0xFF, 0xFF, 
  0xFF, 0xFF, 0xFF, 0xC0, 0x0F, 0xFE, 0x00, 0x7F, 0xF0, 0x03, 0xFF, 0x80, 
  0x1F, 0xFC, 0x00, 0xFF, 0xE0, 0x07, 0xFF, 0x00, 0x3F, 0xF8, 0x01, 0xFF, 
  0xC0, 0x0F, 0xFE, 0x00, 0x7F, 0xF0, 0x03, 0xFF, 0x80, 0x1F, 0xFC, 0x00, 
  0xFF, 0xE0, 0x07, 0xFF, 0x00, 0x3F, 0xF8, 0x01, 0xFF, 0xC0, 0x0F, 0xFE, 
  0x00, 0x7F, 0xF0, 0x03, 0xFF, 0x80, 0x1F, 0xFC, 0x00, 0xFF, 0xFF, 0xFF, 
  0xFF, 0xFF, 0xFF, 0xFF, 0xFF, 0xFF, 0xFF, 0xFF, 0x80, 0xFF, 0xFF, 0xFF, 
  0xFF, 0xFF, 0xFF, 0xFF, 0xFF, 0xFF, 0xFF, 0xFF, 0xC0, 0x0F, 0xFE, 0x00, 
  0x7F, 0xF0, 0x03, 0xFF, 0x80, 0x1F, 0xFC, 0x00, 0xFF, 0xE0, 0x07, 0xFF, 
  0x00, 0x3F, 0xF8, 0x01, 0xFF, 0xC0, 0x0F, 0xFE, 0x00, 0x7F, 0xF0, 0x03, 
  0xFF, 0x80, 0x1F, 0xFC, 0x00, 0xFF, 0xE0, 0x07, 0xFF, 0x00, 0x3F, 0xF8, 
  0x01, 0xFF, 0xC0, 0x0F, 0xFE, 0x00, 0x7F, 0xF0, 0x03, 0xFF, 0x80, 0x1F, 
  0xFC, 0x00, 0xFF, 0xFF, 0xFF, 0xFF, 0xFF, 0xFF, 0xFF, 0xFF, 0xFF, 0xFF, 
  0xFF, 0x80, 0xFF, 0xFF, 0xFF, 0xFF, 0xFF, 0xFF, 0xFF, 0xFF, 0xFF, 0xFF, 
  0xFF, 0xC0, 0x0F, 0xFE, 0x00, 0x7F, 0xF0, 0x03, 0xFF, 0x80, 0x1F, 0xFC, 
  0x00, 0xFF, 0xE0, 0x07, 0xFF, 0x00, 0x3F, 0xF8, 0x01, 0xFF, 0xC0, 0x0F, 
  0xFE, 0x00, 0x7F, 0xF0, 0x03, 0xFF, 0x80, 0x1F, 0xFC, 0x00, 0xFF, 0xE0, 
  0x07, 0xFF, 0x00, 0x3F, 0xF8, 0x01, 0xFF, 0xC0, 0x0F, 0xFE, 0x00, 0x7F, 
  0xF0, 0x03, 0xFF, 0x80, 0x1F, 0xFC, 0x00, 0xFF, 0xFF, 0xFF, 0xFF, 0xFF, 
  0xFF, 0xFF, 0xFF, 0xFF, 0xFF, 0xFF, 0x80, 0xFF, 0xFF, 0xFF, 0xFF, 0xFF, 
  0xFF, 0xFF, 0xFF, 0xFF, 0xFF, 0xFF, 0xC0, 0x0F, 0xFE, 0x00, 0x7F, 0xF0, 
  0x03, 0xFF, 0x80, 0x1F, 0xFC, 0x00, 0xFF, 0xE0, 0x07, 0xFF, 0x00, 0x3F, 
  0xF8, 0x01, 0xFF, 0xC0, 0x0F, 0xFE, 0x00, 0x7F, 0xF0, 0x03, 0xFF, 0x80, 
  0x1F, 0xFC, 0x00, 0xFF, 0xE0, 0x07, 0xFF, 0x00, 0x3F, 0xF8, 0x01, 0xFF, 
  0xC0, 0x0F, 0xFE, 0x00, 0x7F, 0xF0, 0x03, 0xFF, 0x80, 0x1F, 0xFC, 0x00, 
  0xFF, 0xFF, 0xFF, 0xFF, 0xFF, 0xFF, 0xFF, 0xFF, 0xFF, 0xFF, 0xFF, 0x80, 
  0xFF, 0xFF, 0xFF, 0xFF, 0xFF, 0xFF, 0xFF, 0xFF, 0xFF, 0xFF, 0xFF, 0xC0, 
  0x0F, 0xFE, 0x00, 0x7F, 0xF0, 0x03, 0xFF, 0x80, 0x1F, 0xFC, 0x00, 0xFF, 
  0xE0, 0x07, 0xFF, 0x00, 0x3F, 0xF8, 0x01, 0xFF, 0xC0, 0x0F, 0xFE, 0x00, 
  0x7F, 0xF0, 0x03, 0xFF, 0x80, 0x1F, 0xFC, 0x00, 0xFF, 0xE0, 0x07, 0xFF, 
  0x00, 0x3F, 0xF8, 0x01, 0xFF, 0xC0, 0x0F, 0xFE, 0x00, 0x7F, 0xF0, 0x03, 
  0xFF, 0x80, 0x1F, 0xFC, 0x00, 0xFF, 0xFF, 0xFF, 0xFF, 0xFF, 0xFF, 0xFF, 
  0xFF, 0xFF, 0xFF, 0xFF, 0x80, 0xFF, 0xFF, 0xFF, 0xFF, 0xFF, 0xFF, 0xFF, 
  0xFF, 0xFF, 0xFF, 0xFF, 0xC0, 0x0F, 0xFE, 0x00, 0x7F, 0xF0, 0x03, 0xFF, 
  0x80, 0x1F, 0xFC, 0x00, 0xFF, 0xE0, 0x07, 0xFF, 0x00, 0x3F, 0xF8, 0x01, 
  0xFF, 0xC0, 0x0F, 0xFE, 0x00, 0x7F, 0xF0, 0x03, 0xFF, 0x80, 0x1F, 0xFC, 
  0x00, 0xFF, 0xE0, 0x07, 0xFF, 0x00, 0x3F, 0xF8, 0x01, 0xFF, 0xC0, 0x0F, 
  0xFE, 0x00, 0x7F, 0xF0, 0x03, 0xFF, 0x80, 0x1F, 0xFC, 0x00, 0xFF, 0xFF, 
  0xFF, 0xFF, 0xFF, 0xFF, 0xFF, 0xFF, 0xFF, 0xFF, 0xFF, 0x80, 0xFF, 0xFF, 
  0xFF, 0xFF, 0xFF, 0xFF, 0xFF, 0xFF, 0xFF, 0xFF, 0xFF, 0xC0, 0x0F, 0xFE, 
  0x00, 0x7F, 0xF0, 0x03, 0xFF, 0x80, 0x1F, 0xFC, 0x00, 0xFF, 0xE0, 0x07, 
  0xFF, 0x00, 0x3F, 0xF8, 0x01, 0xFF, 0xC0, 0x0F, 0xFE, 0x00, 0x7F, 0xF0, 
  0x03, 0xFF, 0x80, 0x1F, 0xFC, 0x00, 0xFF, 0xE0, 0x07, 0xFF, 0x00, 0x3F, 
  0xF8, 0x01, 0xFF, 0xC0, 0x0F, 0xFE, 0x00, 0x7F, 0xF0, 0x03, 0xFF, 0x80, 
  0x1F, 0xFC, 0x00, 0xFF, 0xFF, 0xFF, 0xFF, 0xFF, 0xFF, 0xFF, 0xFF, 0xFF, 
  0xFF, 0xFF, 0x80, 0xFF, 0xFF, 0xFF, 0xFF, 0xFF, 0xFF, 0xFF, 0xFF, 0xFF, 
  0xFF, 0xFF, 0xC0, 0x0F, 0xFE, 0x00, 0x7F, 0xF0, 0x03, 0xFF, 0x80, 0x1F, 
  0xFC, 0x00, 0xFF, 0xE0, 0x07, 0xFF, 0x00, 0x3F, 0xF8, 0x01, 0xFF, 0xC0, 
  0x0F, 0xFE, 0x00, 0x7F, 0xF0, 0x03, 0xFF, 0x80, 0x1F, 0xFC, 0x00, 0xFF, 
  0xE0, 0x07, 0xFF, 0x00, 0x3F, 0xF8, 0x01, 0xFF, 0xC0, 0x0F, 0xFE, 0x00, 
  0x7F, 0xF0, 0x03, 0xFF, 0x80, 0x1F, 0xFC, 0x00, 0xFF, 0xFF, 0xFF, 0xFF, 
  0xFF, 0xFF, 0xFF, 0xFF, 0xFF, 0xFF, 0xFF, 0x80, 0xFF, 0xFF, 0xFF, 0xFF, 
  0xFF, 0xFF, 0xFF, 0xFF, 0xFF, 0xFF, 0xFF, 0xC0, 0x0F, 0xFE, 0x00, 0x7F, 
  0xF0, 0x03, 0xFF, 0x80, 0x1F, 0xFC, 0x00, 0xFF, 0xE0, 0x07, 0xFF, 0x00, 
  0x3F, 0xF8, 0x01, 0xFF, 0xC0, 0x0F, 0xFE, 0x00, 0x7F, 0xF0, 0x03, 0xFF, 
  0x80, 0x1F, 0xFC, 0x00, 0xFF, 0xE0, 0x07, 0xFF, 0x00, 0x3F, 0xF8, 0x01, 
  0xFF, 0xC0, 0x0F, 0xFE, 0x00, 0x7F, 0xF0, 0x03, 0xFF, 0x80, 0x1F, 0xFC, 
  0x00, 0xFF, 0xFF, 0xFF, 0xFF, 0xFF, 0xFF, 0xFF, 0xFF, 0xFF, 0xFF, 0xFF, 
  0x80, 0xFF, 0xFF, 0xFF, 0xFF, 0xFF, 0xFF, 0xFF, 0xFF, 0xFF, 0xFF, 0xFF, 
  0xC0, 0x0F, 0xFE, 0x00, 0x7F, 0xF0, 0x03, 0xFF, 0x80, 0x1F, 0xFC, 0x00, 
  0xFF, 0xE0, 0x07, 0xFF, 0x00, 0x3F, 0xF8, 0x01, 0xFF, 0xC0, 0x0F, 0xFE, 
  0x00, 0x7F, 0xF0, 0x03, 0xFF, 0x80, 0x1F, 0xFC, 0x00, 0xFF, 0xE0, 0x07, 
  0xFF, 0x00, 0x3F, 0xF8, 0x01, 0xFF, 0xC0, 0x0F, 0xFE, 0x00, 0x7F, 0xF0, 
  0x03, 0xFF, 0x80, 0x1F, 0xFC, 0x00, 0xFF, 0xFF, 0xFF, 0xFF, 0xFF, 0xFF, 
  0xFF, 0xFF, 0xFF, 0xFF, 0xFF, 0x80, 0xFF, 0xFF, 0xFF, 0xFF, 0xFF, 0xFF, 
  0xFF, 0xFF, 0xFF, 0xFF, 0xFF, 0xC0, 0x0F, 0xFE, 0x00, 0x7F, 0xF0, 0x03, 
  0xFF, 0x80, 0x1F, 0xFC, 0x00, 0xFF, 0xE0, 0x07, 0xFF, 0x00, 0x3F, 0xF8, 
  0x01, 0xFF, 0xC0, 0x0F, 0xFE, 0x00, 0x7F, 0xF0, 0x03, 0xFF, 0x80, 0x1F, 
  0xFC, 0x00, 0xFF, 0xE0, 0x07, 0xFF, 0x00, 0x3F, 0xF8, 0x01, 0xFF, 0xC0, 
  0x0F, 0xFE, 0x00, 0x7F, 0xF0, 0x03, 0xFF, 0x80, 0x1F, 0xFC, 0x00, 0xFF, 
  0xFF, 0xFF, 0xFF, 0xFF, 0xFF, 0xFF, 0xFF, 0xFF, 0xFF, 0xFF, 0x80, 0xFF, 
  0xFF, 0xFF, 0xFF, 0xFF, 0xFF, 0xFF, 0xFF, 0xFF, 0xFF, 0xFF, 0xC0, 0x0F, 
  0xFE, 0x00, 0x7F, 0xF0, 0x03, 0xFF, 0x80, 0x1F, 0xFC, 0x00, 0xFF, 0xE0, 
  0x07, 0xFF, 0x00, 0x3F, 0xF8, 0x01, 0xFF, 0xC0, 0x0F, 0xFE, 0x00, 0x7F, 
  0xF0, 0x03, 0xFF, 0x80, 0x1F, 0xFC, 0x00, 0xFF, 0xE0, 0x07, 0xFF, 0x00, 
  0x3F, 0xF8, 0x01, 0xFF, 0xC0, 0x0F, 0xFE, 0x00, 0x7F, 0xF0, 0x03, 0xFF, 
  0x80, 0x1F, 0xFC, 0x00, 0xFF, 0xFF, 0xFF, 0xFF, 0xFF, 0xFF, 0xFF, 0xFF, 
  0xFF, 0xFF, 0xFF, 0x80, 0xFF, 0xFF, 0xFF, 0xFF, 0xFF, 0xFF, 0xFF, 0xFF, 
  0xFF, 0xFF, 0xFF, 0xC0, 0x0F, 0xFE, 0x00, 0x7F, 0xF0, 0x03, 0xFF, 0x80, 
  0x1F, 0xFC, 0x00, 0xFF, 0xE0, 0x07, 0xFF, 0x00, 0x3F, 0xF8, 0x01, 0xFF, 
  0xC0, 0x0F, 0xFE, 0x00, 0x7F, 0xF0, 0x03, 0xFF, 0x80, 0x1F, 0xFC, 0x00, 
  0xFF, 0xE0, 0x07, 0xFF, 0x00, 0x3F, 0xF8, 0x01, 0xFF, 0xC0, 0x0F, 0xFE, 
  0x00, 0x7F, 0xF0, 0x03, 0xFF, 0x80, 0x1F, 0xFC, 0x00, 0xFF, 0xFF, 0xFF, 
  0xFF, 0xFF, 0xFF, 0xFF, 0xFF, 0xFF, 0xFF, 0xFF, 0x80, 0xFF, 0xFF, 0xFF, 
  0xFF, 0xFF, 0xFF, 0xFF, 0xFF, 0xFF, 0xFF, 0xFF, 0xC0, 0x0F, 0xFE, 0x00, 
  0x7F, 0xF0, 0x03, 0xFF, 0x80, 0x1F, 0xFC, 0x00, 0xFF, 0xE0, 0x07, 0xFF, 
  0x00, 0x3F, 0xF8, 0x01, 0xFF, 0xC0, 0x0F, 0xFE, 0x00, 0x7F, 0xF0, 0x03, 
  0xFF, 0x80, 0x1F, 0xFC, 0x00, 0xFF, 0xE0, 0x07, 0xFF, 0x00, 0x3F, 0xF8, 
  0x01, 0xFF, 0xC0, 0x0F, 0xFE, 0x00, 0x7F, 0xF0, 0x03, 0xFF, 0x80, 0x1F, 
  0xFC, 0x00, 0xFF, 0xFF, 0xFF, 0xFF, 0xFF, 0xFF, 0xFF, 0xFF, 0xFF, 0xFF, 
  0xFF, 0x80, 0xFF, 0xFF, 0xFF, 0xFF, 0xFF, 0xFF, 0xFF, 0xFF, 0xFF, 0xFF, 
  0xFF, 0xC0, 0x0F, 0xFE, 0x00, 0x7F, 0xF0, 0x03, 0xFF, 0x80, 0x1F, 0xFC, 
  0x00, 0xFF, 0xE0, 0x07, 0xFF, 0x00, 0x3F, 0xF8, 0x01, 0xFF, 0xC0, 0x0F, 
  0xFE, 0x00, 0x7F, 0xF0, 0x03, 0xFF, 0x80, 0x1F, 0xFC, 0x00, 0xFF, 0xE0, 
  0x07, 0xFF, 0x00, 0x3F, 0xF8, 0x01, 0xFF, 0xC0, 0x0F, 0xFE, 0x00, 0x7F, 
  0xF0, 0x03, 0xFF, 0x80, 0x1F, 0xFC, 0x00, 0xFF, 0xFF, 0xFF, 0xFF, 0xFF, 
  0xFF, 0xFF, 0xFF, 0xFF, 0xFF, 0xFF, 0x80, 0xFF, 0xFF, 0xFF, 0xFF, 0xFF, 
  0xFF, 0xFF, 0xFF, 0xFF, 0xFF, 0xFF, 0xC0, 0x0F, 0xFE, 0x00, 0x7F, 0xF0, 
  0x03, 0xFF, 0x80, 0x1F, 0xFC, 0x00, 0xFF, 0xE0, 0x07, 0xFF, 0x00, 0x3F, 
  0xF8, 0x01, 0xFF, 0xC0, 0x0F, 0xFE, 0x00, 0x7F, 0xF0, 0x03, 0xFF, 0x80, 
  0x1F, 0xFC, 0x00, 0xFF, 0xE0, 0x07, 0xFF, 0x00, 0x3F, 0xF8, 0x01, 0xFF, 
  0xC0, 0x0F, 0xFE, 0x00, 0x7F, 0xF0, 0x03, 0xFF, 0x80, 0x1F, 0xFC, 0x00, 
  0xFF, 0xFF, 0xFF, 0xFF, 0xFF, 0xFF, 0xFF, 0xFF, 0xFF, 0xFF, 0xFF, 0x80, 
  0xFF, 0xFF, 0xFF, 0xFF, 0xFF, 0xFF, 0xFF, 0xFF, 0xFF, 0xFF, 0xFF, 0xC0, 
  0x0F, 0xFE, 0x00, 0x7F, 0xF0, 0x03, 0xFF, 0x80, 0x1F, 0xFC, 0x00, 0xFF, 
  0xE0, 0x07, 0xFF, 0x00, 0x3F, 0xF8, 0x01, 0xFF, 0xC0, 0x0F, 0xFE, 0x00, 
  0x7F, 0xF0, 0x03, 0xFF, 0x80, 0x1F, 0xFC, 0x00, 0xFF, 0xE0, 0x07, 0xFF, 
  0x00, 0x3F, 0xF8, 0x01, 0xFF, 0xC0, 0x0F, 0xFE, 0x00, 0x7F, 0xF0, 0x03, 
  0xFF, 0x80, 0x1F, 0xFC, 0x00, 0xFF, 0xFF, 0xFF, 0xFF, 0xFF, 0xFF, 0xFF, 
  0xFF, 0xFF, 0xFF, 0xFF, 0x80, 0x00, 0xFF, 0xFF, 0xFF, 0xFC, 0x00, 0x73, 
  0x9C, 0xE7, 0x7F, 0xFF, 0xFF, 0xFF, 0xFF, 0xFF, 0xFF, 0xFF, 0xFF, 0xF0, 
  0x00, 0x60, 0x00, 0x0C, 0x00, 0x01, 0x80, 0x00, 0x30, 0x00, 0x3F, 0xE0, 
  0x1F, 0xFE, 0x07, 0xFF, 0xE1, 0xFF, 0xFE, 0x3F, 0x6F, 0xEF, 0xCC, 0xFD, 
  0xF9, 0x8F, 0xBE, 0x31, 0xF7, 0xC6, 0x01, 0xF8, 0xC0, 0x3F, 0x18, 0x07, 
  0xE3, 0x00, 0xFC, 0x60, 0x0F, 0x8C, 0x01, 0xF1, 0x8F, 0xBF, 0x31, 0xF7, 
  0xF6, 0x7E, 0x7F, 0xFF, 0x87, 0xFF, 0xF0, 0xFF, 0xFC, 0x07, 0xFE, 0x00, 
  0x3F, 0x00, 0x01, 0x80, 0x00, 0x30, 0x00, 0x06, 0x00, 0x00, 0xC0, 0x00, 
  0x03, 0xFC, 0x00, 0xFF, 0xF0, 0x1F, 0xFF, 0x83, 0xFF, 0xFC, 0x7F, 0x9F, 
  0xC7, 0xE0, 0x7E, 0x7C, 0x03, 0xEF, 0xC0, 0x3E, 0xFC, 0x03, 0xE7, 0xC0, 
  0x00, 0x7E, 0x00, 0x07, 0xE0, 0x00, 0x3F, 0x00, 0x0F, 0xFF, 0xC0, 0xFF, 
  0xFC, 0x0F, 0xFF, 0xC0, 0x0F, 0x80, 0x00, 0xF8, 0x00, 0x0F, 0x80, 0x00, 
  0xF8, 0x00, 0x0F, 0x80, 0x00, 0xF0, 0x00, 0x1E, 0x00, 0x03, 0xCE, 0x06, 
  0x7F, 0xFF, 0xE7, 0xFF, 0xFE, 0x7F, 0xFF, 0xF3, 0xFF, 0xFE, 0x20, 0x1F, 
  0x80, 0x00, 0x00, 0x03, 0x00, 0x0C, 0x78, 0xF1, 0xEF, 0xFF, 0xFE, 0x7F, 
  0xFF, 0xC3, 0xFF, 0xF8, 0x1F, 0x0F, 0x83, 0xE0, 0x78, 0x3C, 0x03, 0xC3, 
  0xC0, 0x3C, 0x3C, 0x03, 0xC3, 0xC0, 0x3C, 0x3C, 0x07, 0xC1, 0xE0, 0xF8, 
  0x1F, 0xFF, 0x83, 0xFF, 0xFC, 0x7F, 0xFF, 0xEF, 0x9F, 0x9F, 0x70, 0x00, 
  0xE2, 0x00, 0x04, 0xFC, 0x00, 0xFD, 0xF0, 0x03, 0xE7, 0xE0, 0x1F, 0x0F, 
  0x80, 0x7C, 0x1F, 0x03, 0xE0, 0x7C, 0x0F, 0x80, 0xF8, 0x7C, 0x03, 0xF1, 
  0xF0, 0x07, 0xCF, 0x80, 0x1F, 0xBE, 0x00, 0x3F, 0xF0, 0x00, 0x7F, 0xC0, 
  0x01, 0xFE, 0x00, 0x03, 0xF8, 0x01, 0xFF, 0xFE, 0x07, 0xFF, 0xF8, 0x1F, 
  0xFF, 0xE0, 0x03, 0xF0, 0x00, 0x0F, 0xC0, 0x07, 0xFF, 0xF8, 0x1F, 0xFF, 
  0xE0, 0x03, 0xF0, 0x00, 0x0F, 0xC0, 0x00, 0x3F, 0x00, 0x00, 0xFC, 0x00, 
  0x03, 0xF0, 0x00, 0x0F, 0xC0, 0x00, 0x3F, 0x00, 0xFF, 0xFF, 0xFF, 0xFF, 
  0xFF, 0xFF, 0x00, 0x00, 0x3F, 0xFF, 0xFF, 0xFF, 0xFF, 0xFE, 0x03, 0xFC, 
  0x01, 0xFF, 0xC0, 0x7F, 0xFC, 0x1F, 0xFF, 0xC3, 0xE0, 0xF8, 0x7C, 0x1F, 
  0x1F, 0x83, 0xF1, 0xF8, 0x00, 0x3F, 0xC0, 0x07, 0xFC, 0x00, 0x7F, 0xE0, 
  0x07, 0xFF, 0x03, 0xFF, 0xF8, 0xFB, 0xFF, 0x9E, 0x1F, 0xF7, 0xC0, 0xFF, 
  0xF8, 0x07, 0xFF, 0x80, 0x7F, 0xF8, 0x07, 0xBF, 0xC1, 0xF7, 0xFE, 0x3E, 
  0x7F, 0xFF, 0x83, 0xFF, 0xE0, 0x1F, 0xF8, 0x01, 0xFF, 0x80, 0x0F, 0xF8, 
  0x00, 0x7F, 0x00, 0x07, 0xE3, 0xE0, 0x7C, 0x7C, 0x0F, 0x8F, 0x83, 0xF1, 
  0xFF, 0xFE, 0x1F, 0xFF, 0x83, 0xFF, 0xE0, 0x3F, 0xF8, 0x01, 0xFC, 0x00, 
  0xF8, 0xFF, 0x8F, 0xF8, 0xFF, 0x8F, 0xF8, 0xF0, 0x00, 0x1F, 0xF0, 0x00, 
  0x01, 0xFF, 0xF0, 0x00, 0x1F, 0xFF, 0xF0, 0x00, 0xF8, 0x03, 0xE0, 0x07, 
  0x80, 0x03, 0xC0, 0x3C, 0x00, 0x07, 0x81, 0xE0, 0xFE, 0x0F, 0x0F, 0x0F, 
  0xFC, 0x1C, 0x38, 0x7F, 0xF8, 0x39, 0xE1, 0xF1, 0xF0, 0xE7, 0x0F, 0x03, 
  0xC1, 0xDC, 0x3C, 0x07, 0x87, 0x70, 0xE0, 0x00, 0x1F, 0xC7, 0x80, 0x00, 
  0x7F, 0x1E, 0x00, 0x01, 0xFC, 0x78, 0x00, 0x07, 0xF1, 0xE0, 0x00, 0x1D, 
  0xC3, 0x80, 0x78, 0x77, 0x0F, 0x01, 0xE1, 0xDC, 0x3C, 0x0F, 0x0F, 0x38, 
  0x7C, 0x7C, 0x38, 0xE1, 0xFF, 0xE1, 0xE1, 0xC1, 0xFF, 0x07, 0x07, 0x83, 
  0xF0, 0x3C, 0x0F, 0x00, 0x01, 0xE0, 0x1F, 0x00, 0x1F, 0x00, 0x3F, 0x01, 
  0xF8, 0x00, 0x7F, 0xFF, 0xC0, 0x00, 0x7F, 0xFC, 0x00, 0x00, 0x3F, 0x80, 
  0x00, 0x04, 0x03, 0xFC, 0x7F, 0xE7, 0x1E, 0x70, 0xE0, 0x1E, 0x3F, 0xE7, 
  0xEE, 0xF0, 0xEF, 0x0E, 0xF1, 0xEF, 0xFE, 0x7E, 0xE3, 0xC0, 0x00, 0x00, 
  0x00, 0xFF, 0xFF, 0xFF, 0xFF, 0xF0, 0x00, 0x00, 0x0C, 0x04, 0x38, 0x18, 
  0xF0, 0x73, 0xE3, 0xEF, 0x8F, 0xBE, 0x1E, 0x78, 0x38, 0xE0, 0x71, 0xE0, 
  0xF3, 0xF1, 0xF1, 0xF1, 0xF1, 0xE1, 0xE1, 0xC1, 0xC1, 0x81, 0x81, 0x01, 
  0xFF, 0xFF, 0xFF, 0xFF, 0xFF, 0xFF, 0xFF, 0xFF, 0xFF, 0xFF, 0xFF, 0xFE, 
  0x00, 0x03, 0xC0, 0x00, 0x78, 0x00, 0x0F, 0x00, 0x01, 0xE0, 0x00, 0x3C, 
  0x00, 0x07, 0x80, 0x00, 0xF0, 0xFF, 0xFF, 0xFF, 0xFF, 0xFF, 0xFF, 0xFE, 
  0x00, 0x1F, 0xF0, 0x00, 0x01, 0xFF, 0xF0, 0x00, 0x1F, 0xFF, 0xF0, 0x00, 
  0xF8, 0x03, 0xE0, 0x07, 0x80, 0x03, 0xC0, 0x3C, 0x00, 0x07, 0x81, 0xE7, 
  0xFF, 0x0F, 0x0F, 0x1F, 0xFE, 0x1C, 0x38, 0x7F, 0xFC, 0x39, 0xE1, 0xC1, 
  0xF0, 0xE7, 0x07, 0x01, 0xE1, 0xDC, 0x1C, 0x07, 0x87, 0x70, 0x70, 0x1C, 
  0x1F, 0xC1, 0xC1, 0xF0, 0x7F, 0x07, 0xFF, 0x81, 0xFC, 0x1F, 0xFE, 0x07, 
  0xF0, 0x7F, 0xFC, 0x1D, 0xC1, 0xC0, 0xF0, 0x77, 0x07, 0x03, 0xC1, 0xDC, 
  0x1C, 0x0F, 0x0F, 0x38, 0x70, 0x3C, 0x38, 0xE1, 0xC0, 0xF1, 0xE1, 0xC7, 
  0x03, 0xC7, 0x07, 0x9C, 0x07, 0xBC, 0x0F, 0x00, 0x01, 0xE0, 0x1F, 0x00, 
  0x1F, 0x00, 0x3F, 0x01, 0xF8, 0x00, 0x7F, 0xFF, 0xC0, 0x00, 0x7F, 0xFC, 
  0x00, 0x00, 0x3F, 0x80, 0x00, 0xFF, 0xFF, 0xFF, 0xFF, 0x80, 0x0F, 0x03, 
  0xFC, 0x7F, 0xEF, 0x0E, 0xE0, 0x7C, 0x07, 0xC0, 0x7E, 0x07, 0xE0, 0xE7, 
  0xFE, 0x3F, 0xC1, 0xF0, 0x01, 0xF0, 0x00, 0x3E, 0x00, 0x07, 0xC0, 0x00, 
  0xF8, 0x00, 0x1F, 0x00, 0x03, 0xE0, 0x00, 0x7C, 0x07, 0xFF, 0xFF, 0xFF, 
  0xFF, 0xFF, 0xFF, 0xFF, 0xFF, 0xFF, 0xFF, 0xFF, 0xF0, 0x1F, 0x00, 0x03, 
  0xE0, 0x00, 0x7C, 0x00, 0x0F, 0x80, 0x01, 0xF0, 0x00, 0x3E, 0x00, 0x07, 
  0xC0, 0x00, 0x00, 0x0F, 0xFF, 0xFF, 0xFF, 0xFF, 0xFF, 0xFF, 0xFF, 0xFF, 
  0xFF, 0xFF, 0xFF, 0xE0, 0x1F, 0x87, 0xFE, 0xFF, 0xEF, 0x0F, 0xE0, 0xFE, 
  0x0F, 0x00, 0xF0, 0x1E, 0x03, 0xE0, 0x7C, 0x1F, 0x03, 0xE0, 0x7C, 0x0F, 
  0x80, 0xFF, 0xFF, 0xFF, 0xFF, 0xF0, 0x1F, 0x87, 0xFC, 0x7F, 0xEF, 0x1E, 
  0xE0, 0xEE, 0x0E, 0x01, 0xE0, 0xFC, 0x0F, 0xC0, 0xFE, 0x00, 0xF0, 0x0F, 
  0xE0, 0xFF, 0x0F, 0xFF, 0xE7, 0xFE, 0x3F, 0x80, 0x3E, 0x79, 0xF3, 0xC7, 
  0x1C, 0x00, 0xFC, 0x07, 0xCF, 0xC0, 0x7C, 0xFC, 0x07, 0xCF, 0xC0, 0x7C, 
  0xFC, 0x07, 0xCF, 0xC0, 0x7C, 0xFC, 0x07, 0xCF, 0xC0, 0x7C, 0xFC, 0x07, 
  0xCF, 0xC0, 0x7C, 0xFC, 0x07, 0xCF, 0xC0, 0x7C, 0xFC, 0x07, 0xCF, 0xC0, 
  0x7C, 0xFC, 0x07, 0xCF, 0xC0, 0xFC, 0xFE, 0x1F, 0xEF, 0xFF, 0xFE, 0xFF, 
  0xFF, 0xFF, 0xFF, 0xFF, 0xFF, 0xFB, 0xFF, 0xDE, 0x0F, 0xFC, 0x00, 0x0F, 
  0xC0, 0x00, 0xFC, 0x00, 0x0F, 0xC0, 0x00, 0xFC, 0x00, 0x0F, 0xC0, 0x00, 
  0xFC, 0x00, 0x0F, 0xC0, 0x00, 0x01, 0xFF, 0xF0, 0xFF, 0xFF, 0x1F, 0xFF, 
  0xF3, 0xFF, 0x3C, 0x7F, 0xF3, 0xC7, 0xFF, 0x3C, 0xFF, 0xF3, 0xCF, 0xFF, 
  0x3C, 0xFF, 0xF3, 0xCF, 0xFF, 0x3C, 0xFF, 0xF3, 0xCF, 0xFF, 0x3C, 0xFF, 
  0xF3, 0xCF, 0xFF, 0x3C, 0x7F, 0xF3, 0xC3, 0xFF, 0x3C, 0x1F, 0xF3, 0xC0, 
  0xFF, 0x3C, 0x00, 0xF3, 0xC0, 0x0F, 0x3C, 0x00, 0xF3, 0xC0, 0x0F, 0x3C, 
  0x00, 0xF3, 0xC0, 0x0F, 0x3C, 0x00, 0xF3, 0xC0, 0x0F, 0x3C, 0x00, 0xF3, 
  0xC0, 0x0F, 0x3C, 0x00, 0xF3, 0xC0, 0x0F, 0x3C, 0x00, 0xF3, 0xC0, 0x0F, 
  0x3C, 0x00, 0xF3, 0xC0, 0x0F, 0x3C, 0x00, 0xF3, 0xC0, 0x0F, 0x3C, 0xFF, 
  0xFF, 0xF0, 0x06, 0x00, 0x80, 0x3E, 0x07, 0xE0, 0x1C, 0x03, 0xBD, 0xF7, 
  0xFC, 0x1E, 0x00, 0x06, 0x1C, 0x7F, 0xFF, 0xFF, 0xC3, 0x87, 0x0E, 0x1C, 
  0x38, 0x70, 0xE1, 0xC3, 0x87, 0x0E, 0x00, 0x03, 0xFC, 0x7F, 0xE7, 0x9F, 
  0xF0, 0xFE, 0x07, 0xE0, 0x7E, 0x07, 0xE0, 0x7F, 0x07, 0x70, 0xF7, 0xFE, 
  0x3F, 0xC0, 0xF0, 0x00, 0x00, 0x00, 0xFF, 0xFF, 0xFF, 0xFF, 0xF0, 0x80, 
  0x01, 0x80, 0x83, 0x81, 0x87, 0x83, 0x8F, 0x87, 0xCF, 0xC7, 0xC7, 0x87, 
  0x87, 0x07, 0x0E, 0x0E, 0x3C, 0x3C, 0xF8, 0xFB, 0xE3, 0xEF, 0x87, 0x9C, 
  0x0E, 0x30, 0x10, 0x40, 0x40, 0x06, 0x00, 0x07, 0x00, 0x1C, 0x00, 0x1E, 
  0x00, 0x78, 0x00, 0x38, 0x07, 0xF0, 0x00, 0xF0, 0x0F, 0xE0, 0x01, 0xC0, 
  0x1F, 0xC0, 0x07, 0x00, 0x03, 0x80, 0x1E, 0x00, 0x07, 0x00, 0x38, 0x00, 
  0x0E, 0x00, 0xF0, 0x00, 0x1C, 0x01, 0xC0, 0x00, 0x38, 0x07, 0x80, 0x00, 
  0x70, 0x0E, 0x03, 0xC0, 0xE0, 0x38, 0x0F, 0x81, 0xC0, 0xF0, 0x1F, 0x03, 
  0x81, 0xC0, 0x7E, 0x07, 0x07, 0x80, 0xDC, 0x0E, 0x0E, 0x03, 0xB8, 0x00, 
  0x3C, 0x0E, 0x70, 0x00, 0x70, 0x18, 0xE0, 0x01, 0xC0, 0x71, 0xC0, 0x07, 
  0x81, 0xC3, 0x80, 0x0E, 0x03, 0xFF, 0xC0, 0x3C, 0x07, 0xFF, 0x80, 0x70, 
  0x0F, 0xFF, 0x01, 0xE0, 0x00, 0x38, 0x03, 0x80, 0x00, 0x70, 0x0E, 0x00, 
  0x00, 0xE0, 0x3C, 0x00, 0x01, 0xC0, 0x70, 0x00, 0x00, 0x00, 0x06, 0x00, 
  0x07, 0x00, 0x1C, 0x00, 0x1E, 0x00, 0x78, 0x00, 0x38, 0x07, 0xF0, 0x00, 
  0xE0, 0x0F, 0xE0, 0x03, 0xC0, 0x1F, 0xC0, 0x07, 0x00, 0x03, 0x80, 0x1E, 
  0x00, 0x07, 0x00, 0x38, 0x00, 0x0E, 0x00, 0xF0, 0x00, 0x1C, 0x01, 0xC0, 
  0x00, 0x38, 0x07, 0x00, 0x00, 0x70, 0x1E, 0x1F, 0x80, 0xE0, 0x38, 0x7F, 
  0xC1, 0xC0, 0xF1, 0xFF, 0x83, 0x81, 0xC7, 0x87, 0x87, 0x07, 0x0F, 0x0F, 
  0x0E, 0x0E, 0x1E, 0x1E, 0x00, 0x38, 0x00, 0x3C, 0x00, 0xF0, 0x00, 0x78, 
  0x01, 0xC0, 0x01, 0xE0, 0x07, 0x80, 0x0F, 0x80, 0x0E, 0x00, 0x3E, 0x00, 
  0x38, 0x01, 0xF0, 0x00, 0xF0, 0x07, 0xC0, 0x01, 0xC0, 0x0F, 0x00, 0x07, 
  0x80, 0x3F, 0xFC, 0x0E, 0x00, 0x7F, 0xF8, 0x3C, 0x00, 0xFF, 0xF0, 0x70, 
  0x00, 0x00, 0x00, 0x1F, 0x80, 0x01, 0xE0, 0x7F, 0xC0, 0x01, 0xC0, 0x7F, 
  0xE0, 0x03, 0x80, 0xF1, 0xE0, 0x07, 0x80, 0xE0, 0xE0, 0x07, 0x00, 0xE0, 
  0xE0, 0x0F, 0x00, 0x01, 0xE0, 0x0E, 0x00, 0x0F, 0xC0, 0x1E, 0x00, 0x0F, 
  0xC0, 0x1C, 0x00, 0x0F, 0xE0, 0x38, 0x00, 0x00, 0xF0, 0x78, 0x00, 0x00, 
  0xF0, 0x70, 0x3C, 0xE0, 0xF0, 0xF0, 0x7C, 0xF0, 0xF0, 0xE0, 0x7C, 0xFF, 
  0xE1, 0xE0, 0xFC, 0x7F, 0xE1, 0xC0, 0xDC, 0x3F, 0x83, 0x81, 0xDC, 0x00, 
  0x07, 0x83, 0x9C, 0x00, 0x07, 0x03, 0x1C, 0x00, 0x0F, 0x07, 0x1C, 0x00, 
  0x0E, 0x0E, 0x1C, 0x00, 0x1E, 0x0F, 0xFF, 0x00, 0x1C, 0x0F, 0xFF, 0x00, 
  0x38, 0x0F, 0xFF, 0x00, 0x78, 0x00, 0x1C, 0x00, 0x70, 0x00, 0x1C, 0x00, 
  0xF0, 0x00, 0x1C, 0x00, 0xE0, 0x00, 0x1C, 0x01, 0xC0, 0x00, 0x00, 0x01, 
  0xF8, 0x00, 0x3F, 0x00, 0x07, 0xE0, 0x00, 0xFC, 0x00, 0x1F, 0x80, 0x03, 
  0xF0, 0x00, 0x00, 0x00, 0x00, 0x00, 0x01, 0xF0, 0x00, 0x3E, 0x00, 0x07, 
  0xC0, 0x01, 0xF8, 0x00, 0x7E, 0x00, 0x3F, 0x80, 0x0F, 0xE0, 0x03, 0xF8, 
  0x00, 0x7E, 0x00, 0x1F, 0x80, 0x03, 0xF0, 0x00, 0x7E, 0x01, 0xFF, 0xC0, 
  0x3F, 0xF8, 0x07, 0xFF, 0x01, 0xFB, 0xF0, 0x7E, 0x7F, 0xFF, 0xC7, 0xFF, 
  0xF0, 0x7F, 0xFE, 0x07, 0xFF, 0x00, 0x3F, 0x80, 0x00, 0xF8, 0x00, 0x00, 
  0x0F, 0x00, 0x00, 0x01, 0xF0, 0x00, 0x00, 0x1E, 0x00, 0x00, 0x01, 0xE0, 
  0x00, 0x00, 0x1C, 0x00, 0x00, 0x00, 0x00, 0x00, 0x00, 0x00, 0x00, 0x00, 
  0x3F, 0x80, 0x00, 0x07, 0xF0, 0x00, 0x01, 0xFE, 0x00, 0x00, 0x3F, 0xE0, 
  0x00, 0x07, 0xFC, 0x00, 0x01, 0xFF, 0x80, 0x00, 0x3F, 0xF8, 0x00, 0x07, 
  0xFF, 0x00, 0x01, 0xFB, 0xE0, 0x00, 0x3F, 0x7E, 0x00, 0x07, 0xCF, 0xC0, 
  0x01, 0xF8, 0xF8, 0x00, 0x3F, 0x1F, 0x80, 0x07, 0xC3, 0xF0, 0x01, 0xF8, 
  0x3F, 0x00, 0x3F, 0x07, 0xE0, 0x0F, 0xC0, 0xFC, 0x01, 0xF8, 0x0F, 0xC0, 
  0x3F, 0xFF, 0xF8, 0x0F, 0xFF, 0xFF, 0x01, 0xFF, 0xFF, 0xF0, 0x3F, 0xFF, 
  0xFE, 0x0F, 0xFF, 0xFF, 0xC1, 0xF8, 0x00, 0xFC, 0x3F, 0x00, 0x1F, 0x8F, 
  0xC0, 0x03, 0xF1, 0xF8, 0x00, 0x3F, 0x3F, 0x00, 0x07, 0xEF, 0xC0, 0x00, 
  0xFC, 0x00, 0x03, 0xE0, 0x00, 0x00, 0x78, 0x00, 0x00, 0x1E, 0x00, 0x00, 
  0x03, 0x80, 0x00, 0x00, 0xF0, 0x00, 0x00, 0x1C, 0x00, 0x00, 0x00, 0x00, 
  0x00, 0x00, 0x00, 0x00, 0x00, 0x3F, 0x80, 0x00, 0x07, 0xF0, 0x00, 0x01, 
  0xFE, 0x00, 0x00, 0x3F, 0xE0, 0x00, 0x07, 0xFC, 0x00, 0x01, 0xFF, 0x80, 
  0x00, 0x3F, 0xF8, 0x00, 0x07, 0xFF, 0x00, 0x01, 0xFB, 0xE0, 0x00, 0x3F, 
  0x7E, 0x00, 0x07, 0xCF, 0xC0, 0x01, 0xF8, 0xF8, 0x00, 0x3F, 0x1F, 0x80, 
  0x07, 0xC3, 0xF0, 0x01, 0xF8, 0x3F, 0x00, 0x3F, 0x07, 0xE0, 0x0F, 0xC0, 
  0xFC, 0x01, 0xF8, 0x0F, 0xC0, 0x3F, 0xFF, 0xF8, 0x0F, 0xFF, 0xFF, 0x01, 
  0xFF, 0xFF, 0xF0, 0x3F, 0xFF, 0xFE, 0x0F, 0xFF, 0xFF, 0xC1, 0xF8, 0x00, 
  0xFC, 0x3F, 0x00, 0x1F, 0x8F, 0xC0, 0x03, 0xF1, 0xF8, 0x00, 0x3F, 0x3F, 
  0x00, 0x07, 0xEF, 0xC0, 0x00, 0xFC, 0x00, 0x1F, 0x00, 0x00, 0x07, 0xE0, 
  0x00, 0x00, 0xFE, 0x00, 0x00, 0x39, 0xE0, 0x00, 0x0E, 0x1C, 0x00, 0x03, 
  0xC1, 0xC0, 0x00, 0x00, 0x00, 0x00, 0x00, 0x00, 0x00, 0x00, 0x3F, 0x80, 
  0x00, 0x07, 0xF0, 0x00, 0x01, 0xFE, 0x00, 0x00, 0x3F, 0xE0, 0x00, 0x07, 
  0xFC, 0x00, 0x01, 0xFF, 0x80, 0x00, 0x3F, 0xF8, 0x00, 0x07, 0xFF, 0x00, 
  0x01, 0xFB, 0xE0, 0x00, 0x3F, 0x7E, 0x00, 0x07, 0xCF, 0xC0, 0x01, 0xF8, 
  0xF8, 0x00, 0x3F, 0x1F, 0x80, 0x07, 0xC3, 0xF0, 0x01, 0xF8, 0x3F, 0x00, 
  0x3F, 0x07, 0xE0, 0x0F, 0xC0, 0xFC, 0x01, 0xF8, 0x0F, 0xC0, 0x3F, 0xFF, 
  0xF8, 0x0F, 0xFF, 0xFF, 0x01, 0xFF, 0xFF, 0xF0, 0x3F, 0xFF, 0xFE, 0x0F, 
  0xFF, 0xFF, 0xC1, 0xF8, 0x00, 0xFC, 0x3F, 0x00, 0x1F, 0x8F, 0xC0, 0x03, 
  0xF1, 0xF8, 0x00, 0x3F, 0x3F, 0x00, 0x07, 0xEF, 0xC0, 0x00, 0xFC, 0x00, 
  0xF8, 0x30, 0x00, 0x3F, 0xEE, 0x00, 0x07, 0xFF, 0xC0, 0x00, 0xC3, 0xF0, 
  0x00, 0x18, 0x08, 0x00, 0x00, 0x00, 0x00, 0x00, 0x00, 0x00, 0x00, 0x01, 
  0xFC, 0x00, 0x00, 0x3F, 0x80, 0x00, 0x0F, 0xF0, 0x00, 0x01, 0xFF, 0x00, 
  0x00, 0x3F, 0xE0, 0x00, 0x0F, 0xFC, 0x00, 0x01, 0xFF, 0xC0, 0x00, 0x3F, 
  0xF8, 0x00, 0x0F, 0xDF, 0x00, 0x01, 0xFB, 0xF0, 0x00, 0x3E, 0x7E, 0x00, 
  0x0F, 0xC7, 0xC0, 0x01, 0xF8, 0xFC, 0x00, 0x3E, 0x1F, 0x80, 0x0F, 0xC1, 
  0xF8, 0x01, 0xF8, 0x3F, 0x00, 0x7E, 0x07, 0xE0, 0x0F, 0xC0, 0x7E, 0x01, 
  0xFF, 0xFF, 0xC0, 0x7F, 0xFF, 0xF8, 0x0F, 0xFF, 0xFF, 0x81, 0xFF, 0xFF, 
  0xF0, 0x7F, 0xFF, 0xFE, 0x0F, 0xC0, 0x07, 0xE1, 0xF8, 0x00, 0xFC, 0x7E, 
  0x00, 0x1F, 0x8F, 0xC0, 0x01, 0xF9, 0xF8, 0x00, 0x3F, 0x7E, 0x00, 0x07, 
  0xE0, 0x01, 0xF1, 0xE0, 0x00, 0x3E, 0x3C, 0x00, 0x07, 0xC7, 0x80, 0x00, 
  0xF8, 0xF0, 0x00, 0x1F, 0x1E, 0x00, 0x00, 0x00, 0x00, 0x00, 0x00, 0x00, 
  0x00, 0x01, 0xFC, 0x00, 0x00, 0x3F, 0x80, 0x00, 0x0F, 0xF0, 0x00, 0x01, 
  0xFF, 0x00, 0x00, 0x3F, 0xE0, 0x00, 0x0F, 0xFC, 0x00, 0x01, 0xFF, 0xC0, 
  0x00, 0x3F, 0xF8, 0x00, 0x0F, 0xDF, 0x00, 0x01, 0xFB, 0xF0, 0x00, 0x3E, 
  0x7E, 0x00, 0x0F, 0xC7, 0xC0, 0x01, 0xF8, 0xFC, 0x00, 0x3E, 0x1F, 0x80, 
  0x0F, 0xC1, 0xF8, 0x01, 0xF8, 0x3F, 0x00, 0x7E, 0x07, 0xE0, 0x0F, 0xC0, 
  0x7E, 0x01, 0xFF, 0xFF, 0xC0, 0x7F, 0xFF, 0xF8, 0x0F, 0xFF, 0xFF, 0x81, 
  0xFF, 0xFF, 0xF0, 0x7F, 0xFF, 0xFE, 0x0F, 0xC0, 0x07, 0xE1, 0xF8, 0x00, 
  0xFC, 0x7E, 0x00, 0x1F, 0x8F, 0xC0, 0x01, 0xF9, 0xF8, 0x00, 0x3F, 0x7E, 
  0x00, 0x07, 0xE0, 0x00, 0x1E, 0x00, 0x00, 0x07, 0xE0, 0x00, 0x00, 0xC6, 
  0x00, 0x00, 0x18, 0xC0, 0x00, 0x03, 0x38, 0x00, 0x00, 0x7E, 0x00, 0x00, 
  0x03, 0x80, 0x00, 0x00, 0x00, 0x00, 0x00, 0x3F, 0x80, 0x00, 0x07, 0xF0, 
  0x00, 0x01, 0xFE, 0x00, 0x00, 0x3F, 0xE0, 0x00, 0x07, 0xFC, 0x00, 0x01, 
  0xFF, 0x80, 0x00, 0x3F, 0xF8, 0x00, 0x07, 0xFF, 0x00, 0x01, 0xFB, 0xE0, 
  0x00, 0x3F, 0x7E, 0x00, 0x07, 0xCF, 0xC0, 0x01, 0xF8, 0xF8, 0x00, 0x3F, 
  0x1F, 0x80, 0x07, 0xC3, 0xF0, 0x01, 0xF8, 0x3F, 0x00, 0x3F, 0x07, 0xE0, 
  0x0F, 0xC0, 0xFC, 0x01, 0xF8, 0x0F, 0xC0, 0x3F, 0xFF, 0xF8, 0x0F, 0xFF, 
  0xFF, 0x01, 0xFF, 0xFF, 0xF0, 0x3F, 0xFF, 0xFE, 0x0F, 0xFF, 0xFF, 0xC1, 
  0xF8, 0x00, 0xFC, 0x3F, 0x00, 0x1F, 0x8F, 0xC0, 0x03, 0xF1, 0xF8, 0x00, 
  0x3F, 0x3F, 0x00, 0x07, 0xEF, 0xC0, 0x00, 0xFC, 0x00, 0x3F, 0xFF, 0xFF, 
  0xF8, 0x00, 0xFF, 0xFF, 0xFF, 0xE0, 0x03, 0xFF, 0xFF, 0xFF, 0x80, 0x1F, 
  0xFF, 0xFF, 0xFE, 0x00, 0x7F, 0xFF, 0xFF, 0xF8, 0x01, 0xF1, 0xF8, 0x00, 
  0x00, 0x0F, 0xC7, 0xE0, 0x00, 0x00, 0x3E, 0x1F, 0x80, 0x00, 0x01, 0xF8, 
  0x7E, 0x00, 0x00, 0x07, 0xE1, 0xF8, 0x00, 0x00, 0x1F, 0x07, 0xE0, 0x00, 
  0x00, 0xFC, 0x1F, 0x80, 0x00, 0x03, 0xF0, 0x7F, 0xFF, 0xF0, 0x0F, 0x81, 
  0xFF, 0xFF, 0xC0, 0x7E, 0x07, 0xFF, 0xFF, 0x01, 0xF8, 0x1F, 0xFF, 0xFC, 
  0x07, 0xC0, 0x7F, 0xFF, 0xF0, 0x3F, 0x01, 0xF8, 0x00, 0x00, 0xFF, 0xFF, 
  0xE0, 0x00, 0x07, 0xFF, 0xFF, 0x80, 0x00, 0x1F, 0xFF, 0xFE, 0x00, 0x00, 
  0x7F, 0xFF, 0xF8, 0x00, 0x03, 0xFF, 0xFF, 0xE0, 0x00, 0x0F, 0xC0, 0x1F, 
  0x80, 0x00, 0x3F, 0x00, 0x7F, 0xFF, 0xFD, 0xF8, 0x01, 0xFF, 0xFF, 0xF7, 
  0xE0, 0x07, 0xFF, 0xFF, 0xDF, 0x80, 0x1F, 0xFF, 0xFF, 0xFC, 0x00, 0x7F, 
  0xFF, 0xFC, 0x00, 0x7F, 0x80, 0x01, 0xFF, 0xF0, 0x01, 0xFF, 0xFE, 0x01, 
  0xFF, 0xFF, 0x81, 0xFF, 0xFF, 0xE1, 0xFE, 0x07, 0xF0, 0xFE, 0x01, 0xFC, 
  0xFE, 0x00, 0x7E, 0x7E, 0x00, 0x1F, 0x7F, 0x00, 0x0F, 0xFF, 0x00, 0x00, 
  0x1F, 0x80, 0x00, 0x0F, 0xC0, 0x00, 0x07, 0xE0, 0x00, 0x03, 0xF0, 0x00, 
  0x01, 0xF8, 0x00, 0x00, 0xFC, 0x00, 0x00, 0x7E, 0x00, 0x00, 0x3F, 0x00, 
  0x00, 0x1F, 0x80, 0x03, 0xFF, 0xC0, 0x01, 0xFB, 0xF0, 0x00, 0xFD, 0xFC, 
  0x00, 0xFC, 0x7F, 0x00, 0xFE, 0x3F, 0xC1, 0xFE, 0x0F, 0xFF, 0xFF, 0x03, 
  0xFF, 0xFF, 0x00, 0xFF, 0xFF, 0x00, 0x3F, 0xFE, 0x00, 0x03, 0xF8, 0x00, 
  0x00, 0x60, 0x00, 0x00, 0x7C, 0x00, 0x00, 0x3F, 0x00, 0x00, 0x03, 0xC0, 
  0x00, 0x01, 0xE0, 0x00, 0x39, 0xE0, 0x00, 0x3F, 0xF0, 0x00, 0x01, 0xC0, 
  0x00, 0x07, 0xC0, 0x00, 0x1F, 0x00, 0x00, 0x78, 0x00, 0x01, 0xE0, 0x00, 
  0x07, 0x00, 0x00, 0x38, 0x00, 0x00, 0x00, 0x00, 0x00, 0x00, 0xFF, 0xFF, 
  0xFF, 0xFF, 0xFF, 0xFF, 0xFF, 0xFF, 0xFF, 0xFF, 0xFF, 0xFF, 0xFF, 0xFE, 
  0x00, 0x03, 0xF0, 0x00, 0x1F, 0x80, 0x00, 0xFC, 0x00, 0x07, 0xE0, 0x00, 
  0x3F, 0x00, 0x01, 0xF8, 0x00, 0x0F, 0xFF, 0xFF, 0x7F, 0xFF, 0xFB, 0xFF, 
  0xFF, 0xDF, 0xFF, 0xFE, 0xFF, 0xFF, 0xF7, 0xE0, 0x00, 0x3F, 0x00, 0x01, 
  0xF8, 0x00, 0x0F, 0xC0, 0x00, 0x7E, 0x00, 0x03, 0xF0, 0x00, 0x1F, 0x80, 
  0x00, 0xFF, 0xFF, 0xFF, 0xFF, 0xFF, 0xFF, 0xFF, 0xFF, 0xFF, 0xFF, 0xFF, 
  0xFF, 0xFF, 0x80, 0x00, 0x1F, 0x00, 0x01, 0xF0, 0x00, 0x0F, 0x00, 0x00, 
  0xF0, 0x00, 0x07, 0x00, 0x00, 0x78, 0x00, 0x00, 0x00, 0x00, 0x00, 0x00, 
  0xFF, 0xFF, 0xFF, 0xFF, 0xFF, 0xFF, 0xFF, 0xFF, 0xFF, 0xFF, 0xFF, 0xFF, 
  0xFF, 0xFE, 0x00, 0x03, 0xF0, 0x00, 0x1F, 0x80, 0x00, 0xFC, 0x00, 0x07, 
  0xE0, 0x00, 0x3F, 0x00, 0x01, 0xF8, 0x00, 0x0F, 0xFF, 0xFF, 0x7F, 0xFF, 
  0xFB, 0xFF, 0xFF, 0xDF, 0xFF, 0xFE, 0xFF, 0xFF, 0xF7, 0xE0, 0x00, 0x3F, 
  0x00, 0x01, 0xF8, 0x00, 0x0F, 0xC0, 0x00, 0x7E, 0x00, 0x03, 0xF0, 0x00, 
  0x1F, 0x80, 0x00, 0xFF, 0xFF, 0xFF, 0xFF, 0xFF, 0xFF, 0xFF, 0xFF, 0xFF, 
  0xFF, 0xFF, 0xFF, 0xFF, 0x80, 0x00, 0xF8, 0x00, 0x07, 0xE0, 0x00, 0x77, 
  0x00, 0x07, 0xBC, 0x00, 0x38, 0xF0, 0x03, 0x83, 0x80, 0x00, 0x00, 0x00, 
  0x00, 0x00, 0xFF, 0xFF, 0xFF, 0xFF, 0xFF, 0xFF, 0xFF, 0xFF, 0xFF, 0xFF, 
  0xFF, 0xFF, 0xFF, 0xFE, 0x00, 0x03, 0xF0, 0x00, 0x1F, 0x80, 0x00, 0xFC, 
  0x00, 0x07, 0xE0, 0x00, 0x3F, 0x00, 0x01, 0xF8, 0x00, 0x0F, 0xFF, 0xFF, 
  0x7F, 0xFF, 0xFB, 0xFF, 0xFF, 0xDF, 0xFF, 0xFE, 0xFF, 0xFF, 0xF7, 0xE0, 
  0x00, 0x3F, 0x00, 0x01, 0xF8, 0x00, 0x0F, 0xC0, 0x00, 0x7E, 0x00, 0x03, 
  0xF0, 0x00, 0x1F, 0x80, 0x00, 0xFF, 0xFF, 0xFF, 0xFF, 0xFF, 0xFF, 0xFF, 
  0xFF, 0xFF, 0xFF, 0xFF, 0xFF, 0xFF, 0x80, 0x0F, 0x8F, 0x00, 0x7C, 0x78, 
  0x03, 0xE3, 0xC0, 0x1F, 0x1E, 0x00, 0xF8, 0xF0, 0x00, 0x00, 0x00, 0x00, 
  0x00, 0x1F, 0xFF, 0xFF, 0xFF, 0xFF, 0xFF, 0xFF, 0xFF, 0xFF, 0xFF, 0xFF, 
  0xFF, 0xFF, 0xFF, 0xC0, 0x00, 0x7E, 0x00, 0x03, 0xF0, 0x00, 0x1F, 0x80, 
  0x00, 0xFC, 0x00, 0x07, 0xE0, 0x00, 0x3F, 0x00, 0x01, 0xFF, 0xFF, 0xEF, 
  0xFF, 0xFF, 0x7F, 0xFF, 0xFB, 0xFF, 0xFF, 0xDF, 0xFF, 0xFE, 0xFC, 0x00, 
  0x07, 0xE0, 0x00, 0x3F, 0x00, 0x01, 0xF8, 0x00, 0x0F, 0xC0, 0x00, 0x7E, 
  0x00, 0x03, 0xF0, 0x00, 0x1F, 0xFF, 0xFF, 0xFF, 0xFF, 0xFF, 0xFF, 0xFF, 
  0xFF, 0xFF, 0xFF, 0xFF, 0xFF, 0xF0, 0xF8, 0x78, 0x7C, 0x3C, 0x1C, 0x0E, 
  0x00, 0x00, 0x3F, 0x3F, 0x3F, 0x3F, 0x3F, 0x3F, 0x3F, 0x3F, 0x3F, 0x3F, 
  0x3F, 0x3F, 0x3F, 0x3F, 0x3F, 0x3F, 0x3F, 0x3F, 0x3F, 0x3F, 0x3F, 0x3F, 
  0x3F, 0x3F, 0x3F, 0x3F, 0x3F, 0x3F, 0x3F, 0x0F, 0x87, 0x87, 0xC3, 0xC3, 
  0xC1, 0xC0, 0x00, 0x00, 0xFC, 0x7E, 0x3F, 0x1F, 0x8F, 0xC7, 0xE3, 0xF1, 
  0xF8, 0xFC, 0x7E, 0x3F, 0x1F, 0x8F, 0xC7, 0xE3, 0xF1, 0xF8, 0xFC, 0x7E, 
  0x3F, 0x1F, 0x8F, 0xC7, 0xE3, 0xF1, 0xF8, 0xFC, 0x7E, 0x3F, 0x1F, 0x8F, 
  0xC0, 0x0F, 0x80, 0x7C, 0x07, 0x70, 0x73, 0xC7, 0x8F, 0x38, 0x38, 0x00, 
  0x00, 0x00, 0x1F, 0x80, 0xFC, 0x07, 0xE0, 0x3F, 0x01, 0xF8, 0x0F, 0xC0, 
  0x7E, 0x03, 0xF0, 0x1F, 0x80, 0xFC, 0x07, 0xE0, 0x3F, 0x01, 0xF8, 0x0F, 
  0xC0, 0x7E, 0x03, 0xF0, 0x1F, 0x80, 0xFC, 0x07, 0xE0, 0x3F, 0x01, 0xF8, 
  0x0F, 0xC0, 0x7E, 0x03, 0xF0, 0x1F, 0x80, 0xFC, 0x07, 0xE0, 0x3F, 0x01, 
  0xF8, 0x00, 0xF8, 0xFF, 0x8F, 0xF8, 0xFF, 0x8F, 0xF8, 0xF0, 0x00, 0x00, 
  0x01, 0xF8, 0x1F, 0x81, 0xF8, 0x1F, 0x81, 0xF8, 0x1F, 0x81, 0xF8, 0x1F, 
  0x81, 0xF8, 0x1F, 0x81, 0xF8, 0x1F, 0x81, 0xF8, 0x1F, 0x81, 0xF8, 0x1F, 
  0x81, 0xF8, 0x1F, 0x81, 0xF8, 0x1F, 0x81, 0xF8, 0x1F, 0x81, 0xF8, 0x1F, 
  0x81, 0xF8, 0x1F, 0x81, 0xF8, 0x1F, 0x81, 0xF8, 0x1F, 0xFF, 0x00, 0x03, 
  0xFF, 0xFE, 0x00, 0x7F, 0xFF, 0xF0, 0x0F, 0xFF, 0xFF, 0x01, 0xFF, 0xFF, 
  0xF0, 0x3F, 0x03, 0xFE, 0x07, 0xE0, 0x0F, 0xE0, 0xFC, 0x00, 0xFC, 0x1F, 
  0x80, 0x0F, 0xC3, 0xF0, 0x01, 0xF8, 0x7E, 0x00, 0x1F, 0x0F, 0xC0, 0x03, 
  0xE1, 0xF8, 0x00, 0x7F, 0xFF, 0xFC, 0x0F, 0xFF, 0xFF, 0x81, 0xFF, 0xFF, 
  0xF0, 0x3F, 0x1F, 0x80, 0x07, 0xE3, 0xF0, 0x00, 0xF8, 0x7E, 0x00, 0x1F, 
  0x0F, 0xC0, 0x07, 0xE1, 0xF8, 0x00, 0xFC, 0x3F, 0x00, 0x1F, 0x07, 0xE0, 
  0x07, 0xE0, 0xFC, 0x03, 0xFC, 0x1F, 0xFF, 0xFF, 0x03, 0xFF, 0xFF, 0xC0, 
  0x7F, 0xFF, 0xF0, 0x0F, 0xFF, 0xFC, 0x01, 0xFF, 0xFE, 0x00, 0x03, 0xE0, 
  0xC0, 0x0F, 0xFB, 0x80, 0x1F, 0xFF, 0x00, 0x30, 0xFC, 0x00, 0x60, 0x20, 
  0x00, 0x00, 0x00, 0x00, 0x00, 0x00, 0x7E, 0x00, 0x3F, 0xFC, 0x00, 0x7F, 
  0xFC, 0x00, 0xFF, 0xF8, 0x01, 0xFF, 0xF8, 0x03, 0xFF, 0xF8, 0x07, 0xFF, 
  0xF0, 0x0F, 0xFF, 0xF0, 0x1F, 0xFF, 0xE0, 0x3F, 0xFF, 0xE0, 0x7F, 0xFF, 
  0xE0, 0xFF, 0xF7, 0xC1, 0xFF, 0xEF, 0xC3, 0xFF, 0xCF, 0x87, 0xFF, 0x8F, 
  0x8F, 0xFF, 0x1F, 0x1F, 0xFE, 0x1F, 0x3F, 0xFC, 0x3F, 0x7F, 0xF8, 0x3E, 
  0xFF, 0xF0, 0x7F, 0xFF, 0xE0, 0x7F, 0xFF, 0xC0, 0x7F, 0xFF, 0x80, 0xFF, 
  0xFF, 0x00, 0xFF, 0xFE, 0x01, 0xFF, 0xFC, 0x01, 0xFF, 0xF8, 0x01, 0xFF, 
  0xF0, 0x03, 0xFF, 0xE0, 0x03, 0xF0, 0x00, 0xF8, 0x00, 0x00, 0x0F, 0x00, 
  0x00, 0x00, 0xF0, 0x00, 0x00, 0x0E, 0x00, 0x00, 0x01, 0xE0, 0x00, 0x00, 
  0x1C, 0x00, 0x00, 0x00, 0x00, 0x00, 0x00, 0x00, 0x00, 0x00, 0x7F, 0x80, 
  0x00, 0x3F, 0xFE, 0x00, 0x1F, 0xFF, 0xE0, 0x07, 0xFF, 0xFF, 0x01, 0xFF, 
  0xFF, 0xF0, 0x7F, 0xC1, 0xFE, 0x0F, 0xE0, 0x0F, 0xE3, 0xF8, 0x00, 0xFC, 
  0x7E, 0x00, 0x0F, 0xDF, 0xC0, 0x01, 0xFB, 0xF0, 0x00, 0x3F, 0xFE, 0x00, 
  0x03, 0xFF, 0xC0, 0x00, 0x7F, 0xF0, 0x00, 0x0F, 0xFE, 0x00, 0x01, 0xFF, 
  0xC0, 0x00, 0x3F, 0xFC, 0x00, 0x07, 0xFF, 0x80, 0x00, 0xFF, 0xF0, 0x00, 
  0x1F, 0xFE, 0x00, 0x07, 0xFF, 0xE0, 0x00, 0xFC, 0xFC, 0x00, 0x3F, 0x9F, 
  0xC0, 0x07, 0xE1, 0xFC, 0x01, 0xFC, 0x3F, 0xE0, 0xFF, 0x03, 0xFF, 0xFF, 
  0xC0, 0x3F, 0xFF, 0xF8, 0x03, 0xFF, 0xFC, 0x00, 0x1F, 0xFF, 0x00, 0x00, 
  0x7F, 0x00, 0x00, 0x00, 0x03, 0xE0, 0x00, 0x00, 0xF8, 0x00, 0x00, 0x1E, 
  0x00, 0x00, 0x07, 0x80, 0x00, 0x00, 0xE0, 0x00, 0x00, 0x38, 0x00, 0x00, 
  0x00, 0x00, 0x00, 0x00, 0x00, 0x00, 0x00, 0x7F, 0x80, 0x00, 0x3F, 0xFE, 
  0x00, 0x1F, 0xFF, 0xE0, 0x07, 0xFF, 0xFF, 0x01, 0xFF, 0xFF, 0xF0, 0x7F, 
  0xC1, 0xFE, 0x0F, 0xE0, 0x0F, 0xE3, 0xF8, 0x00, 0xFC, 0x7E, 0x00, 0x0F, 
  0xDF, 0xC0, 0x01, 0xFB, 0xF0, 0x00, 0x3F, 0xFE, 0x00, 0x03, 0xFF, 0xC0, 
  0x00, 0x7F, 0xF0, 0x00, 0x0F, 0xFE, 0x00, 0x01, 0xFF, 0xC0, 0x00, 0x3F, 
  0xFC, 0x00, 0x07, 0xFF, 0x80, 0x00, 0xFF, 0xF0, 0x00, 0x1F, 0xFE, 0x00, 
  0x07, 0xFF, 0xE0, 0x00, 0xFC, 0xFC, 0x00, 0x3F, 0x9F, 0xC0, 0x07, 0xE1, 
  0xFC, 0x01, 0xFC, 0x3F, 0xE0, 0xFF, 0x03, 0xFF, 0xFF, 0xC0, 0x3F, 0xFF, 
  0xF8, 0x03, 0xFF, 0xFC, 0x00, 0x1F, 0xFF, 0x00, 0x00, 0x7F, 0x00, 0x00, 
  0x00, 0x1F, 0x00, 0x00, 0x07, 0xE0, 0x00, 0x00, 0xFE, 0x00, 0x00, 0x39, 
  0xE0, 0x00, 0x0E, 0x1C, 0x00, 0x01, 0xC1, 0xC0, 0x00, 0x00, 0x00, 0x00, 
  0x00, 0x00, 0x00, 0x00, 0x7F, 0x80, 0x00, 0x3F, 0xFE, 0x00, 0x1F, 0xFF, 
  0xE0, 0x07, 0xFF, 0xFF, 0x01, 0xFF, 0xFF, 0xF0, 0x7F, 0xC1, 0xFE, 0x0F, 
  0xE0, 0x0F, 0xE3, 0xF8, 0x00, 0xFC, 0x7E, 0x00, 0x0F, 0xDF, 0xC0, 0x01, 
  0xFB, 0xF0, 0x00, 0x3F, 0xFE, 0x00, 0x03, 0xFF, 0xC0, 0x00, 0x7F, 0xF0, 
  0x00, 0x0F, 0xFE, 0x00, 0x01, 0xFF, 0xC0, 0x00, 0x3F, 0xFC, 0x00, 0x07, 
  0xFF, 0x80, 0x00, 0xFF, 0xF0, 0x00, 0x1F, 0xFE, 0x00, 0x07, 0xFF, 0xE0, 
  0x00, 0xFC, 0xFC, 0x00, 0x3F, 0x9F, 0xC0, 0x07, 0xE1, 0xFC, 0x01, 0xFC, 
  0x3F, 0xE0, 0xFF, 0x03, 0xFF, 0xFF, 0xC0, 0x3F, 0xFF, 0xF8, 0x03, 0xFF, 
  0xFC, 0x00, 0x1F, 0xFF, 0x00, 0x00, 0x7F, 0x00, 0x00, 0x00, 0xF8, 0x30, 
  0x00, 0x3F, 0xEE, 0x00, 0x07, 0xFF, 0xC0, 0x00, 0xC3, 0xF0, 0x00, 0x18, 
  0x0C, 0x00, 0x00, 0x00, 0x00, 0x00, 0x00, 0x00, 0x00, 0x03, 0xFC, 0x00, 
  0x01, 0xFF, 0xF0, 0x00, 0xFF, 0xFF, 0x00, 0x3F, 0xFF, 0xF8, 0x0F, 0xFF, 
  0xFF, 0x83, 0xFE, 0x0F, 0xF0, 0x7F, 0x00, 0x7F, 0x1F, 0xC0, 0x07, 0xE3, 
  0xF0, 0x00, 0x7E, 0xFE, 0x00, 0x0F, 0xDF, 0x80, 0x01, 0xFF, 0xF0, 0x00, 
  0x1F, 0xFE, 0x00, 0x03, 0xFF, 0x80, 0x00, 0x7F, 0xF0, 0x00, 0x0F, 0xFE, 
  0x00, 0x01, 0xFF, 0xE0, 0x00, 0x3F, 0xFC, 0x00, 0x07, 0xFF, 0x80, 0x00, 
  0xFF, 0xF0, 0x00, 0x3F, 0xFF, 0x00, 0x07, 0xE7, 0xE0, 0x01, 0xFC, 0xFE, 
  0x00, 0x3F, 0x0F, 0xE0, 0x0F, 0xE1, 0xFF, 0x07, 0xF8, 0x1F, 0xFF, 0xFE, 
  0x01, 0xFF, 0xFF, 0xC0, 0x1F, 0xFF, 0xE0, 0x00, 0xFF, 0xF8, 0x00, 0x03, 
  0xF8, 0x00, 0x01, 0xF1, 0xE0, 0x00, 0x3E, 0x3C, 0x00, 0x07, 0xC7, 0x80, 
  0x00, 0xF8, 0xF0, 0x00, 0x1F, 0x1E, 0x00, 0x00, 0x00, 0x00, 0x00, 0x00, 
  0x00, 0x00, 0x03, 0xFC, 0x00, 0x01, 0xFF, 0xF0, 0x00, 0xFF, 0xFF, 0x00, 
  0x3F, 0xFF, 0xF8, 0x0F, 0xFF, 0xFF, 0x83, 0xFE, 0x0F, 0xF0, 0x7F, 0x00, 
  0x7F, 0x1F, 0xC0, 0x07, 0xE3, 0xF0, 0x00, 0x7E, 0xFE, 0x00, 0x0F, 0xDF, 
  0x80, 0x01, 0xFF, 0xF0, 0x00, 0x1F, 0xFE, 0x00, 0x03, 0xFF, 0x80, 0x00, 
  0x7F, 0xF0, 0x00, 0x0F, 0xFE, 0x00, 0x01, 0xFF, 0xE0, 0x00, 0x3F, 0xFC, 
  0x00, 0x07, 0xFF, 0x80, 0x00, 0xFF, 0xF0, 0x00, 0x3F, 0xFF, 0x00, 0x07, 
  0xE7, 0xE0, 0x01, 0xFC, 0xFE, 0x00, 0x3F, 0x0F, 0xE0, 0x0F, 0xE1, 0xFF, 
  0x07, 0xF8, 0x1F, 0xFF, 0xFE, 0x01, 0xFF, 0xFF, 0xC0, 0x1F, 0xFF, 0xE0, 
  0x00, 0xFF, 0xF8, 0x00, 0x03, 0xF8, 0x00, 0x30, 0x04, 0x1C, 0x07, 0x1F, 
  0x07, 0xCF, 0xC7, 0xE3, 0xF7, 0xE0, 0xFF, 0xE0, 0x3F, 0xE0, 0x0F, 0xE0, 
  0x07, 0xF0, 0x07, 0xFC, 0x07, 0xFF, 0x07, 0xEF, 0xC7, 0xE3, 0xF3, 0xE0, 
  0xF8, 0xE0, 0x38, 0x20, 0x08, 0x00, 0x3F, 0xC0, 0x20, 0x07, 0xFF, 0xC3, 
  0xC0, 0xFF, 0xFF, 0x3C, 0x0F, 0xFF, 0xFF, 0xC0, 0xFF, 0xFF, 0xFC, 0x0F, 
  0xF0, 0x3F, 0xC0, 0xFF, 0x00, 0x7F, 0x07, 0xF0, 0x03, 0xF8, 0x7F, 0x00, 
  0x1F, 0xE3, 0xF0, 0x01, 0xFF, 0x1F, 0x80, 0x1D, 0xF8, 0xFC, 0x01, 0xC7, 
  0xEF, 0xC0, 0x1E, 0x3F, 0x7E, 0x01, 0xE1, 0xFB, 0xF0, 0x1E, 0x0F, 0xDF, 
  0x81, 0xE0, 0x7E, 0xFC, 0x1E, 0x03, 0xF3, 0xE1, 0xE0, 0x1F, 0x9F, 0x9E, 
  0x00, 0xFC, 0xFC, 0xE0, 0x0F, 0xC7, 0xEE, 0x00, 0x7E, 0x1F, 0xE0, 0x07, 
  0xF0, 0xFE, 0x00, 0x3F, 0x03, 0xF8, 0x07, 0xF8, 0x1F, 0xF0, 0x7F, 0x80, 
  0xFF, 0xFF, 0xF8, 0x0F, 0xFF, 0xFF, 0x80, 0xF7, 0xFF, 0xF8, 0x0F, 0x0F, 
  0xFF, 0x80, 0x30, 0x1F, 0xE0, 0x00, 0x00, 0x00, 0x00, 0x00, 0x03, 0xE0, 
  0x00, 0x03, 0xC0, 0x00, 0x03, 0xC0, 0x00, 0x03, 0x80, 0x00, 0x07, 0x80, 
  0x00, 0x07, 0x00, 0x00, 0x00, 0x00, 0x00, 0x00, 0x00, 0xFC, 0x00, 0x7F, 
  0xF8, 0x00, 0xFF, 0xF0, 0x01, 0xFF, 0xE0, 0x03, 0xFF, 0xC0, 0x07, 0xFF, 
  0x80, 0x0F, 0xFF, 0x00, 0x1F, 0xFE, 0x00, 0x3F, 0xFC, 0x00, 0x7F, 0xF8, 
  0x00, 0xFF, 0xF0, 0x01, 0xFF, 0xE0, 0x03, 0xFF, 0xC0, 0x07, 0xFF, 0x80, 
  0x0F, 0xFF, 0x00, 0x1F, 0xFE, 0x00, 0x3F, 0xFC, 0x00, 0x7F, 0xF8, 0x00, 
  0xFF, 0xF0, 0x01, 0xFF, 0xE0, 0x03, 0xFF, 0xC0, 0x07, 0xFF, 0x80, 0x0F, 
  0xBF, 0x00, 0x3F, 0x7F, 0x00, 0xFE, 0x7F, 0x83, 0xFC, 0xFF, 0xFF, 0xF0, 
  0xFF, 0xFF, 0xC0, 0xFF, 0xFF, 0x00, 0x7F, 0xFC, 0x00, 0x1F, 0xC0, 0x00, 
  0x00, 0x0F, 0x80, 0x00, 0x3E, 0x00, 0x00, 0x78, 0x00, 0x01, 0xE0, 0x00, 
  0x03, 0x80, 0x00, 0x0E, 0x00, 0x00, 0x00, 0x00, 0x00, 0x00, 0x00, 0xFC, 
  0x00, 0x7F, 0xF8, 0x00, 0xFF, 0xF0, 0x01, 0xFF, 0xE0, 0x03, 0xFF, 0xC0, 
  0x07, 0xFF, 0x80, 0x0F, 0xFF, 0x00, 0x1F, 0xFE, 0x00, 0x3F, 0xFC, 0x00, 
  0x7F, 0xF8, 0x00, 0xFF, 0xF0, 0x01, 0xFF, 0xE0, 0x03, 0xFF, 0xC0, 0x07, 
  0xFF, 0x80, 0x0F, 0xFF, 0x00, 0x1F, 0xFE, 0x00, 0x3F, 0xFC, 0x00, 0x7F, 
  0xF8, 0x00, 0xFF, 0xF0, 0x01, 0xFF, 0xE0, 0x03, 0xFF, 0xC0, 0x07, 0xFF, 
  0x80, 0x0F, 0xBF, 0x00, 0x3F, 0x7F, 0x00, 0xFE, 0x7F, 0x83, 0xFC, 0xFF, 
  0xFF, 0xF0, 0xFF, 0xFF, 0xC0, 0xFF, 0xFF, 0x00, 0x7F, 0xFC, 0x00, 0x1F, 
  0xC0, 0x00, 0x00, 0x7C, 0x00, 0x01, 0xF8, 0x00, 0x03, 0xF8, 0x00, 0x0E, 
  0x78, 0x00, 0x38, 0x70, 0x00, 0x70, 0x70, 0x00, 0x00, 0x00, 0x00, 0x00, 
  0x00, 0xFC, 0x00, 0x7F, 0xF8, 0x00, 0xFF, 0xF0, 0x01, 0xFF, 0xE0, 0x03, 
  0xFF, 0xC0, 0x07, 0xFF, 0x80, 0x0F, 0xFF, 0x00, 0x1F, 0xFE, 0x00, 0x3F, 
  0xFC, 0x00, 0x7F, 0xF8, 0x00, 0xFF, 0xF0, 0x01, 0xFF, 0xE0, 0x03, 0xFF, 
  0xC0, 0x07, 0xFF, 0x80, 0x0F, 0xFF, 0x00, 0x1F, 0xFE, 0x00, 0x3F, 0xFC, 
  0x00, 0x7F, 0xF8, 0x00, 0xFF, 0xF0, 0x01, 0xFF, 0xE0, 0x03, 0xFF, 0xC0, 
  0x07, 0xFF, 0x80, 0x0F, 0xBF, 0x00, 0x3F, 0x7F, 0x00, 0xFE, 0x7F, 0x83, 
  0xFC, 0xFF, 0xFF, 0xF0, 0xFF, 0xFF, 0xC0, 0xFF, 0xFF, 0x00, 0x7F, 0xFC, 
  0x00, 0x1F, 0xC0, 0x00, 0x07, 0xC7, 0x80, 0x0F, 0x8F, 0x00, 0x1F, 0x1E, 
  0x00, 0x3E, 0x3C, 0x00, 0x7C, 0x78, 0x00, 0x00, 0x00, 0x00, 0x00, 0x00, 
  0x7E, 0x00, 0x3F, 0xFC, 0x00, 0x7F, 0xF8, 0x00, 0xFF, 0xF0, 0x01, 0xFF, 
  0xE0, 0x03, 0xFF, 0xC0, 0x07, 0xFF, 0x80, 0x0F, 0xFF, 0x00, 0x1F, 0xFE, 
  0x00, 0x3F, 0xFC, 0x00, 0x7F, 0xF8, 0x00, 0xFF, 0xF0, 0x01, 0xFF, 0xE0, 
  0x03, 0xFF, 0xC0, 0x07, 0xFF, 0x80, 0x0F, 0xFF, 0x00, 0x1F, 0xFE, 0x00, 
  0x3F, 0xFC, 0x00, 0x7F, 0xF8, 0x00, 0xFF, 0xF0, 0x01, 0xFF, 0xE0, 0x03, 
  0xFF, 0xC0, 0x07, 0xDF, 0x80, 0x1F, 0xBF, 0x80, 0x7F, 0x3F, 0xC1, 0xFE, 
  0x7F, 0xFF, 0xF8, 0x7F, 0xFF, 0xE0, 0x7F, 0xFF, 0x80, 0x3F, 0xFE, 0x00, 
  0x0F, 0xE0, 0x00, 0x00, 0x07, 0xC0, 0x00, 0x0F, 0x80, 0x00, 0x0F, 0x00, 
  0x00, 0x1E, 0x00, 0x00, 0x1C, 0x00, 0x00, 0x38, 0x00, 0x00, 0x00, 0x00, 
  0x00, 0x00, 0x00, 0xFE, 0x00, 0x3F, 0x7E, 0x00, 0x7F, 0x7F, 0x00, 0x7E, 
  0x3F, 0x00, 0x7E, 0x3F, 0x00, 0xFC, 0x1F, 0x80, 0xFC, 0x1F, 0x81, 0xF8, 
  0x0F, 0xC1, 0xF8, 0x0F, 0xC3, 0xF0, 0x07, 0xE3, 0xF0, 0x07, 0xE3, 0xE0, 
  0x03, 0xF7, 0xE0, 0x03, 0xF7, 0xC0, 0x01, 0xFF, 0xC0, 0x01, 0xFF, 0x80, 
  0x00, 0xFF, 0x80, 0x00, 0x7F, 0x00, 0x00, 0x7F, 0x00, 0x00, 0x3E, 0x00, 
  0x00, 0x3E, 0x00, 0x00, 0x3E, 0x00, 0x00, 0x3E, 0x00, 0x00, 0x3E, 0x00, 
  0x00, 0x3E, 0x00, 0x00, 0x3E, 0x00, 0x00, 0x3E, 0x00, 0x00, 0x3E, 0x00, 
  0x00, 0x3E, 0x00, 0x00, 0x3E, 0x00, 0xFC, 0x00, 0x03, 0xF0, 0x00, 0x0F, 
  0xC0, 0x00, 0x3F, 0x00, 0x00, 0xFC, 0x00, 0x03, 0xFF, 0xFC, 0x0F, 0xFF, 
  0xFC, 0x3F, 0xFF, 0xFC, 0xFF, 0xFF, 0xF3, 0xFF, 0xFF, 0xEF, 0xC0, 0x3F, 
  0xBF, 0x00, 0x7F, 0xFC, 0x00, 0xFF, 0xF0, 0x03, 0xFF, 0xC0, 0x0F, 0xFF, 
  0x00, 0x3F, 0xFC, 0x00, 0xFF, 0xF0, 0x07, 0xEF, 0xC0, 0xFF, 0xBF, 0xFF, 
  0xFE, 0xFF, 0xFF, 0xF3, 0xFF, 0xFF, 0x8F, 0xFF, 0xFC, 0x3F, 0xFF, 0x00, 
  0xFC, 0x00, 0x03, 0xF0, 0x00, 0x0F, 0xC0, 0x00, 0x3F, 0x00, 0x00, 0xFC, 
  0x00, 0x00, 0x01, 0xC0, 0x01, 0xFF, 0xC0, 0x3F, 0xFE, 0x07, 0xFF, 0xF0, 
  0xFF, 0xFF, 0x8F, 0xC1, 0xF8, 0xF8, 0x0F, 0xCF, 0x80, 0xFC, 0xF8, 0x0F, 
  0xCF, 0x80, 0xFC, 0xF8, 0x1F, 0x8F, 0x87, 0xF8, 0xF8, 0xFE, 0x0F, 0x8F, 
  0xF0, 0xF8, 0xFF, 0xCF, 0x83, 0xFC, 0xF8, 0x0F, 0xEF, 0x80, 0x7E, 0xF8, 
  0x03, 0xEF, 0x80, 0x3F, 0xF8, 0x03, 0xEF, 0x80, 0x3E, 0xF8, 0x07, 0xEF, 
  0x80, 0x7E, 0xF8, 0x1F, 0xEF, 0x8F, 0xFC, 0xF8, 0xFF, 0xCF, 0x8F, 0xF8, 
  0xF8, 0xFE, 0x00, 0x07, 0x80, 0x0F, 0x80, 0x00, 0x7C, 0x00, 0x03, 0xC0, 
  0x00, 0x1E, 0x00, 0x00, 0xE0, 0x00, 0x0F, 0x00, 0x00, 0x00, 0x00, 0x00, 
  0x00, 0x00, 0x40, 0x00, 0xFF, 0xE0, 0x1F, 0xFF, 0x83, 0xFF, 0xF8, 0x7F, 
  0xFF, 0xC7, 0xE0, 0xFC, 0x7C, 0x07, 0xC7, 0xC0, 0x7C, 0x00, 0x0F, 0xC0, 
  0x07, 0xFC, 0x0F, 0xFF, 0xC3, 0xFF, 0xFC, 0x7F, 0xE7, 0xC7, 0xE0, 0x7C, 
  0xFC, 0x07, 0xCF, 0xC0, 0x7C, 0xFC, 0x0F, 0xCF, 0xC1, 0xFC, 0xFF, 0xFF, 
  0xC7, 0xFF, 0xFC, 0x7F, 0xF7, 0xE3, 0xFE, 0x7F, 0x0F, 0x80, 0x00, 0x00, 
  0x3E, 0x00, 0x03, 0xC0, 0x00, 0x78, 0x00, 0x07, 0x00, 0x00, 0xF0, 0x00, 
  0x0E, 0x00, 0x00, 0x00, 0x00, 0x00, 0x00, 0x00, 0x40, 0x00, 0xFF, 0xE0, 
  0x1F, 0xFF, 0x83, 0xFF, 0xF8, 0x7F, 0xFF, 0xC7, 0xE0, 0xFC, 0x7C, 0x07, 
  0xC7, 0xC0, 0x7C, 0x00, 0x0F, 0xC0, 0x07, 0xFC, 0x0F, 0xFF, 0xC3, 0xFF, 
  0xFC, 0x7F, 0xE7, 0xC7, 0xE0, 0x7C, 0xFC, 0x07, 0xCF, 0xC0, 0x7C, 0xFC, 
  0x0F, 0xCF, 0xC1, 0xFC, 0xFF, 0xFF, 0xC7, 0xFF, 0xFC, 0x7F, 0xF7, 0xE3, 
  0xFE, 0x7F, 0x0F, 0x80, 0x00, 0x00, 0xF0, 0x00, 0x1F, 0x80, 0x03, 0xB8, 
  0x00, 0x79, 0xC0, 0x07, 0x1E, 0x00, 0xE0, 0xE0, 0x00, 0x00, 0x00, 0x00, 
  0x00, 0x00, 0x40, 0x00, 0xFF, 0xE0, 0x1F, 0xFF, 0x83, 0xFF, 0xF8, 0x7F, 
  0xFF, 0xC7, 0xE0, 0xFC, 0x7C, 0x07, 0xC7, 0xC0, 0x7C, 0x00, 0x0F, 0xC0, 
  0x07, 0xFC, 0x0F, 0xFF, 0xC3, 0xFF, 0xFC, 0x7F, 0xE7, 0xC7, 0xE0, 0x7C, 
  0xFC, 0x07, 0xCF, 0xC0, 0x7C, 0xFC, 0x0F, 0xCF, 0xC1, 0xFC, 0xFF, 0xFF, 
  0xC7, 0xFF, 0xFC, 0x7F, 0xF7, 0xE3, 0xFE, 0x7F, 0x0F, 0x80, 0x00, 0x0F, 
  0x83, 0x00, 0xFF, 0x70, 0x1F, 0xFF, 0x01, 0xC7, 0xE0, 0x18, 0x0C, 0x00, 
  0x00, 0x00, 0x00, 0x00, 0x00, 0x04, 0x00, 0x0F, 0xFE, 0x01, 0xFF, 0xF8, 
  0x3F, 0xFF, 0x87, 0xFF, 0xFC, 0x7E, 0x0F, 0xC7, 0xC0, 0x7C, 0x7C, 0x07, 
  0xC0, 0x00, 0xFC, 0x00, 0x7F, 0xC0, 0xFF, 0xFC, 0x3F, 0xFF, 0xC7, 0xFE, 
  0x7C, 0x7E, 0x07, 0xCF, 0xC0, 0x7C, 0xFC, 0x07, 0xCF, 0xC0, 0xFC, 0xFC, 
  0x1F, 0xCF, 0xFF, 0xFC, 0x7F, 0xFF, 0xC7, 0xFF, 0x7E, 0x3F, 0xE7, 0xF0, 
  0xF8, 0x00, 0x0F, 0x1F, 0x00, 0xF1, 0xF0, 0x0F, 0x1F, 0x00, 0xF1, 0xF0, 
  0x0F, 0x1F, 0x00, 0x00, 0x00, 0x00, 0x00, 0x00, 0x04, 0x00, 0x0F, 0xFE, 
  0x01, 0xFF, 0xF8, 0x3F, 0xFF, 0x87, 0xFF, 0xFC, 0x7E, 0x0F, 0xC7, 0xC0, 
  0x7C, 0x7C, 0x07, 0xC0, 0x00, 0xFC, 0x00, 0x7F, 0xC0, 0xFF, 0xFC, 0x3F, 
  0xFF, 0xC7, 0xFE, 0x7C, 0x7E, 0x07, 0xCF, 0xC0, 0x7C, 0xFC, 0x07, 0xCF, 
  0xC0, 0xFC, 0xFC, 0x1F, 0xCF, 0xFF, 0xFC, 0x7F, 0xFF, 0xC7, 0xFF, 0x7E, 
  0x3F, 0xE7, 0xF0, 0xF8, 0x00, 0x00, 0xF0, 0x00, 0x1F, 0x80, 0x03, 0x18, 
  0x00, 0x31, 0x80, 0x03, 0x18, 0x00, 0x1F, 0x00, 0x00, 0xE0, 0x00, 0x00, 
  0x00, 0x00, 0x40, 0x00, 0xFF, 0xE0, 0x1F, 0xFF, 0x83, 0xFF, 0xF8, 0x7F, 
  0xFF, 0xC7, 0xE0, 0xFC, 0x7C, 0x07, 0xC7, 0xC0, 0x7C, 0x00, 0x0F, 0xC0, 
  0x07, 0xFC, 0x0F, 0xFF, 0xC3, 0xFF, 0xFC, 0x7F, 0xE7, 0xC7, 0xE0, 0x7C, 
  0xFC, 0x07, 0xCF, 0xC0, 0x7C, 0xFC, 0x0F, 0xCF, 0xC1, 0xFC, 0xFF, 0xFF, 
  0xC7, 0xFF, 0xFC, 0x7F, 0xF7, 0xE3, 0xFE, 0x7F, 0x0F, 0x80, 0x00, 0x00, 
  0x40, 0x02, 0x00, 0x07, 0xFF, 0x1F, 0xF0, 0x07, 0xFF, 0xFF, 0xFE, 0x07, 
  0xFF, 0xFF, 0xFF, 0x87, 0xFF, 0xFF, 0xFF, 0xE3, 0xF0, 0x7F, 0x83, 0xF1, 
  0xF0, 0x1F, 0x80, 0xFC, 0xF8, 0x0F, 0xC0, 0x7E, 0x00, 0x0F, 0xE0, 0x1F, 
  0x00, 0x7F, 0xE0, 0x0F, 0x83, 0xFF, 0xFF, 0xFF, 0xE7, 0xFF, 0xFF, 0xFF, 
  0xF7, 0xFF, 0x7F, 0xFF, 0xFB, 0xF0, 0x3E, 0x00, 0x03, 0xF0, 0x1F, 0x00, 
  0x01, 0xF8, 0x0F, 0xC0, 0x00, 0xFC, 0x0F, 0xE0, 0x1F, 0x7E, 0x0F, 0xF8, 
  0x1F, 0xBF, 0xDF, 0xFE, 0x3F, 0x8F, 0xFF, 0xBF, 0xFF, 0x87, 0xFF, 0x8F, 
  0xFF, 0x81, 0xFF, 0x83, 0xFF, 0x80, 0x3F, 0x00, 0x3E, 0x00, 0x00, 0x00, 
  0x00, 0x7F, 0xC0, 0x3F, 0xFC, 0x0F, 0xFF, 0xC3, 0xFF, 0xFC, 0x7E, 0x1F, 
  0xDF, 0x81, 0xFB, 0xF0, 0x1F, 0x7C, 0x03, 0xFF, 0x80, 0x03, 0xF0, 0x00, 
  0x7E, 0x00, 0x0F, 0xC0, 0x01, 0xF8, 0x00, 0x3F, 0x00, 0x03, 0xE0, 0x1F, 
  0x7E, 0x03, 0xEF, 0xE0, 0xFC, 0xFF, 0xFF, 0x1F, 0xFF, 0xE1, 0xFF, 0xF8, 
  0x0F, 0xFE, 0x00, 0x7E, 0x00, 0x06, 0x00, 0x00, 0xF8, 0x00, 0x3F, 0x80, 
  0x00, 0x70, 0x00, 0x0E, 0x00, 0xF7, 0xC0, 0x1F, 0xF0, 0x00, 0x30, 0x00, 
  0x0F, 0x80, 0x00, 0x7C, 0x00, 0x03, 0xC0, 0x00, 0x1E, 0x00, 0x00, 0xE0, 
  0x00, 0x07, 0x00, 0x00, 0x00, 0x00, 0x00, 0x00, 0x00, 0x40, 0x00, 0x7F, 
  0xC0, 0x0F, 0xFF, 0x01, 0xFF, 0xF8, 0x3F, 0xFF, 0xC7, 0xE0, 0xFC, 0x7C, 
  0x07, 0xEF, 0xC0, 0x7E, 0xFC, 0x03, 0xEF, 0x80, 0x3E, 0xFF, 0xFF, 0xEF, 
  0xFF, 0xFF, 0xFF, 0xFF, 0xFF, 0x80, 0x00, 0xF8, 0x00, 0x0F, 0xC0, 0x00, 
  0xFC, 0x03, 0xE7, 0xE0, 0x7E, 0x7F, 0x9F, 0xC3, 0xFF, 0xF8, 0x1F, 0xFF, 
  0x00, 0xFF, 0xE0, 0x01, 0xF0, 0x00, 0x00, 0x3E, 0x00, 0x03, 0xC0, 0x00, 
  0x7C, 0x00, 0x07, 0x80, 0x00, 0x70, 0x00, 0x0E, 0x00, 0x00, 0x00, 0x00, 
  0x00, 0x00, 0x00, 0x40, 0x00, 0x7F, 0xC0, 0x0F, 0xFF, 0x01, 0xFF, 0xF8, 
  0x3F, 0xFF, 0xC7, 0xE0, 0xFC, 0x7C, 0x07, 0xEF, 0xC0, 0x7E, 0xFC, 0x03, 
  0xEF, 0x80, 0x3E, 0xFF, 0xFF, 0xEF, 0xFF, 0xFF, 0xFF, 0xFF, 0xFF, 0x80, 
  0x00, 0xF8, 0x00, 0x0F, 0xC0, 0x00, 0xFC, 0x03, 0xE7, 0xE0, 0x7E, 0x7F, 
  0x9F, 0xC3, 0xFF, 0xF8, 0x1F, 0xFF, 0x00, 0xFF, 0xE0, 0x01, 0xF0, 0x00, 
  0x00, 0xF0, 0x00, 0x1F, 0x80, 0x03, 0xFC, 0x00, 0x39, 0xC0, 0x07, 0x0E, 
  0x00, 0xE0, 0x70, 0x00, 0x00, 0x00, 0x00, 0x00, 0x00, 0x40, 0x00, 0x7F, 
  0xC0, 0x0F, 0xFF, 0x01, 0xFF, 0xF8, 0x3F, 0xFF, 0xC7, 0xE0, 0xFC, 0x7C, 
  0x07, 0xEF, 0xC0, 0x7E, 0xFC, 0x03, 0xEF, 0x80, 0x3E, 0xFF, 0xFF, 0xEF, 
  0xFF, 0xFF, 0xFF, 0xFF, 0xFF, 0x80, 0x00, 0xF8, 0x00, 0x0F, 0xC0, 0x00, 
  0xFC, 0x03, 0xE7, 0xE0, 0x7E, 0x7F, 0x9F, 0xC3, 0xFF, 0xF8, 0x1F, 0xFF, 
  0x00, 0xFF, 0xE0, 0x01, 0xF0, 0x00, 0x0F, 0x0F, 0x00, 0xF0, 0xF0, 0x0F, 
  0x0F, 0x00, 0xF0, 0xF0, 0x0F, 0x0F, 0x00, 0x00, 0x00, 0x00, 0x00, 0x00, 
  0x04, 0x00, 0x07, 0xFC, 0x00, 0xFF, 0xF0, 0x1F, 0xFF, 0x83, 0xFF, 0xFC, 
  0x7E, 0x0F, 0xC7, 0xC0, 0x7E, 0xFC, 0x07, 0xEF, 0xC0, 0x3E, 0xF8, 0x03, 
  0xEF, 0xFF, 0xFE, 0xFF, 0xFF, 0xFF, 0xFF, 0xFF, 0xF8, 0x00, 0x0F, 0x80, 
  0x00, 0xFC, 0x00, 0x0F, 0xC0, 0x3E, 0x7E, 0x07, 0xE7, 0xF9, 0xFC, 0x3F, 
  0xFF, 0x81, 0xFF, 0xF0, 0x0F, 0xFE, 0x00, 0x1F, 0x00, 0xF8, 0x78, 0x7C, 
  0x3C, 0x1C, 0x0E, 0x00, 0x00, 0x00, 0x1F, 0x1F, 0x1F, 0x1F, 0x1F, 0x1F, 
  0x1F, 0x1F, 0x1F, 0x1F, 0x1F, 0x1F, 0x1F, 0x1F, 0x1F, 0x1F, 0x1F, 0x1F, 
  0x1F, 0x1F, 0x1F, 0x1F, 0x1E, 0x3E, 0x3C, 0x78, 0x70, 0x00, 0x00, 0x00, 
  0xF8, 0xF8, 0xF8, 0xF8, 0xF8, 0xF8, 0xF8, 0xF8, 0xF8, 0xF8, 0xF8, 0xF8, 
  0xF8, 0xF8, 0xF8, 0xF8, 0xF8, 0xF8, 0xF8, 0xF8, 0xF8, 0x0F, 0x80, 0x7C, 
  0x07, 0x70, 0x73, 0xC3, 0x8F, 0x38, 0x38, 0x00, 0x00, 0x00, 0x00, 0x00, 
  0x7C, 0x03, 0xE0, 0x1F, 0x00, 0xF8, 0x07, 0xC0, 0x3E, 0x01, 0xF0, 0x0F, 
  0x80, 0x7C, 0x03, 0xE0, 0x1F, 0x00, 0xF8, 0x07, 0xC0, 0x3E, 0x01, 0xF0, 
  0x0F, 0x80, 0x7C, 0x03, 0xE0, 0x1F, 0x00, 0xF8, 0x07, 0xC0, 0xF8, 0xFF, 
  0x8F, 0xF8, 0xFF, 0x8F, 0xF8, 0xF0, 0x00, 0x00, 0x00, 0x00, 0x0F, 0x80, 
  0xF8, 0x0F, 0x80, 0xF8, 0x0F, 0x80, 0xF8, 0x0F, 0x80, 0xF8, 0x0F, 0x80, 
  0xF8, 0x0F, 0x80, 0xF8, 0x0F, 0x80, 0xF8, 0x0F, 0x80, 0xF8, 0x0F, 0x80, 
  0xF8, 0x0F, 0x80, 0xF8, 0x0F, 0x80, 0x03, 0x06, 0x00, 0x7E, 0xF0, 0x01, 
  0xFF, 0x00, 0x03, 0xF0, 0x00, 0x3F, 0xC0, 0x03, 0xDF, 0x80, 0x08, 0x7E, 
  0x00, 0x01, 0xF0, 0x01, 0xF7, 0xC0, 0x3F, 0xFF, 0x07, 0xFF, 0xF8, 0x7F, 
  0xFF, 0xE3, 0xFC, 0xFF, 0x3F, 0x81, 0xFD, 0xF8, 0x07, 0xEF, 0x80, 0x3F, 
  0x7C, 0x01, 0xFF, 0xE0, 0x07, 0xFF, 0x00, 0x3F, 0xF8, 0x01, 0xFF, 0xC0, 
  0x0F, 0xBE, 0x00, 0xFD, 0xF8, 0x07, 0xEF, 0xC0, 0x7E, 0x7F, 0x03, 0xF1, 
  0xFF, 0xFF, 0x87, 0xFF, 0xF8, 0x1F, 0xFF, 0x80, 0x7F, 0xF8, 0x00, 0xFE, 
  0x00, 0x07, 0x83, 0x81, 0xFF, 0xF0, 0x7F, 0xFC, 0x0E, 0x3F, 0x81, 0x80, 
  0xC0, 0x00, 0x00, 0x00, 0x00, 0x00, 0x00, 0x00, 0xFC, 0xFF, 0x1F, 0xBF, 
  0xFB, 0xFF, 0xFF, 0x7F, 0xFF, 0xFF, 0xF8, 0xFF, 0xFC, 0x0F, 0xFF, 0x00, 
  0xFF, 0xE0, 0x1F, 0xFC, 0x03, 0xFF, 0x80, 0x7F, 0xF0, 0x0F, 0xFE, 0x01, 
  0xFF, 0xC0, 0x3F, 0xF8, 0x07, 0xFF, 0x00, 0xFF, 0xE0, 0x1F, 0xFC, 0x03, 
  0xFF, 0x80, 0x7F, 0xF0, 0x0F, 0xFE, 0x01, 0xFF, 0xC0, 0x3E, 0x03, 0xC0, 
  0x00, 0x1F, 0x00, 0x00, 0x78, 0x00, 0x01, 0xE0, 0x00, 0x07, 0x00, 0x00, 
  0x1C, 0x00, 0x00, 0x00, 0x00, 0x00, 0x00, 0x00, 0x00, 0x00, 0x1F, 0xF8, 
  0x03, 0xFF, 0xE0, 0x3F, 0xFF, 0xC3, 0xFF, 0xFE, 0x1F, 0xC3, 0xF9, 0xF8, 
  0x0F, 0xCF, 0xC0, 0x3F, 0x7C, 0x01, 0xFF, 0xE0, 0x07, 0xFF, 0x00, 0x3F, 
  0xF8, 0x01, 0xFF, 0xC0, 0x0F, 0xFE, 0x00, 0x7D, 0xF0, 0x07, 0xEF, 0xC0, 
  0x3F, 0x7E, 0x03, 0xFB, 0xF8, 0x1F, 0x8F, 0xFF, 0xFC, 0x3F, 0xFF, 0xC0, 
  0xFF, 0xFC, 0x03, 0xFF, 0xC0, 0x07, 0xF0, 0x00, 0x00, 0x1F, 0x00, 0x00, 
  0xF0, 0x00, 0x0F, 0x00, 0x00, 0x78, 0x00, 0x07, 0x80, 0x00, 0x38, 0x00, 
  0x00, 0x00, 0x00, 0x00, 0x00, 0x00, 0x00, 0x00, 0x1F, 0xF8, 0x03, 0xFF, 
  0xE0, 0x3F, 0xFF, 0xC3, 0xFF, 0xFE, 0x1F, 0xC3, 0xF9, 0xF8, 0x0F, 0xCF, 
  0xC0, 0x3F, 0x7C, 0x01, 0xFF, 0xE0, 0x07, 0xFF, 0x00, 0x3F, 0xF8, 0x01, 
  0xFF, 0xC0, 0x0F, 0xFE, 0x00, 0x7D, 0xF0, 0x07, 0xEF, 0xC0, 0x3F, 0x7E, 
  0x03, 0xFB, 0xF8, 0x1F, 0x8F, 0xFF, 0xFC, 0x3F, 0xFF, 0xC0, 0xFF, 0xFC, 
  0x03, 0xFF, 0xC0, 0x07, 0xF0, 0x00, 0x00, 0x78, 0x00, 0x07, 0xE0, 0x00, 
  0x7F, 0x80, 0x07, 0x9C, 0x00, 0x38, 0x70, 0x03, 0x83, 0xC0, 0x00, 0x00, 
  0x00, 0x00, 0x00, 0x00, 0x00, 0x00, 0x1F, 0xF8, 0x03, 0xFF, 0xE0, 0x3F, 
  0xFF, 0xC3, 0xFF, 0xFE, 0x1F, 0xC3, 0xF9, 0xF8, 0x0F, 0xCF, 0xC0, 0x3F, 
  0x7C, 0x01, 0xFF, 0xE0, 0x07, 0xFF, 0x00, 0x3F, 0xF8, 0x01, 0xFF, 0xC0, 
  0x0F, 0xFE, 0x00, 0x7D, 0xF0, 0x07, 0xEF, 0xC0, 0x3F, 0x7E, 0x03, 0xFB, 
  0xF8, 0x1F, 0x8F, 0xFF, 0xFC, 0x3F, 0xFF, 0xC0, 0xFF, 0xFC, 0x03, 0xFF, 
  0xC0, 0x07, 0xF0, 0x00, 0x03, 0xC1, 0xC0, 0x3F, 0xFE, 0x03, 0xFF, 0xE0, 
  0x1C, 0x7F, 0x00, 0xE0, 0x60, 0x00, 0x00, 0x00, 0x00, 0x00, 0x00, 0x00, 
  0x00, 0x03, 0xFF, 0x00, 0x7F, 0xFC, 0x07, 0xFF, 0xF8, 0x7F, 0xFF, 0xC3, 
  0xF8, 0x7F, 0x3F, 0x01, 0xF9, 0xF8, 0x07, 0xEF, 0x80, 0x3F, 0xFC, 0x00, 
  0xFF, 0xE0, 0x07, 0xFF, 0x00, 0x3F, 0xF8, 0x01, 0xFF, 0xC0, 0x0F, 0xBE, 
  0x00, 0xFD, 0xF8, 0x07, 0xEF, 0xC0, 0x7F, 0x7F, 0x03, 0xF1, 0xFF, 0xFF, 
  0x87, 0xFF, 0xF8, 0x1F, 0xFF, 0x80, 0x7F, 0xF8, 0x00, 0xFE, 0x00, 0x07, 
  0x8F, 0x80, 0x3C, 0x7C, 0x01, 0xE3, 0xE0, 0x0F, 0x1F, 0x00, 0x78, 0xF8, 
  0x00, 0x00, 0x00, 0x00, 0x00, 0x00, 0x00, 0x00, 0x03, 0xFF, 0x00, 0x7F, 
  0xFC, 0x07, 0xFF, 0xF8, 0x7F, 0xFF, 0xC3, 0xF8, 0x7F, 0x3F, 0x01, 0xF9, 
  0xF8, 0x07, 0xEF, 0x80, 0x3F, 0xFC, 0x00, 0xFF, 0xE0, 0x07, 0xFF, 0x00, 
  0x3F, 0xF8, 0x01, 0xFF, 0xC0, 0x0F, 0xBE, 0x00, 0xFD, 0xF8, 0x07, 0xEF, 
  0xC0, 0x7F, 0x7F, 0x03, 0xF1, 0xFF, 0xFF, 0x87, 0xFF, 0xF8, 0x1F, 0xFF, 
  0x80, 0x7F, 0xF8, 0x00, 0xFE, 0x00, 0x01, 0xF0, 0x00, 0x3E, 0x00, 0x07, 
  0xC0, 0x00, 0xF8, 0x00, 0x1F, 0x00, 0x00, 0x00, 0x00, 0x00, 0x00, 0x00, 
  0x00, 0xFF, 0xFF, 0xFF, 0xFF, 0xFF, 0xFF, 0xFF, 0xFF, 0xFF, 0xF0, 0x00, 
  0x00, 0x00, 0x00, 0x00, 0x00, 0x00, 0x0F, 0x80, 0x01, 0xF0, 0x00, 0x3E, 
  0x00, 0x07, 0xC0, 0x00, 0x00, 0x00, 0x04, 0x03, 0xFF, 0x1C, 0x1F, 0xFF, 
  0x78, 0x7F, 0xFF, 0xE1, 0xFF, 0xFF, 0x83, 0xF8, 0x7F, 0x0F, 0xE0, 0x7F, 
  0x1F, 0x80, 0xFE, 0x3E, 0x03, 0xFC, 0x7C, 0x0E, 0xF9, 0xF8, 0x39, 0xF3, 
  0xF0, 0xE3, 0xE7, 0xE3, 0x87, 0xCF, 0xCE, 0x0F, 0x8F, 0xB8, 0x1F, 0x1F, 
  0xE0, 0x7E, 0x3F, 0x80, 0xFC, 0x3F, 0x03, 0xF0, 0x7F, 0xFF, 0xE0, 0xFF, 
  0xFF, 0x83, 0xFF, 0xFE, 0x0E, 0x7F, 0xF8, 0x18, 0x1F, 0x80, 0x00, 0x00, 
  0x00, 0x0F, 0x80, 0x00, 0xF8, 0x00, 0x0F, 0x00, 0x00, 0xF0, 0x00, 0x0E, 
  0x00, 0x00, 0xE0, 0x00, 0x00, 0x00, 0x00, 0x00, 0x00, 0x00, 0x1F, 0x80, 
  0x7F, 0xF0, 0x0F, 0xFE, 0x01, 0xFF, 0xC0, 0x3F, 0xF8, 0x07, 0xFF, 0x00, 
  0xFF, 0xE0, 0x1F, 0xFC, 0x03, 0xFF, 0x80, 0x7F, 0xF0, 0x0F, 0xFE, 0x01, 
  0xFF, 0xC0, 0x3F, 0xF8, 0x07, 0xFF, 0x00, 0xFF, 0xE0, 0x3F, 0xFC, 0x07, 
  0xFF, 0xC1, 0xFD, 0xFF, 0xFF, 0xBF, 0xFF, 0xF3, 0xFF, 0xBE, 0x3F, 0xE7, 
  0xC1, 0xF0, 0x00, 0x00, 0x3E, 0x00, 0x07, 0x80, 0x01, 0xE0, 0x00, 0x3C, 
  0x00, 0x0F, 0x00, 0x01, 0xC0, 0x00, 0x00, 0x00, 0x00, 0x00, 0x00, 0x00, 
  0x1F, 0x80, 0x7F, 0xF0, 0x0F, 0xFE, 0x01, 0xFF, 0xC0, 0x3F, 0xF8, 0x07, 
  0xFF, 0x00, 0xFF, 0xE0, 0x1F, 0xFC, 0x03, 0xFF, 0x80, 0x7F, 0xF0, 0x0F, 
  0xFE, 0x01, 0xFF, 0xC0, 0x3F, 0xF8, 0x07, 0xFF, 0x00, 0xFF, 0xE0, 0x3F, 
  0xFC, 0x07, 0xFF, 0xC1, 0xFD, 0xFF, 0xFF, 0xBF, 0xFF, 0xF3, 0xFF, 0xBE, 
  0x3F, 0xE7, 0xC1, 0xF0, 0x00, 0x00, 0xF0, 0x00, 0x3F, 0x00, 0x0F, 0xE0, 
  0x03, 0xCE, 0x00, 0x71, 0xE0, 0x1C, 0x1C, 0x00, 0x00, 0x00, 0x00, 0x00, 
  0x00, 0x00, 0x1F, 0x80, 0x7F, 0xF0, 0x0F, 0xFE, 0x01, 0xFF, 0xC0, 0x3F, 
  0xF8, 0x07, 0xFF, 0x00, 0xFF, 0xE0, 0x1F, 0xFC, 0x03, 0xFF, 0x80, 0x7F, 
  0xF0, 0x0F, 0xFE, 0x01, 0xFF, 0xC0, 0x3F, 0xF8, 0x07, 0xFF, 0x00, 0xFF, 
  0xE0, 0x3F, 0xFC, 0x07, 0xFF, 0xC1, 0xFD, 0xFF, 0xFF, 0xBF, 0xFF, 0xF3, 
  0xFF, 0xBE, 0x3F, 0xE7, 0xC1, 0xF0, 0x00, 0x0F, 0x1F, 0x01, 0xE3, 0xE0, 
  0x3C, 0x7C, 0x07, 0x8F, 0x80, 0xF1, 0xF0, 0x00, 0x00, 0x00, 0x00, 0x00, 
  0x00, 0x00, 0xFC, 0x03, 0xFF, 0x80, 0x7F, 0xF0, 0x0F, 0xFE, 0x01, 0xFF, 
  0xC0, 0x3F, 0xF8, 0x07, 0xFF, 0x00, 0xFF, 0xE0, 0x1F, 0xFC, 0x03, 0xFF, 
  0x80, 0x7F, 0xF0, 0x0F, 0xFE, 0x01, 0xFF, 0xC0, 0x3F, 0xF8, 0x07, 0xFF, 
  0x01, 0xFF, 0xE0, 0x3F, 0xFE, 0x0F, 0xEF, 0xFF, 0xFD, 0xFF, 0xFF, 0x9F, 
  0xFD, 0xF1, 0xFF, 0x3E, 0x0F, 0x80, 0x00, 0x00, 0x1F, 0x00, 0x00, 0xF0, 
  0x00, 0x0F, 0x00, 0x00, 0x70, 0x00, 0x07, 0x80, 0x00, 0x38, 0x00, 0x00, 
  0x00, 0x00, 0x00, 0x00, 0x00, 0x00, 0x03, 0xF0, 0x0F, 0xDF, 0x80, 0x7C, 
  0xFC, 0x03, 0xE3, 0xE0, 0x3F, 0x1F, 0x81, 0xF0, 0xFC, 0x0F, 0x83, 0xE0, 
  0x7C, 0x1F, 0x87, 0xC0, 0xFC, 0x3E, 0x03, 0xE1, 0xF0, 0x1F, 0x9F, 0x00, 
  0xFC, 0xF8, 0x03, 0xE7, 0xC0, 0x1F, 0xBC, 0x00, 0x7F, 0xE0, 0x03, 0xFF, 
  0x00, 0x1F, 0xF0, 0x00, 0x7F, 0x80, 0x03, 0xFC, 0x00, 0x1F, 0xC0, 0x00, 
  0x7E, 0x00, 0x03, 0xF0, 0x00, 0x1F, 0x00, 0x00, 0xF8, 0x00, 0x0F, 0xC0, 
  0x07, 0xFC, 0x00, 0x3F, 0xE0, 0x01, 0xFE, 0x00, 0x0F, 0xE0, 0x00, 0x30, 
  0x00, 0x00, 0xFC, 0x00, 0x0F, 0xC0, 0x00, 0xFC, 0x00, 0x0F, 0xC0, 0x00, 
  0xFC, 0x00, 0x0F, 0xC0, 0x00, 0xFC, 0x00, 0x0F, 0xC1, 0x00, 0xFC, 0xFE, 
  0x0F, 0xDF, 0xF8, 0xFF, 0xFF, 0xCF, 0xFF, 0xFE, 0xFF, 0x8F, 0xEF, 0xE0, 
  0x7F, 0xFE, 0x03, 0xFF, 0xC0, 0x3F, 0xFC, 0x01, 0xFF, 0xC0, 0x1F, 0xFC, 
  0x01, 0xFF, 0xC0, 0x1F, 0xFC, 0x01, 0xFF, 0xC0, 0x1F, 0xFC, 0x03, 0xFF, 
  0xE0, 0x3F, 0xFF, 0x07, 0xEF, 0xFF, 0xFE, 0xFF, 0xFF, 0xCF, 0xFF, 0xF8, 
  0xFD, 0xFF, 0x0F, 0xC7, 0xC0, 0xFC, 0x00, 0x0F, 0xC0, 0x00, 0xFC, 0x00, 
  0x0F, 0xC0, 0x00, 0xFC, 0x00, 0x0F, 0xC0, 0x00, 0xFC, 0x00, 0x0F, 0xC0, 
  0x00, 0x07, 0x8F, 0x80, 0x3C, 0x7C, 0x01, 0xE3, 0xE0, 0x0F, 0x1F, 0x00, 
  0x78, 0xF8, 0x00, 0x00, 0x00, 0x00, 0x00, 0x00, 0x00, 0x00, 0x7E, 0x01, 
  0xFB, 0xF0, 0x0F, 0x9F, 0x80, 0x7C, 0x7C, 0x07, 0xE3, 0xF0, 0x3E, 0x1F, 
  0x81, 0xF0, 0x7C, 0x0F, 0x83, 0xF0, 0xF8, 0x1F, 0x87, 0xC0, 0x7C, 0x3E, 
  0x03, 0xF3, 0xE0, 0x1F, 0x9F, 0x00, 0x7C, 0xF8, 0x03, 0xF7, 0x80, 0x0F, 
  0xFC, 0x00, 0x7F, 0xE0, 0x03, 0xFE, 0x00, 0x0F, 0xF0, 0x00, 0x7F, 0x80, 
  0x03, 0xF8, 0x00, 0x0F, 0xC0, 0x00, 0x7E, 0x00, 0x03, 0xE0, 0x00, 0x1F, 
  0x00, 0x01, 0xF8, 0x00, 0xFF, 0x80, 0x07, 0xFC, 0x00, 0x3F, 0xC0, 0x01, 
  0xFC, 0x00, 0x06, 0x00, 0x00, 
};

const GFXglyph FreeSansBold20pt8bGlyphs[] PROGMEM = {
  { 0, 1, 1, 11, 0, -1 },
  { 1, 6, 28, 13, 4, -28 },
  { 22, 15, 11, 19, 2, -29 },
  { 43, 22, 28, 22, 0, -27 },
  { 120, 20, 35, 22, 1, -30 },
  { 208, 33, 29, 35, 1, -28 },
  { 328, 25, 29, 28, 2, -28 },
  { 419, 5, 11, 9, 2, -29 },
  { 426, 10, 37, 13, 2, -29 },
  { 473, 10, 37, 13, 1, -29 },
  { 520, 13, 13, 15, 1, -29 },
  { 542, 19, 19, 23, 2, -19 },
  { 588, 6, 13, 11, 2, -6 },
  { 598, 11, 5, 13, 1, -13 },
  { 605, 6, 6, 11, 2, -6 },
  { 610, 11, 29, 11, 0, -28 },
  { 650, 19, 29, 22, 1, -28 },
  { 719, 12, 28, 22, 3, -28 },
  { 761, 19, 28, 22, 1, -28 },
  { 828, 19, 29, 22, 1, -28 },
  { 897, 19, 28, 22, 1, -28 },
  { 964, 19, 29, 22, 1, -28 },
  { 1033, 19, 29, 22, 1, -28 },
  { 1102, 20, 28, 22, 1, -28 },
  { 1172, 20, 29, 22, 1, -28 },
  { 1245, 19, 29, 22, 1, -28 },
  { 1314, 6, 20, 13, 4, -20 },
  { 1329, 6, 27, 13, 4, -20 },
  { 1350, 19, 19, 23, 2, -19 },
  { 1396, 19, 14, 23, 2, -16 },
  { 1430, 19, 19, 23, 2, -19 },
  { 1476, 20, 29, 24, 2, -29 },
  { 1549, 36, 34, 38, 1, -29 },
  { 1702, 27, 29, 28, 1, -29 },
  { 1800, 23, 29, 28, 3, -29 },
  { 1884, 25, 30, 28, 2, -29 },
  { 1978, 24, 29, 28, 3, -29 },
  { 2065, 21, 29, 26, 3, -29 },
  { 2142, 20, 29, 24, 3, -29 },
  { 2215, 26, 30, 30, 2, -29 },
  { 2313, 23, 29, 28, 3, -29 },
  { 2397, 6, 29, 11, 2, -29 },
  { 2419, 18, 30, 22, 1, -29 },
  { 2487, 25, 29, 28, 3, -29 },
  { 2578, 20, 29, 24, 3, -29 },
  { 2651, 27, 29, 33, 3, -29 },
  { 2749, 23, 29, 28, 3, -29 },
  { 2833, 27, 30, 30, 2, -29 },
  { 2935, 22, 29, 26, 3, -29 },
  { 3015, 27, 31, 30, 2, -29 },
  { 3120, 24, 29, 28, 3, -29 },
  { 3207, 24, 30, 26, 1, -29 },
  { 3297, 22, 29, 24, 1, -29 },
  { 3377, 23, 30, 28, 3, -29 },
  { 3464, 24, 29, 26, 1, -29 },
  { 3551, 37, 29, 37, 0, -29 },
  { 3686, 25, 29, 26, 1, -29 },
  { 3777, 24, 29, 26, 1, -29 },
  { 3864, 22, 29, 24, 1, -29 },
  { 3944, 9, 37, 13, 3, -29 },
  { 3986, 11, 29, 11, 0, -28 },
  { 4026, 9, 37, 13, 1, -29 },
  { 4068, 18, 16, 23, 2, -27 },
  { 4104, 24, 3, 22, -1, 5 },
  { 4113, 7, 6, 13, 1, -30 },
  { 4119, 20, 23, 22, 1, -22 },
  { 4177, 21, 30, 24, 2, -29 },
  { 4256, 19, 23, 22, 1, -22 },
  { 4311, 20, 30, 24, 1, -29 },
  { 4386, 20, 23, 22, 1, -22 },
  { 4444, 11, 29, 13, 1, -29 },
  { 4484, 20, 31, 24, 1, -22 },
  { 4562, 18, 29, 24, 3, -29 },
  { 4628, 5, 29, 11, 3, -29 },
  { 4647, 8, 38, 11, 0, -29 },
  { 4685, 19, 29, 22, 2, -29 },
  { 4754, 5, 29, 11, 3, -29 },
  { 4773, 30, 22, 35, 2, -22 },
  { 4856, 19, 22, 24, 2, -22 },
  { 4909, 21, 23, 24, 1, -22 },
  { 4970, 20, 31, 24, 2, -22 },
  { 5048, 20, 31, 24, 1, -22 },
  { 5126, 12, 22, 15, 2, -22 },
  { 5159, 19, 23, 22, 1, -22 },
  { 5214, 11, 27, 13, 1, -26 },
  { 5252, 19, 22, 24, 2, -21 },
  { 5305, 20, 21, 22, 1, -21 },
  { 5358, 30, 21, 30, 0, -21 },
  { 5437, 20, 21, 22, 1, -21 },
  { 5490, 21, 30, 22, 0, -21 },
  { 5569, 17, 21, 20, 1, -21 },
  { 5614, 11, 37, 15, 1, -29 },
  { 5665, 3, 37, 11, 4, -29 },
  { 5679, 11, 37, 15, 3, -29 },
  { 5730, 18, 6, 23, 2, -12 },
  { 5744, 21, 29, 27, 3, -29 },
  { 5821, 21, 29, 27, 3, -29 },
  { 5898, 21, 29, 27, 3, -29 },
  { 5975, 21, 29, 27, 3, -29 },
  { 6052, 21, 29, 27, 3, -29 },
  { 6129, 21, 29, 27, 3, -29 },
  { 6206, 21, 29, 27, 3, -29 },
  { 6283, 21, 29, 27, 3, -29 },
  { 6360, 21, 29, 27, 3, -29 },
  { 6437, 21, 29, 27, 3, -29 },
  { 6514, 21, 29, 27, 3, -29 },
  { 6591, 21, 29, 27, 3, -29 },
  { 6668, 21, 29, 27, 3, -29 },
  { 6745, 21, 29, 27, 3, -29 },
  { 6822, 21, 29, 27, 3, -29 },
  { 6899, 21, 29, 27, 3, -29 },
  { 6976, 21, 29, 27, 3, -29 },
  { 7053, 21, 29, 27, 3, -29 },
  { 7130, 21, 29, 27, 3, -29 },
  { 7207, 21, 29, 27, 3, -29 },
  { 7284, 21, 29, 27, 3, -29 },
  { 7361, 21, 29, 27, 3, -29 },
  { 7438, 21, 29, 27, 3, -29 },
  { 7515, 21, 29, 27, 3, -29 },
  { 7592, 21, 29, 27, 3, -29 },
  { 7669, 21, 29, 27, 3, -29 },
  { 7746, 21, 29, 27, 3, -29 },
  { 7823, 21, 29, 27, 3, -29 },
  { 7900, 21, 29, 27, 3, -29 },
  { 7977, 21, 29, 27, 3, -29 },
  { 8054, 21, 29, 27, 3, -29 },
  { 8131, 21, 29, 27, 3, -29 },
  { 8208, 21, 29, 27, 3, -29 },
  { 8285, 1, 1, 11, 0, -1 },
  { 8286, 5, 28, 13, 3, -21 },
  { 8304, 19, 30, 22, 1, -25 },
  { 8376, 20, 29, 22, 1, -28 },
  { 8449, 20, 20, 22, 1, -24 },
  { 8499, 22, 28, 22, 0, -28 },
  { 8576, 3, 37, 11, 4, -29 },
  { 8590, 19, 36, 22, 1, -28 },
  { 8676, 12, 5, 13, 0, -29 },
  { 8684, 30, 30, 29, -1, -29 },
  { 8797, 12, 19, 15, 1, -29 },
  { 8826, 15, 16, 22, 3, -19 },
  { 8856, 19, 12, 23, 2, -15 },
  { 8885, 11, 5, 13, 1, -13 },
  { 8892, 30, 30, 29, -1, -29 },
  { 9005, 11, 3, 13, 1, -28 },
  { 9010, 12, 12, 24, 6, -27 },
  { 9028, 19, 25, 23, 2, -24 },
  { 9088, 12, 17, 14, 1, -28 },
  { 9114, 12, 17, 14, 1, -28 },
  { 9140, 7, 6, 13, 5, -30 },
  { 9146, 20, 30, 24, 2, -21 },
  { 9221, 20, 36, 22, 1, -29 },
  { 9311, 5, 4, 11, 2, -11 },
  { 9314, 11, 9, 13, 1, 0 },
  { 9327, 7, 17, 12, 2, -28 },
  { 9342, 12, 19, 14, 1, -29 },
  { 9371, 15, 16, 22, 3, -19 },
  { 9401, 31, 29, 34, 2, -28 },
  { 9514, 31, 29, 34, 2, -28 },
  { 9627, 32, 29, 34, 1, -28 },
  { 9743, 19, 29, 24, 2, -21 },
  { 9812, 27, 37, 28, 1, -37 },
  { 9937, 27, 37, 28, 1, -37 },
  { 10062, 27, 37, 28, 1, -37 },
  { 10187, 27, 36, 28, 1, -36 },
  { 10309, 27, 36, 28, 1, -36 },
  { 10431, 27, 37, 28, 1, -37 },
  { 10556, 38, 29, 39, 0, -29 },
  { 10694, 25, 38, 28, 2, -29 },
  { 10813, 21, 37, 26, 3, -37 },
  { 10911, 21, 37, 26, 3, -37 },
  { 11009, 21, 37, 26, 3, -37 },
  { 11107, 21, 36, 26, 3, -36 },
  { 11202, 8, 37, 11, 0, -37 },
  { 11239, 9, 37, 11, 2, -37 },
  { 11281, 13, 37, 11, -1, -37 },
  { 11342, 12, 36, 11, -1, -36 },
  { 11396, 27, 29, 28, 0, -29 },
  { 11494, 23, 36, 28, 3, -36 },
  { 11598, 27, 38, 30, 2, -37 },
  { 11727, 27, 38, 30, 2, -37 },
  { 11856, 27, 38, 30, 2, -37 },
  { 11985, 27, 37, 30, 2, -36 },
  { 12110, 27, 37, 30, 2, -36 },
  { 12235, 17, 16, 23, 3, -17 },
  { 12269, 29, 31, 30, 1, -29 },
  { 12382, 23, 38, 28, 3, -37 },
  { 12492, 23, 38, 28, 3, -37 },
  { 12602, 23, 38, 28, 3, -37 },
  { 12712, 23, 37, 28, 3, -36 },
  { 12819, 24, 37, 26, 1, -37 },
  { 12930, 22, 29, 26, 3, -29 },
  { 13010, 20, 30, 24, 3, -29 },
  { 13085, 20, 31, 22, 1, -30 },
  { 13163, 20, 31, 22, 1, -30 },
  { 13241, 20, 31, 22, 1, -30 },
  { 13319, 20, 30, 22, 1, -29 },
  { 13394, 20, 30, 22, 1, -29 },
  { 13469, 20, 31, 22, 1, -30 },
  { 13547, 33, 23, 35, 1, -22 },
  { 13642, 19, 31, 22, 1, -22 },
  { 13716, 20, 31, 22, 1, -30 },
  { 13794, 20, 31, 22, 1, -30 },
  { 13872, 20, 31, 22, 1, -30 },
  { 13950, 20, 30, 22, 1, -29 },
  { 14025, 8, 30, 11, 0, -30 },
  { 14055, 8, 30, 11, 3, -30 },
  { 14085, 13, 30, 11, -1, -30 },
  { 14134, 12, 29, 11, -1, -29 },
  { 14178, 21, 30, 24, 1, -29 },
  { 14257, 19, 29, 24, 2, -29 },
  { 14326, 21, 31, 24, 1, -30 },
  { 14408, 21, 31, 24, 1, -30 },
  { 14490, 21, 31, 24, 1, -30 },
  { 14572, 21, 30, 24, 1, -29 },
  { 14651, 21, 30, 24, 1, -29 },
  { 14730, 19, 19, 23, 2, -19 },
  { 14776, 23, 24, 24, 0, -22 },
  { 14845, 19, 31, 24, 2, -30 },
  { 14919, 19, 31, 24, 2, -30 },
  { 14993, 19, 31, 24, 2, -30 },
  { 15067, 19, 30, 24, 2, -29 },
  { 15139, 21, 39, 22, 0, -30 },
  { 15242, 20, 38, 24, 2, -29 },
  { 15337, 21, 38, 22, 0, -29 },
};

const GFXfont FreeSansBold20pt8b PROGMEM = {
  (uint8_t *)FreeSansBold20pt8bBitmaps,
  (GFXglyph *)FreeSansBold20pt8bGlyphs,
  0x20, 0xFF, 54
};

